kind,line,event,offset,value
preroll,-38,out1,0131,00
preroll,-38,out2,0134,20
preroll,-38,out3,0137,10
preroll,-38,out4,013A,30
preroll,-38,out5,013D,00
preroll,-38,out6,0140,20
preroll,-38,out7,0143,10
preroll,-38,out8,0146,30
preroll,-38,out9,0149,00
preroll,-38,out10,014C,20
preroll,-38,out11,014F,10
preroll,-38,out12,0152,30
preroll,-38,out13,0155,00
preroll,-38,out14,0158,20
preroll,-38,out15,015B,10
preroll,-38,out16,015E,30
preroll,-38,out17,0161,00
preroll,-37,out1,0165,00
preroll,-37,out2,0168,20
preroll,-37,out3,016B,10
preroll,-37,out4,016E,30
preroll,-37,out5,0171,00
preroll,-37,out6,0174,20
preroll,-37,out7,0177,10
preroll,-37,out8,017A,30
preroll,-37,out9,017D,00
preroll,-37,out10,0180,20
preroll,-37,out11,0183,10
preroll,-37,out12,0186,30
preroll,-37,out13,0189,00
preroll,-37,out14,018C,20
preroll,-37,out15,018F,10
preroll,-37,out16,0192,30
preroll,-37,out17,0195,00
preroll,-36,out1,0199,00
preroll,-36,out2,019C,20
preroll,-36,out3,019F,10
preroll,-36,out4,01A2,30
preroll,-36,out5,01A5,00
preroll,-36,out6,01A8,20
preroll,-36,out7,01AB,10
preroll,-36,out8,01AE,30
preroll,-36,out9,01B1,00
preroll,-36,out10,01B4,20
preroll,-36,out11,01B7,10
preroll,-36,out12,01BA,30
preroll,-36,out13,01BD,00
preroll,-36,out14,01C0,20
preroll,-36,out15,01C3,10
preroll,-36,out16,01C6,30
preroll,-36,out17,01C9,00
preroll,-35,out1,01CD,00
preroll,-35,out2,01D0,20
preroll,-35,out3,01D3,10
preroll,-35,out4,01D6,30
preroll,-35,out5,01D9,00
preroll,-35,out6,01DC,20
preroll,-35,out7,01DF,10
preroll,-35,out8,01E2,30
preroll,-35,out9,01E5,00
preroll,-35,out10,01E8,20
preroll,-35,out11,01EB,10
preroll,-35,out12,01EE,30
preroll,-35,out13,01F1,00
preroll,-35,out14,01F4,20
preroll,-35,out15,01F7,10
preroll,-35,out16,01FA,30
preroll,-35,out17,01FD,00
preroll,-34,out1,0201,00
preroll,-34,out2,0204,20
preroll,-34,out3,0207,10
preroll,-34,out4,020A,30
preroll,-34,out5,020D,00
preroll,-34,out6,0210,20
preroll,-34,out7,0213,10
preroll,-34,out8,0216,30
preroll,-34,out9,0219,00
preroll,-34,out10,021C,20
preroll,-34,out11,021F,10
preroll,-34,out12,0222,30
preroll,-34,out13,0225,00
preroll,-34,out14,0228,20
preroll,-34,out15,022B,10
preroll,-34,out16,022E,30
preroll,-34,out17,0231,00
preroll,-33,out1,0235,00
preroll,-33,out2,0238,20
preroll,-33,out3,023B,10
preroll,-33,out4,023E,30
preroll,-33,out5,0241,00
preroll,-33,out6,0244,20
preroll,-33,out7,0247,10
preroll,-33,out8,024A,30
preroll,-33,out9,024D,00
preroll,-33,out10,0250,20
preroll,-33,out11,0253,10
preroll,-33,out12,0256,30
preroll,-33,out13,0259,00
preroll,-33,out14,025C,20
preroll,-33,out15,025F,10
preroll,-33,out16,0262,30
preroll,-33,out17,0265,00
preroll,-32,out1,0269,00
preroll,-32,out2,026C,20
preroll,-32,out3,026F,10
preroll,-32,out4,0272,30
preroll,-32,out5,0275,00
preroll,-32,out6,0278,20
preroll,-32,out7,027B,10
preroll,-32,out8,027E,30
preroll,-32,out9,0281,00
preroll,-32,out10,0284,20
preroll,-32,out11,0287,10
preroll,-32,out12,028A,30
preroll,-32,out13,028D,00
preroll,-32,out14,0290,20
preroll,-32,out15,0293,10
preroll,-32,out16,0296,30
preroll,-32,out17,0299,00
preroll,-31,out1,029D,00
preroll,-31,out2,02A0,20
preroll,-31,out3,02A3,10
preroll,-31,out4,02A6,30
preroll,-31,out5,02A9,00
preroll,-31,out6,02AC,20
preroll,-31,out7,02AF,10
preroll,-31,out8,02B2,30
preroll,-31,out9,02B5,00
preroll,-31,out10,02B8,20
preroll,-31,out11,02BB,10
preroll,-31,out12,02BE,30
preroll,-31,out13,02C1,00
preroll,-31,out14,02C4,20
preroll,-31,out15,02C7,10
preroll,-31,out16,02CA,30
preroll,-31,out17,02CD,00
preroll,-30,out1,02D1,00
preroll,-30,out2,02D4,20
preroll,-30,out3,02D7,10
preroll,-30,out4,02DA,30
preroll,-30,out5,02DD,00
preroll,-30,out6,02E0,20
preroll,-30,out7,02E3,10
preroll,-30,out8,02E6,30
preroll,-30,out9,02E9,00
preroll,-30,out10,02EC,20
preroll,-30,out11,02EF,10
preroll,-30,out12,02F2,30
preroll,-30,out13,02F5,00
preroll,-30,out14,02F8,20
preroll,-30,out15,02FB,10
preroll,-30,out16,02FE,30
preroll,-30,out17,0301,00
preroll,-29,out1,0305,00
preroll,-29,out2,0308,20
preroll,-29,out3,030B,10
preroll,-29,out4,030E,30
preroll,-29,out5,0311,00
preroll,-29,out6,0314,20
preroll,-29,out7,0317,10
preroll,-29,out8,031A,30
preroll,-29,out9,031D,00
preroll,-29,out10,0320,20
preroll,-29,out11,0323,10
preroll,-29,out12,0326,30
preroll,-29,out13,0329,00
preroll,-29,out14,032C,20
preroll,-29,out15,032F,10
preroll,-29,out16,0332,30
preroll,-29,out17,0335,00
preroll,-28,out1,0339,00
preroll,-28,out2,033C,20
preroll,-28,out3,033F,10
preroll,-28,out4,0342,30
preroll,-28,out5,0345,00
preroll,-28,out6,0348,20
preroll,-28,out7,034B,10
preroll,-28,out8,034E,30
preroll,-28,out9,0351,00
preroll,-28,out10,0354,20
preroll,-28,out11,0357,10
preroll,-28,out12,035A,30
preroll,-28,out13,035D,00
preroll,-28,out14,0360,20
preroll,-28,out15,0363,10
preroll,-28,out16,0366,30
preroll,-28,out17,0369,00
preroll,-27,out1,036D,00
preroll,-27,out2,0370,20
preroll,-27,out3,0373,10
preroll,-27,out4,0376,30
preroll,-27,out5,0379,00
preroll,-27,out6,037C,20
preroll,-27,out7,037F,10
preroll,-27,out8,0382,30
preroll,-27,out9,0385,00
preroll,-27,out10,0388,20
preroll,-27,out11,038B,10
preroll,-27,out12,038E,30
preroll,-27,out13,0391,00
preroll,-27,out14,0394,20
preroll,-27,out15,0397,10
preroll,-27,out16,039A,30
preroll,-27,out17,039D,00
preroll,-26,out1,03A1,00
preroll,-26,out2,03A4,20
preroll,-26,out3,03A7,10
preroll,-26,out4,03AA,30
preroll,-26,out5,03AD,00
preroll,-26,out6,03B0,20
preroll,-26,out7,03B3,10
preroll,-26,out8,03B6,30
preroll,-26,out9,03B9,00
preroll,-26,out10,03BC,20
preroll,-26,out11,03BF,10
preroll,-26,out12,03C2,30
preroll,-26,out13,03C5,00
preroll,-26,out14,03C8,20
preroll,-26,out15,03CB,10
preroll,-26,out16,03CE,30
preroll,-26,out17,03D1,00
preroll,-25,out1,03D5,00
preroll,-25,out2,03D8,20
preroll,-25,out3,03DB,10
preroll,-25,out4,03DE,30
preroll,-25,out5,03E1,00
preroll,-25,out6,03E4,20
preroll,-25,out7,03E7,10
preroll,-25,out8,03EA,30
preroll,-25,out9,03ED,00
preroll,-25,out10,03F0,20
preroll,-25,out11,03F3,10
preroll,-25,out12,03F6,30
preroll,-25,out13,03F9,00
preroll,-25,out14,03FC,20
preroll,-25,out15,03FF,10
preroll,-25,out16,0402,30
preroll,-25,out17,0405,00
preroll,-24,out1,0409,00
preroll,-24,out2,040C,20
preroll,-24,out3,040F,10
preroll,-24,out4,0412,30
preroll,-24,out5,0415,00
preroll,-24,out6,0418,20
preroll,-24,out7,041B,10
preroll,-24,out8,041E,30
preroll,-24,out9,0421,00
preroll,-24,out10,0424,20
preroll,-24,out11,0427,10
preroll,-24,out12,042A,30
preroll,-24,out13,042D,00
preroll,-24,out14,0430,20
preroll,-24,out15,0433,10
preroll,-24,out16,0436,30
preroll,-24,out17,0439,00
preroll,-23,out1,043D,00
preroll,-23,out2,0440,20
preroll,-23,out3,0443,10
preroll,-23,out4,0446,30
preroll,-23,out5,0449,00
preroll,-23,out6,044C,20
preroll,-23,out7,044F,10
preroll,-23,out8,0452,30
preroll,-23,out9,0455,00
preroll,-23,out10,0458,20
preroll,-23,out11,045B,10
preroll,-23,out12,045E,30
preroll,-23,out13,0461,00
preroll,-23,out14,0464,20
preroll,-23,out15,0467,10
preroll,-23,out16,046A,30
preroll,-23,out17,046D,00
preroll,-22,out1,0471,00
preroll,-22,out2,0474,20
preroll,-22,out3,0477,10
preroll,-22,out4,047A,30
preroll,-22,out5,047D,00
preroll,-22,out6,0480,20
preroll,-22,out7,0483,10
preroll,-22,out8,0486,30
preroll,-22,out9,0489,00
preroll,-22,out10,048C,20
preroll,-22,out11,048F,10
preroll,-22,out12,0492,30
preroll,-22,out13,0495,00
preroll,-22,out14,0498,20
preroll,-22,out15,049B,10
preroll,-22,out16,049E,30
preroll,-22,out17,04A1,00
preroll,-21,out1,04A5,00
preroll,-21,out2,04A8,20
preroll,-21,out3,04AB,10
preroll,-21,out4,04AE,30
preroll,-21,out5,04B1,00
preroll,-21,out6,04B4,20
preroll,-21,out7,04B7,10
preroll,-21,out8,04BA,30
preroll,-21,out9,04BD,00
preroll,-21,out10,04C0,20
preroll,-21,out11,04C3,10
preroll,-21,out12,04C6,30
preroll,-21,out13,04C9,00
preroll,-21,out14,04CC,20
preroll,-21,out15,04CF,10
preroll,-21,out16,04D2,30
preroll,-21,out17,04D5,00
preroll,-20,out1,04D9,00
preroll,-20,out2,04DC,20
preroll,-20,out3,04DF,10
preroll,-20,out4,04E2,30
preroll,-20,out5,04E5,00
preroll,-20,out6,04E8,20
preroll,-20,out7,04EB,10
preroll,-20,out8,04EE,30
preroll,-20,out9,04F1,00
preroll,-20,out10,04F4,20
preroll,-20,out11,04F7,10
preroll,-20,out12,04FA,30
preroll,-20,out13,04FD,00
preroll,-20,out14,0500,20
preroll,-20,out15,0503,10
preroll,-20,out16,0506,30
preroll,-20,out17,0509,00
preroll,-19,out1,050D,00
preroll,-19,out2,0510,20
preroll,-19,out3,0513,10
preroll,-19,out4,0516,30
preroll,-19,out5,0519,00
preroll,-19,out6,051C,20
preroll,-19,out7,051F,10
preroll,-19,out8,0522,30
preroll,-19,out9,0525,00
preroll,-19,out10,0528,20
preroll,-19,out11,052B,10
preroll,-19,out12,052E,30
preroll,-19,out13,0531,00
preroll,-19,out14,0534,20
preroll,-19,out15,0537,10
preroll,-19,out16,053A,30
preroll,-19,out17,053D,00
preroll,-18,out1,0541,00
preroll,-18,out2,0544,20
preroll,-18,out3,0547,10
preroll,-18,out4,054A,30
preroll,-18,out5,054D,00
preroll,-18,out6,0550,20
preroll,-18,out7,0553,10
preroll,-18,out8,0556,30
preroll,-18,out9,0559,00
preroll,-18,out10,055C,20
preroll,-18,out11,055F,10
preroll,-18,out12,0562,30
preroll,-18,out13,0565,00
preroll,-18,out14,0568,20
preroll,-18,out15,056B,10
preroll,-18,out16,056E,30
preroll,-18,out17,0571,00
preroll,-17,out1,0575,00
preroll,-17,out2,0578,20
preroll,-17,out3,057B,10
preroll,-17,out4,057E,30
preroll,-17,out5,0581,00
preroll,-17,out6,0584,20
preroll,-17,out7,0587,10
preroll,-17,out8,058A,30
preroll,-17,out9,058D,00
preroll,-17,out10,0590,20
preroll,-17,out11,0593,10
preroll,-17,out12,0596,30
preroll,-17,out13,0599,00
preroll,-17,out14,059C,20
preroll,-17,out15,059F,10
preroll,-17,out16,05A2,30
preroll,-17,out17,05A5,00
preroll,-16,out1,05A9,00
preroll,-16,out2,05AC,20
preroll,-16,out3,05AF,10
preroll,-16,out4,05B2,30
preroll,-16,out5,05B5,00
preroll,-16,out6,05B8,20
preroll,-16,out7,05BB,10
preroll,-16,out8,05BE,30
preroll,-16,out9,05C1,00
preroll,-16,out10,05C4,20
preroll,-16,out11,05C7,10
preroll,-16,out12,05CA,30
preroll,-16,out13,05CD,00
preroll,-16,out14,05D0,20
preroll,-16,out15,05D3,10
preroll,-16,out16,05D6,30
preroll,-16,out17,05D9,00
preroll,-15,out1,05DD,00
preroll,-15,out2,05E0,20
preroll,-15,out3,05E3,10
preroll,-15,out4,05E6,30
preroll,-15,out5,05E9,00
preroll,-15,out6,05EC,20
preroll,-15,out7,05EF,10
preroll,-15,out8,05F2,30
preroll,-15,out9,05F5,00
preroll,-15,out10,05F8,20
preroll,-15,out11,05FB,10
preroll,-15,out12,05FE,30
preroll,-15,out13,0601,00
preroll,-15,out14,0604,20
preroll,-15,out15,0607,10
preroll,-15,out16,060A,30
preroll,-15,out17,060D,00
preroll,-14,out1,0611,00
preroll,-14,out2,0614,20
preroll,-14,out3,0617,10
preroll,-14,out4,061A,30
preroll,-14,out5,061D,00
preroll,-14,out6,0620,20
preroll,-14,out7,0623,10
preroll,-14,out8,0626,30
preroll,-14,out9,0629,00
preroll,-14,out10,062C,20
preroll,-14,out11,062F,10
preroll,-14,out12,0632,30
preroll,-14,out13,0635,00
preroll,-14,out14,0638,20
preroll,-14,out15,063B,10
preroll,-14,out16,063E,30
preroll,-14,out17,0641,00
preroll,-13,out1,0645,00
preroll,-13,out2,0648,20
preroll,-13,out3,064B,10
preroll,-13,out4,064E,30
preroll,-13,out5,0651,00
preroll,-13,out6,0654,20
preroll,-13,out7,0657,10
preroll,-13,out8,065A,30
preroll,-13,out9,065D,00
preroll,-13,out10,0660,20
preroll,-13,out11,0663,10
preroll,-13,out12,0666,30
preroll,-13,out13,0669,00
preroll,-13,out14,066C,20
preroll,-13,out15,066F,10
preroll,-13,out16,0672,30
preroll,-13,out17,0675,00
preroll,-12,out1,0679,00
preroll,-12,out2,067C,20
preroll,-12,out3,067F,10
preroll,-12,out4,0682,30
preroll,-12,out5,0685,00
preroll,-12,out6,0688,20
preroll,-12,out7,068B,10
preroll,-12,out8,068E,30
preroll,-12,out9,0691,00
preroll,-12,out10,0694,20
preroll,-12,out11,0697,10
preroll,-12,out12,069A,30
preroll,-12,out13,069D,00
preroll,-12,out14,06A0,20
preroll,-12,out15,06A3,10
preroll,-12,out16,06A6,30
preroll,-12,out17,06A9,00
preroll,-11,out1,06AD,00
preroll,-11,out2,06B0,20
preroll,-11,out3,06B3,10
preroll,-11,out4,06B6,30
preroll,-11,out5,06B9,00
preroll,-11,out6,06BC,20
preroll,-11,out7,06BF,10
preroll,-11,out8,06C2,30
preroll,-11,out9,06C5,00
preroll,-11,out10,06C8,20
preroll,-11,out11,06CB,10
preroll,-11,out12,06CE,30
preroll,-11,out13,06D1,00
preroll,-11,out14,06D4,20
preroll,-11,out15,06D7,10
preroll,-11,out16,06DA,30
preroll,-11,out17,06DD,00
preroll,-10,out1,06E1,00
preroll,-10,out2,06E4,20
preroll,-10,out3,06E7,10
preroll,-10,out4,06EA,30
preroll,-10,out5,06ED,00
preroll,-10,out6,06F0,20
preroll,-10,out7,06F3,10
preroll,-10,out8,06F6,30
preroll,-10,out9,06F9,00
preroll,-10,out10,06FC,20
preroll,-10,out11,06FF,10
preroll,-10,out12,0702,30
preroll,-10,out13,0705,00
preroll,-10,out14,0708,20
preroll,-10,out15,070B,10
preroll,-10,out16,070E,30
preroll,-10,out17,0711,00
preroll,-9,out1,0715,00
preroll,-9,out2,0718,20
preroll,-9,out3,071B,10
preroll,-9,out4,071E,30
preroll,-9,out5,0721,00
preroll,-9,out6,0724,20
preroll,-9,out7,0727,10
preroll,-9,out8,072A,30
preroll,-9,out9,072D,00
preroll,-9,out10,0730,20
preroll,-9,out11,0733,10
preroll,-9,out12,0736,30
preroll,-9,out13,0739,00
preroll,-9,out14,073C,20
preroll,-9,out15,073F,10
preroll,-9,out16,0742,30
preroll,-9,out17,0745,00
preroll,-8,out1,0749,00
preroll,-8,out2,074C,20
preroll,-8,out3,074F,10
preroll,-8,out4,0752,30
preroll,-8,out5,0755,00
preroll,-8,out6,0758,20
preroll,-8,out7,075B,10
preroll,-8,out8,075E,30
preroll,-8,out9,0761,00
preroll,-8,out10,0764,20
preroll,-8,out11,0767,10
preroll,-8,out12,076A,30
preroll,-8,out13,076D,00
preroll,-8,out14,0770,20
preroll,-8,out15,0773,10
preroll,-8,out16,0776,30
preroll,-8,out17,0779,00
preroll,-7,out1,077D,00
preroll,-7,out2,0780,20
preroll,-7,out3,0783,10
preroll,-7,out4,0786,30
preroll,-7,out5,0789,00
preroll,-7,out6,078C,20
preroll,-7,out7,078F,10
preroll,-7,out8,0792,30
preroll,-7,out9,0795,00
preroll,-7,out10,0798,20
preroll,-7,out11,079B,10
preroll,-7,out12,079E,30
preroll,-7,out13,07A1,00
preroll,-7,out14,07A4,20
preroll,-7,out15,07A7,10
preroll,-7,out16,07AA,30
preroll,-7,out17,07AD,00
preroll,-6,out1,07B1,00
preroll,-6,out2,07B4,20
preroll,-6,out3,07B7,10
preroll,-6,out4,07BA,30
preroll,-6,out5,07BD,00
preroll,-6,out6,07C0,20
preroll,-6,out7,07C3,10
preroll,-6,out8,07C6,30
preroll,-6,out9,07C9,00
preroll,-6,out10,07CC,20
preroll,-6,out11,07CF,10
preroll,-6,out12,07D2,30
preroll,-6,out13,07D5,00
preroll,-6,out14,07D8,20
preroll,-6,out15,07DB,10
preroll,-6,out16,07DE,30
preroll,-6,out17,07E1,00
preroll,-5,out1,07E5,00
preroll,-5,out2,07E8,20
preroll,-5,out3,07EB,10
preroll,-5,out4,07EE,30
preroll,-5,out5,07F1,00
preroll,-5,out6,07F4,20
preroll,-5,out7,07F7,10
preroll,-5,out8,07FA,30
preroll,-5,out9,07FD,00
preroll,-5,out10,0800,20
preroll,-5,out11,0803,10
preroll,-5,out12,0806,30
preroll,-5,out13,0809,00
preroll,-5,out14,080C,20
preroll,-5,out15,080F,10
preroll,-5,out16,0812,30
preroll,-5,out17,0815,00
preroll,-4,out1,0819,00
preroll,-4,out2,081C,20
preroll,-4,out3,081F,10
preroll,-4,out4,0822,30
preroll,-4,out5,0825,00
preroll,-4,out6,0828,20
preroll,-4,out7,082B,10
preroll,-4,out8,082E,30
preroll,-4,out9,0831,00
preroll,-4,out10,0834,20
preroll,-4,out11,0837,10
preroll,-4,out12,083A,30
preroll,-4,out13,083D,00
preroll,-4,out14,0840,20
preroll,-4,out15,0843,10
preroll,-4,out16,0846,30
preroll,-4,out17,0849,00
preroll,-3,out1,084D,00
preroll,-3,out2,0850,20
preroll,-3,out3,0853,10
preroll,-3,out4,0856,30
preroll,-3,out5,0859,00
preroll,-3,out6,085C,20
preroll,-3,out7,085F,10
preroll,-3,out8,0862,30
preroll,-3,out9,0865,00
preroll,-3,out10,0868,20
preroll,-3,out11,086B,10
preroll,-3,out12,086E,30
preroll,-3,out13,0871,00
preroll,-3,out14,0874,20
preroll,-3,out15,0877,10
preroll,-3,out16,087A,30
preroll,-3,out17,087D,00
preroll,-2,out1,0881,00
preroll,-2,out2,0884,20
preroll,-2,out3,0887,10
preroll,-2,out4,088A,30
preroll,-2,out5,088D,00
preroll,-2,out6,0890,20
preroll,-2,out7,0893,10
preroll,-2,out8,0896,30
preroll,-2,out9,0899,00
preroll,-2,out10,089C,20
preroll,-2,out11,089F,10
preroll,-2,out12,08A2,30
preroll,-2,out13,08A5,00
preroll,-2,out14,08A8,20
preroll,-2,out15,08AB,10
preroll,-2,out16,08AE,30
preroll,-2,out17,08B1,00
preroll,-1,out1,08B5,00
preroll,-1,out2,08B8,20
preroll,-1,out3,08BB,10
preroll,-1,out4,08BE,30
preroll,-1,out5,08C1,00
preroll,-1,out6,08C4,20
preroll,-1,out7,08C7,10
preroll,-1,out8,08CA,30
preroll,-1,out9,08CD,00
preroll,-1,out10,08D0,20
preroll,-1,out11,08D3,10
preroll,-1,out12,08D6,30
preroll,-1,out13,08D9,00
preroll,-1,out14,08DC,20
preroll,-1,out15,08DF,10
preroll,-1,out16,08E2,30
preroll,-1,out17,08E5,00
visible,0,out1,08E9,00
visible,0,out2,08EC,20
visible,0,out3,08EF,10
visible,0,out4,08F2,30
visible,0,out5,08F5,00
visible,0,out6,08F8,20
visible,0,out7,08FB,10
visible,0,out8,08FE,30
visible,0,out9,0901,00
visible,0,out10,0904,20
visible,0,out11,0907,10
visible,0,out12,090A,30
visible,0,out13,090D,00
visible,0,out14,0910,20
visible,0,out15,0913,10
visible,0,out16,0916,30
visible,0,out17,0919,00
visible,1,out1,091D,00
visible,1,out2,0920,20
visible,1,out3,0923,10
visible,1,out4,0926,30
visible,1,out5,0929,00
visible,1,out6,092C,20
visible,1,out7,092F,10
visible,1,out8,0932,30
visible,1,out9,0935,00
visible,1,out10,0938,20
visible,1,out11,093B,10
visible,1,out12,093E,30
visible,1,out13,0941,00
visible,1,out14,0944,20
visible,1,out15,0947,10
visible,1,out16,094A,30
visible,1,out17,094D,00
visible,2,out1,0951,00
visible,2,out2,0954,20
visible,2,out3,0957,10
visible,2,out4,095A,30
visible,2,out5,095D,00
visible,2,out6,0960,20
visible,2,out7,0963,10
visible,2,out8,0966,30
visible,2,out9,0969,00
visible,2,out10,096C,20
visible,2,out11,096F,10
visible,2,out12,0972,30
visible,2,out13,0975,00
visible,2,out14,0978,20
visible,2,out15,097B,10
visible,2,out16,097E,30
visible,2,out17,0981,00
visible,3,out1,0985,00
visible,3,out2,0988,20
visible,3,out3,098B,10
visible,3,out4,098E,30
visible,3,out5,0991,00
visible,3,out6,0994,20
visible,3,out7,0997,10
visible,3,out8,099A,30
visible,3,out9,099D,00
visible,3,out10,09A0,20
visible,3,out11,09A3,10
visible,3,out12,09A6,30
visible,3,out13,09A9,00
visible,3,out14,09AC,20
visible,3,out15,09AF,10
visible,3,out16,09B2,30
visible,3,out17,09B5,00
visible,4,out1,09B9,00
visible,4,out2,09BC,20
visible,4,out3,09BF,10
visible,4,out4,09C2,30
visible,4,out5,09C5,00
visible,4,out6,09C8,20
visible,4,out7,09CB,10
visible,4,out8,09CE,30
visible,4,out9,09D1,00
visible,4,out10,09D4,20
visible,4,out11,09D7,10
visible,4,out12,09DA,30
visible,4,out13,09DD,00
visible,4,out14,09E0,20
visible,4,out15,09E3,10
visible,4,out16,09E6,30
visible,4,out17,09E9,00
visible,5,out1,09ED,00
visible,5,out2,09F0,20
visible,5,out3,09F3,10
visible,5,out4,09F6,30
visible,5,out5,09F9,00
visible,5,out6,09FC,20
visible,5,out7,09FF,10
visible,5,out8,0A02,30
visible,5,out9,0A05,00
visible,5,out10,0A08,20
visible,5,out11,0A0B,10
visible,5,out12,0A0E,30
visible,5,out13,0A11,00
visible,5,out14,0A14,20
visible,5,out15,0A17,10
visible,5,out16,0A1A,30
visible,5,out17,0A1D,00
visible,6,out1,0A21,00
visible,6,out2,0A24,20
visible,6,out3,0A27,10
visible,6,out4,0A2A,30
visible,6,out5,0A2D,00
visible,6,out6,0A30,20
visible,6,out7,0A33,10
visible,6,out8,0A36,30
visible,6,out9,0A39,00
visible,6,out10,0A3C,20
visible,6,out11,0A3F,10
visible,6,out12,0A42,30
visible,6,out13,0A45,00
visible,6,out14,0A48,20
visible,6,out15,0A4B,10
visible,6,out16,0A4E,30
visible,6,out17,0A51,00
visible,7,out1,0A55,00
visible,7,out2,0A58,20
visible,7,out3,0A5B,10
visible,7,out4,0A5E,30
visible,7,out5,0A61,00
visible,7,out6,0A64,20
visible,7,out7,0A67,10
visible,7,out8,0A6A,30
visible,7,out9,0A6D,00
visible,7,out10,0A70,20
visible,7,out11,0A73,10
visible,7,out12,0A76,30
visible,7,out13,0A79,00
visible,7,out14,0A7C,20
visible,7,out15,0A7F,10
visible,7,out16,0A82,30
visible,7,out17,0A85,00
visible,8,out1,0A89,00
visible,8,out2,0A8C,20
visible,8,out3,0A8F,10
visible,8,out4,0A92,30
visible,8,out5,0A95,00
visible,8,out6,0A98,20
visible,8,out7,0A9B,10
visible,8,out8,0A9E,30
visible,8,out9,0AA1,00
visible,8,out10,0AA4,20
visible,8,out11,0AA7,10
visible,8,out12,0AAA,30
visible,8,out13,0AAD,00
visible,8,out14,0AB0,20
visible,8,out15,0AB3,10
visible,8,out16,0AB6,30
visible,8,out17,0AB9,00
visible,9,out1,0ABD,00
visible,9,out2,0AC0,20
visible,9,out3,0AC3,10
visible,9,out4,0AC6,30
visible,9,out5,0AC9,00
visible,9,out6,0ACC,20
visible,9,out7,0ACF,10
visible,9,out8,0AD2,30
visible,9,out9,0AD5,00
visible,9,out10,0AD8,20
visible,9,out11,0ADB,10
visible,9,out12,0ADE,30
visible,9,out13,0AE1,00
visible,9,out14,0AE4,20
visible,9,out15,0AE7,10
visible,9,out16,0AEA,30
visible,9,out17,0AED,00
visible,10,out1,0AF1,00
visible,10,out2,0AF4,20
visible,10,out3,0AF7,10
visible,10,out4,0AFA,30
visible,10,out5,0AFD,00
visible,10,out6,0B00,20
visible,10,out7,0B03,10
visible,10,out8,0B06,30
visible,10,out9,0B09,00
visible,10,out10,0B0C,20
visible,10,out11,0B0F,10
visible,10,out12,0B12,30
visible,10,out13,0B15,00
visible,10,out14,0B18,20
visible,10,out15,0B1B,10
visible,10,out16,0B1E,30
visible,10,out17,0B21,00
visible,11,out1,0B25,00
visible,11,out2,0B28,20
visible,11,out3,0B2B,10
visible,11,out4,0B2E,30
visible,11,out5,0B31,00
visible,11,out6,0B34,20
visible,11,out7,0B37,10
visible,11,out8,0B3A,30
visible,11,out9,0B3D,00
visible,11,out10,0B40,20
visible,11,out11,0B43,10
visible,11,out12,0B46,30
visible,11,out13,0B49,00
visible,11,out14,0B4C,20
visible,11,out15,0B4F,10
visible,11,out16,0B52,30
visible,11,out17,0B55,00
visible,12,out1,0B59,00
visible,12,out2,0B5C,20
visible,12,out3,0B5F,10
visible,12,out4,0B62,30
visible,12,out5,0B65,00
visible,12,out6,0B68,20
visible,12,out7,0B6B,10
visible,12,out8,0B6E,30
visible,12,out9,0B71,00
visible,12,out10,0B74,20
visible,12,out11,0B77,10
visible,12,out12,0B7A,30
visible,12,out13,0B7D,00
visible,12,out14,0B80,20
visible,12,out15,0B83,10
visible,12,out16,0B86,30
visible,12,out17,0B89,00
visible,13,out1,0B8D,00
visible,13,out2,0B90,20
visible,13,out3,0B93,10
visible,13,out4,0B96,30
visible,13,out5,0B99,00
visible,13,out6,0B9C,20
visible,13,out7,0B9F,10
visible,13,out8,0BA2,30
visible,13,out9,0BA5,00
visible,13,out10,0BA8,20
visible,13,out11,0BAB,10
visible,13,out12,0BAE,30
visible,13,out13,0BB1,00
visible,13,out14,0BB4,20
visible,13,out15,0BB7,10
visible,13,out16,0BBA,30
visible,13,out17,0BBD,00
visible,14,out1,0BC1,00
visible,14,out2,0BC4,20
visible,14,out3,0BC7,10
visible,14,out4,0BCA,30
visible,14,out5,0BCD,00
visible,14,out6,0BD0,20
visible,14,out7,0BD3,10
visible,14,out8,0BD6,30
visible,14,out9,0BD9,00
visible,14,out10,0BDC,20
visible,14,out11,0BDF,10
visible,14,out12,0BE2,30
visible,14,out13,0BE5,00
visible,14,out14,0BE8,20
visible,14,out15,0BEB,10
visible,14,out16,0BEE,30
visible,14,out17,0BF1,00
visible,15,out1,0BF5,00
visible,15,out2,0BF8,20
visible,15,out3,0BFB,10
visible,15,out4,0BFE,30
visible,15,out5,0C01,00
visible,15,out6,0C04,20
visible,15,out7,0C07,10
visible,15,out8,0C0A,30
visible,15,out9,0C0D,00
visible,15,out10,0C10,20
visible,15,out11,0C13,10
visible,15,out12,0C16,30
visible,15,out13,0C19,00
visible,15,out14,0C1C,20
visible,15,out15,0C1F,10
visible,15,out16,0C22,30
visible,15,out17,0C25,00
visible,16,out1,0C29,00
visible,16,out2,0C2C,20
visible,16,out3,0C2F,10
visible,16,out4,0C32,30
visible,16,out5,0C35,00
visible,16,out6,0C38,20
visible,16,out7,0C3B,10
visible,16,out8,0C3E,30
visible,16,out9,0C41,00
visible,16,out10,0C44,20
visible,16,out11,0C47,10
visible,16,out12,0C4A,30
visible,16,out13,0C4D,00
visible,16,out14,0C50,20
visible,16,out15,0C53,10
visible,16,out16,0C56,30
visible,16,out17,0C59,00
visible,17,out1,0C5D,00
visible,17,out2,0C60,20
visible,17,out3,0C63,10
visible,17,out4,0C66,30
visible,17,out5,0C69,00
visible,17,out6,0C6C,20
visible,17,out7,0C6F,10
visible,17,out8,0C72,30
visible,17,out9,0C75,00
visible,17,out10,0C78,20
visible,17,out11,0C7B,10
visible,17,out12,0C7E,30
visible,17,out13,0C81,00
visible,17,out14,0C84,20
visible,17,out15,0C87,10
visible,17,out16,0C8A,30
visible,17,out17,0C8D,00
visible,18,out1,0C91,00
visible,18,out2,0C94,20
visible,18,out3,0C97,10
visible,18,out4,0C9A,30
visible,18,out5,0C9D,00
visible,18,out6,0CA0,20
visible,18,out7,0CA3,10
visible,18,out8,0CA6,30
visible,18,out9,0CA9,00
visible,18,out10,0CAC,20
visible,18,out11,0CAF,10
visible,18,out12,0CB2,30
visible,18,out13,0CB5,00
visible,18,out14,0CB8,20
visible,18,out15,0CBB,10
visible,18,out16,0CBE,30
visible,18,out17,0CC1,00
visible,19,out1,0CC5,00
visible,19,out2,0CC8,20
visible,19,out3,0CCB,10
visible,19,out4,0CCE,30
visible,19,out5,0CD1,00
visible,19,out6,0CD4,20
visible,19,out7,0CD7,10
visible,19,out8,0CDA,30
visible,19,out9,0CDD,00
visible,19,out10,0CE0,20
visible,19,out11,0CE3,10
visible,19,out12,0CE6,30
visible,19,out13,0CE9,00
visible,19,out14,0CEC,20
visible,19,out15,0CEF,10
visible,19,out16,0CF2,30
visible,19,out17,0CF5,00
visible,20,out1,0CF9,00
visible,20,out2,0CFC,20
visible,20,out3,0CFF,10
visible,20,out4,0D02,30
visible,20,out5,0D05,00
visible,20,out6,0D08,20
visible,20,out7,0D0B,10
visible,20,out8,0D0E,30
visible,20,out9,0D11,00
visible,20,out10,0D14,20
visible,20,out11,0D17,10
visible,20,out12,0D1A,30
visible,20,out13,0D1D,00
visible,20,out14,0D20,20
visible,20,out15,0D23,10
visible,20,out16,0D26,30
visible,20,out17,0D29,00
visible,21,out1,0D2D,00
visible,21,out2,0D30,20
visible,21,out3,0D33,10
visible,21,out4,0D36,30
visible,21,out5,0D39,00
visible,21,out6,0D3C,20
visible,21,out7,0D3F,10
visible,21,out8,0D42,30
visible,21,out9,0D45,00
visible,21,out10,0D48,20
visible,21,out11,0D4B,10
visible,21,out12,0D4E,30
visible,21,out13,0D51,00
visible,21,out14,0D54,20
visible,21,out15,0D57,10
visible,21,out16,0D5A,30
visible,21,out17,0D5D,00
visible,22,out1,0D61,00
visible,22,out2,0D64,20
visible,22,out3,0D67,10
visible,22,out4,0D6A,30
visible,22,out5,0D6D,00
visible,22,out6,0D70,20
visible,22,out7,0D73,10
visible,22,out8,0D76,30
visible,22,out9,0D79,00
visible,22,out10,0D7C,20
visible,22,out11,0D7F,10
visible,22,out12,0D82,30
visible,22,out13,0D85,00
visible,22,out14,0D88,20
visible,22,out15,0D8B,10
visible,22,out16,0D8E,30
visible,22,out17,0D91,00
visible,23,out1,0D95,00
visible,23,out2,0D98,20
visible,23,out3,0D9B,10
visible,23,out4,0D9E,30
visible,23,out5,0DA1,00
visible,23,out6,0DA4,20
visible,23,out7,0DA7,10
visible,23,out8,0DAA,30
visible,23,out9,0DAD,00
visible,23,out10,0DB0,20
visible,23,out11,0DB3,10
visible,23,out12,0DB6,30
visible,23,out13,0DB9,00
visible,23,out14,0DBC,20
visible,23,out15,0DBF,10
visible,23,out16,0DC2,30
visible,23,out17,0DC5,00
visible,24,out1,0DC9,00
visible,24,out2,0DCC,20
visible,24,out3,0DCF,10
visible,24,out4,0DD2,30
visible,24,out5,0DD5,00
visible,24,out6,0DD8,20
visible,24,out7,0DDB,10
visible,24,out8,0DDE,30
visible,24,out9,0DE1,00
visible,24,out10,0DE4,20
visible,24,out11,0DE7,10
visible,24,out12,0DEA,30
visible,24,out13,0DED,00
visible,24,out14,0DF0,20
visible,24,out15,0DF3,10
visible,24,out16,0DF6,30
visible,24,out17,0DF9,00
visible,25,out1,0DFD,00
visible,25,out2,0E00,20
visible,25,out3,0E03,10
visible,25,out4,0E06,30
visible,25,out5,0E09,00
visible,25,out6,0E0C,20
visible,25,out7,0E0F,10
visible,25,out8,0E12,30
visible,25,out9,0E15,00
visible,25,out10,0E18,20
visible,25,out11,0E1B,10
visible,25,out12,0E1E,30
visible,25,out13,0E21,00
visible,25,out14,0E24,20
visible,25,out15,0E27,10
visible,25,out16,0E2A,30
visible,25,out17,0E2D,00
visible,26,out1,0E31,00
visible,26,out2,0E34,20
visible,26,out3,0E37,10
visible,26,out4,0E3A,30
visible,26,out5,0E3D,00
visible,26,out6,0E40,20
visible,26,out7,0E43,10
visible,26,out8,0E46,30
visible,26,out9,0E49,00
visible,26,out10,0E4C,20
visible,26,out11,0E4F,10
visible,26,out12,0E52,30
visible,26,out13,0E55,00
visible,26,out14,0E58,20
visible,26,out15,0E5B,10
visible,26,out16,0E5E,30
visible,26,out17,0E61,00
visible,27,out1,0E65,00
visible,27,out2,0E68,20
visible,27,out3,0E6B,10
visible,27,out4,0E6E,30
visible,27,out5,0E71,00
visible,27,out6,0E74,20
visible,27,out7,0E77,10
visible,27,out8,0E7A,30
visible,27,out9,0E7D,00
visible,27,out10,0E80,20
visible,27,out11,0E83,10
visible,27,out12,0E86,30
visible,27,out13,0E89,00
visible,27,out14,0E8C,20
visible,27,out15,0E8F,10
visible,27,out16,0E92,30
visible,27,out17,0E95,00
visible,28,out1,0E99,00
visible,28,out2,0E9C,20
visible,28,out3,0E9F,10
visible,28,out4,0EA2,30
visible,28,out5,0EA5,00
visible,28,out6,0EA8,20
visible,28,out7,0EAB,10
visible,28,out8,0EAE,30
visible,28,out9,0EB1,00
visible,28,out10,0EB4,20
visible,28,out11,0EB7,10
visible,28,out12,0EBA,30
visible,28,out13,0EBD,00
visible,28,out14,0EC0,20
visible,28,out15,0EC3,10
visible,28,out16,0EC6,30
visible,28,out17,0EC9,00
visible,29,out1,0ECD,00
visible,29,out2,0ED0,20
visible,29,out3,0ED3,10
visible,29,out4,0ED6,30
visible,29,out5,0ED9,00
visible,29,out6,0EDC,20
visible,29,out7,0EDF,10
visible,29,out8,0EE2,30
visible,29,out9,0EE5,00
visible,29,out10,0EE8,20
visible,29,out11,0EEB,10
visible,29,out12,0EEE,30
visible,29,out13,0EF1,00
visible,29,out14,0EF4,20
visible,29,out15,0EF7,10
visible,29,out16,0EFA,30
visible,29,out17,0EFD,00
visible,30,out1,0F01,00
visible,30,out2,0F04,20
visible,30,out3,0F07,10
visible,30,out4,0F0A,30
visible,30,out5,0F0D,00
visible,30,out6,0F10,20
visible,30,out7,0F13,10
visible,30,out8,0F16,30
visible,30,out9,0F19,00
visible,30,out10,0F1C,20
visible,30,out11,0F1F,10
visible,30,out12,0F22,30
visible,30,out13,0F25,00
visible,30,out14,0F28,20
visible,30,out15,0F2B,10
visible,30,out16,0F2E,30
visible,30,out17,0F31,00
visible,31,out1,0F35,00
visible,31,out2,0F38,20
visible,31,out3,0F3B,10
visible,31,out4,0F3E,30
visible,31,out5,0F41,00
visible,31,out6,0F44,20
visible,31,out7,0F47,10
visible,31,out8,0F4A,30
visible,31,out9,0F4D,00
visible,31,out10,0F50,20
visible,31,out11,0F53,10
visible,31,out12,0F56,30
visible,31,out13,0F59,00
visible,31,out14,0F5C,20
visible,31,out15,0F5F,10
visible,31,out16,0F62,30
visible,31,out17,0F65,00
visible,32,out1,0F69,00
visible,32,out2,0F6C,20
visible,32,out3,0F6F,10
visible,32,out4,0F72,30
visible,32,out5,0F75,00
visible,32,out6,0F78,20
visible,32,out7,0F7B,10
visible,32,out8,0F7E,30
visible,32,out9,0F81,00
visible,32,out10,0F84,20
visible,32,out11,0F87,10
visible,32,out12,0F8A,30
visible,32,out13,0F8D,00
visible,32,out14,0F90,20
visible,32,out15,0F93,10
visible,32,out16,0F96,30
visible,32,out17,0F99,00
visible,33,out1,0F9D,00
visible,33,out2,0FA0,20
visible,33,out3,0FA3,10
visible,33,out4,0FA6,30
visible,33,out5,0FA9,00
visible,33,out6,0FAC,20
visible,33,out7,0FAF,10
visible,33,out8,0FB2,30
visible,33,out9,0FB5,00
visible,33,out10,0FB8,20
visible,33,out11,0FBB,10
visible,33,out12,0FBE,30
visible,33,out13,0FC1,00
visible,33,out14,0FC4,20
visible,33,out15,0FC7,10
visible,33,out16,0FCA,30
visible,33,out17,0FCD,00
visible,34,out1,0FD1,00
visible,34,out2,0FD4,20
visible,34,out3,0FD7,10
visible,34,out4,0FDA,30
visible,34,out5,0FDD,00
visible,34,out6,0FE0,20
visible,34,out7,0FE3,10
visible,34,out8,0FE6,30
visible,34,out9,0FE9,00
visible,34,out10,0FEC,20
visible,34,out11,0FEF,10
visible,34,out12,0FF2,30
visible,34,out13,0FF5,00
visible,34,out14,0FF8,20
visible,34,out15,0FFB,10
visible,34,out16,0FFE,30
visible,34,out17,1001,00
visible,35,out1,1005,00
visible,35,out2,1008,20
visible,35,out3,100B,10
visible,35,out4,100E,30
visible,35,out5,1011,00
visible,35,out6,1014,20
visible,35,out7,1017,10
visible,35,out8,101A,30
visible,35,out9,101D,00
visible,35,out10,1020,20
visible,35,out11,1023,10
visible,35,out12,1026,30
visible,35,out13,1029,00
visible,35,out14,102C,20
visible,35,out15,102F,10
visible,35,out16,1032,30
visible,35,out17,1035,00
visible,36,out1,1039,00
visible,36,out2,103C,20
visible,36,out3,103F,10
visible,36,out4,1042,30
visible,36,out5,1045,00
visible,36,out6,1048,20
visible,36,out7,104B,10
visible,36,out8,104E,30
visible,36,out9,1051,00
visible,36,out10,1054,20
visible,36,out11,1057,10
visible,36,out12,105A,30
visible,36,out13,105D,00
visible,36,out14,1060,20
visible,36,out15,1063,10
visible,36,out16,1066,30
visible,36,out17,1069,00
visible,37,out1,106D,00
visible,37,out2,1070,20
visible,37,out3,1073,10
visible,37,out4,1076,30
visible,37,out5,1079,00
visible,37,out6,107C,20
visible,37,out7,107F,10
visible,37,out8,1082,30
visible,37,out9,1085,00
visible,37,out10,1088,20
visible,37,out11,108B,10
visible,37,out12,108E,30
visible,37,out13,1091,00
visible,37,out14,1094,20
visible,37,out15,1097,10
visible,37,out16,109A,30
visible,37,out17,109D,00
visible,38,out1,10A1,00
visible,38,out2,10A4,20
visible,38,out3,10A7,10
visible,38,out4,10AA,30
visible,38,out5,10AD,00
visible,38,out6,10B0,20
visible,38,out7,10B3,10
visible,38,out8,10B6,30
visible,38,out9,10B9,00
visible,38,out10,10BC,20
visible,38,out11,10BF,10
visible,38,out12,10C2,30
visible,38,out13,10C5,00
visible,38,out14,10C8,20
visible,38,out15,10CB,10
visible,38,out16,10CE,30
visible,38,out17,10D1,00
visible,39,out1,10D5,00
visible,39,out2,10D8,20
visible,39,out3,10DB,10
visible,39,out4,10DE,30
visible,39,out5,10E1,00
visible,39,out6,10E4,20
visible,39,out7,10E7,10
visible,39,out8,10EA,30
visible,39,out9,10ED,00
visible,39,out10,10F0,20
visible,39,out11,10F3,10
visible,39,out12,10F6,30
visible,39,out13,10F9,00
visible,39,out14,10FC,20
visible,39,out15,10FF,10
visible,39,out16,1102,30
visible,39,out17,1105,00
visible,40,out1,1109,00
visible,40,out2,110C,20
visible,40,out3,110F,10
visible,40,out4,1112,30
visible,40,out5,1115,00
visible,40,out6,1118,20
visible,40,out7,111B,10
visible,40,out8,111E,30
visible,40,out9,1121,00
visible,40,out10,1124,20
visible,40,out11,1127,10
visible,40,out12,112A,30
visible,40,out13,112D,00
visible,40,out14,1130,20
visible,40,out15,1133,10
visible,40,out16,1136,30
visible,40,out17,1139,00
visible,41,out1,113D,00
visible,41,out2,1140,20
visible,41,out3,1143,10
visible,41,out4,1146,30
visible,41,out5,1149,00
visible,41,out6,114C,20
visible,41,out7,114F,10
visible,41,out8,1152,30
visible,41,out9,1155,00
visible,41,out10,1158,20
visible,41,out11,115B,10
visible,41,out12,115E,30
visible,41,out13,1161,00
visible,41,out14,1164,20
visible,41,out15,1167,10
visible,41,out16,116A,30
visible,41,out17,116D,00
visible,42,out1,1171,00
visible,42,out2,1174,20
visible,42,out3,1177,10
visible,42,out4,117A,30
visible,42,out5,117D,00
visible,42,out6,1180,20
visible,42,out7,1183,10
visible,42,out8,1186,30
visible,42,out9,1189,00
visible,42,out10,118C,20
visible,42,out11,118F,10
visible,42,out12,1192,30
visible,42,out13,1195,00
visible,42,out14,1198,20
visible,42,out15,119B,10
visible,42,out16,119E,30
visible,42,out17,11A1,00
visible,43,out1,11A5,00
visible,43,out2,11A8,20
visible,43,out3,11AB,10
visible,43,out4,11AE,30
visible,43,out5,11B1,00
visible,43,out6,11B4,20
visible,43,out7,11B7,10
visible,43,out8,11BA,30
visible,43,out9,11BD,00
visible,43,out10,11C0,20
visible,43,out11,11C3,10
visible,43,out12,11C6,30
visible,43,out13,11C9,00
visible,43,out14,11CC,20
visible,43,out15,11CF,10
visible,43,out16,11D2,30
visible,43,out17,11D5,00
visible,44,out1,11D9,00
visible,44,out2,11DC,20
visible,44,out3,11DF,10
visible,44,out4,11E2,30
visible,44,out5,11E5,00
visible,44,out6,11E8,20
visible,44,out7,11EB,10
visible,44,out8,11EE,30
visible,44,out9,11F1,00
visible,44,out10,11F4,20
visible,44,out11,11F7,10
visible,44,out12,11FA,30
visible,44,out13,11FD,00
visible,44,out14,1200,20
visible,44,out15,1203,10
visible,44,out16,1206,30
visible,44,out17,1209,00
visible,45,out1,120D,00
visible,45,out2,1210,20
visible,45,out3,1213,10
visible,45,out4,1216,30
visible,45,out5,1219,00
visible,45,out6,121C,20
visible,45,out7,121F,10
visible,45,out8,1222,30
visible,45,out9,1225,00
visible,45,out10,1228,20
visible,45,out11,122B,10
visible,45,out12,122E,30
visible,45,out13,1231,00
visible,45,out14,1234,20
visible,45,out15,1237,10
visible,45,out16,123A,30
visible,45,out17,123D,00
visible,46,out1,1241,00
visible,46,out2,1244,20
visible,46,out3,1247,10
visible,46,out4,124A,30
visible,46,out5,124D,00
visible,46,out6,1250,20
visible,46,out7,1253,10
visible,46,out8,1256,30
visible,46,out9,1259,00
visible,46,out10,125C,20
visible,46,out11,125F,10
visible,46,out12,1262,30
visible,46,out13,1265,00
visible,46,out14,1268,20
visible,46,out15,126B,10
visible,46,out16,126E,30
visible,46,out17,1271,00
visible,47,out1,1275,00
visible,47,out2,1278,20
visible,47,out3,127B,10
visible,47,out4,127E,30
visible,47,out5,1281,00
visible,47,out6,1284,20
visible,47,out7,1287,10
visible,47,out8,128A,30
visible,47,out9,128D,00
visible,47,out10,1290,20
visible,47,out11,1293,10
visible,47,out12,1296,30
visible,47,out13,1299,00
visible,47,out14,129C,20
visible,47,out15,129F,10
visible,47,out16,12A2,30
visible,47,out17,12A5,00
visible,48,out1,12A9,00
visible,48,out2,12AC,20
visible,48,out3,12AF,10
visible,48,out4,12B2,30
visible,48,out5,12B5,00
visible,48,out6,12B8,20
visible,48,out7,12BB,10
visible,48,out8,12BE,30
visible,48,out9,12C1,00
visible,48,out10,12C4,20
visible,48,out11,12C7,10
visible,48,out12,12CA,30
visible,48,out13,12CD,00
visible,48,out14,12D0,20
visible,48,out15,12D3,10
visible,48,out16,12D6,30
visible,48,out17,12D9,00
visible,49,out1,12DD,00
visible,49,out2,12E0,20
visible,49,out3,12E3,10
visible,49,out4,12E6,30
visible,49,out5,12E9,00
visible,49,out6,12EC,20
visible,49,out7,12EF,10
visible,49,out8,12F2,30
visible,49,out9,12F5,00
visible,49,out10,12F8,20
visible,49,out11,12FB,10
visible,49,out12,12FE,30
visible,49,out13,1301,00
visible,49,out14,1304,20
visible,49,out15,1307,10
visible,49,out16,130A,30
visible,49,out17,130D,00
visible,50,out1,1311,00
visible,50,out2,1314,20
visible,50,out3,1317,10
visible,50,out4,131A,30
visible,50,out5,131D,00
visible,50,out6,1320,20
visible,50,out7,1323,10
visible,50,out8,1326,30
visible,50,out9,1329,00
visible,50,out10,132C,20
visible,50,out11,132F,10
visible,50,out12,1332,30
visible,50,out13,1335,00
visible,50,out14,1338,20
visible,50,out15,133B,10
visible,50,out16,133E,30
visible,50,out17,1341,00
visible,51,out1,1345,00
visible,51,out2,1348,20
visible,51,out3,134B,10
visible,51,out4,134E,30
visible,51,out5,1351,00
visible,51,out6,1354,20
visible,51,out7,1357,10
visible,51,out8,135A,30
visible,51,out9,135D,00
visible,51,out10,1360,20
visible,51,out11,1363,10
visible,51,out12,1366,30
visible,51,out13,1369,00
visible,51,out14,136C,20
visible,51,out15,136F,10
visible,51,out16,1372,30
visible,51,out17,1375,00
visible,52,out1,1379,00
visible,52,out2,137C,20
visible,52,out3,137F,10
visible,52,out4,1382,30
visible,52,out5,1385,00
visible,52,out6,1388,20
visible,52,out7,138B,10
visible,52,out8,138E,30
visible,52,out9,1391,00
visible,52,out10,1394,20
visible,52,out11,1397,10
visible,52,out12,139A,30
visible,52,out13,139D,00
visible,52,out14,13A0,20
visible,52,out15,13A3,10
visible,52,out16,13A6,30
visible,52,out17,13A9,00
visible,53,out1,13AD,00
visible,53,out2,13B0,20
visible,53,out3,13B3,10
visible,53,out4,13B6,30
visible,53,out5,13B9,00
visible,53,out6,13BC,20
visible,53,out7,13BF,10
visible,53,out8,13C2,30
visible,53,out9,13C5,00
visible,53,out10,13C8,20
visible,53,out11,13CB,10
visible,53,out12,13CE,30
visible,53,out13,13D1,00
visible,53,out14,13D4,20
visible,53,out15,13D7,10
visible,53,out16,13DA,30
visible,53,out17,13DD,00
visible,54,out1,13E1,00
visible,54,out2,13E4,20
visible,54,out3,13E7,10
visible,54,out4,13EA,30
visible,54,out5,13ED,00
visible,54,out6,13F0,20
visible,54,out7,13F3,10
visible,54,out8,13F6,30
visible,54,out9,13F9,00
visible,54,out10,13FC,20
visible,54,out11,13FF,10
visible,54,out12,1402,30
visible,54,out13,1405,00
visible,54,out14,1408,20
visible,54,out15,140B,10
visible,54,out16,140E,30
visible,54,out17,1411,00
visible,55,out1,1415,00
visible,55,out2,1418,20
visible,55,out3,141B,10
visible,55,out4,141E,30
visible,55,out5,1421,00
visible,55,out6,1424,20
visible,55,out7,1427,10
visible,55,out8,142A,30
visible,55,out9,142D,00
visible,55,out10,1430,20
visible,55,out11,1433,10
visible,55,out12,1436,30
visible,55,out13,1439,00
visible,55,out14,143C,20
visible,55,out15,143F,10
visible,55,out16,1442,30
visible,55,out17,1445,00
visible,56,out1,1449,00
visible,56,out2,144C,20
visible,56,out3,144F,10
visible,56,out4,1452,30
visible,56,out5,1455,00
visible,56,out6,1458,20
visible,56,out7,145B,10
visible,56,out8,145E,30
visible,56,out9,1461,00
visible,56,out10,1464,20
visible,56,out11,1467,10
visible,56,out12,146A,30
visible,56,out13,146D,00
visible,56,out14,1470,20
visible,56,out15,1473,10
visible,56,out16,1476,30
visible,56,out17,1479,00
visible,57,out1,147D,00
visible,57,out2,1480,20
visible,57,out3,1483,10
visible,57,out4,1486,30
visible,57,out5,1489,00
visible,57,out6,148C,20
visible,57,out7,148F,10
visible,57,out8,1492,30
visible,57,out9,1495,00
visible,57,out10,1498,20
visible,57,out11,149B,10
visible,57,out12,149E,30
visible,57,out13,14A1,00
visible,57,out14,14A4,20
visible,57,out15,14A7,10
visible,57,out16,14AA,30
visible,57,out17,14AD,00
visible,58,out1,14B1,00
visible,58,out2,14B4,20
visible,58,out3,14B7,10
visible,58,out4,14BA,30
visible,58,out5,14BD,00
visible,58,out6,14C0,20
visible,58,out7,14C3,10
visible,58,out8,14C6,30
visible,58,out9,14C9,00
visible,58,out10,14CC,20
visible,58,out11,14CF,10
visible,58,out12,14D2,30
visible,58,out13,14D5,00
visible,58,out14,14D8,20
visible,58,out15,14DB,10
visible,58,out16,14DE,30
visible,58,out17,14E1,00
visible,59,out1,14E5,00
visible,59,out2,14E8,20
visible,59,out3,14EB,10
visible,59,out4,14EE,30
visible,59,out5,14F1,00
visible,59,out6,14F4,20
visible,59,out7,14F7,10
visible,59,out8,14FA,30
visible,59,out9,14FD,00
visible,59,out10,1500,20
visible,59,out11,1503,10
visible,59,out12,1506,30
visible,59,out13,1509,00
visible,59,out14,150C,20
visible,59,out15,150F,10
visible,59,out16,1512,30
visible,59,out17,1515,00
visible,60,out1,1519,00
visible,60,out2,151C,20
visible,60,out3,151F,10
visible,60,out4,1522,30
visible,60,out5,1525,00
visible,60,out6,1528,20
visible,60,out7,152B,10
visible,60,out8,152E,30
visible,60,out9,1531,00
visible,60,out10,1534,20
visible,60,out11,1537,10
visible,60,out12,153A,30
visible,60,out13,153D,00
visible,60,out14,1540,20
visible,60,out15,1543,10
visible,60,out16,1546,30
visible,60,out17,1549,00
visible,61,out1,154D,00
visible,61,out2,1550,20
visible,61,out3,1553,10
visible,61,out4,1556,30
visible,61,out5,1559,00
visible,61,out6,155C,20
visible,61,out7,155F,10
visible,61,out8,1562,30
visible,61,out9,1565,00
visible,61,out10,1568,20
visible,61,out11,156B,10
visible,61,out12,156E,30
visible,61,out13,1571,00
visible,61,out14,1574,20
visible,61,out15,1577,10
visible,61,out16,157A,30
visible,61,out17,157D,00
visible,62,out1,1581,00
visible,62,out2,1584,20
visible,62,out3,1587,10
visible,62,out4,158A,30
visible,62,out5,158D,00
visible,62,out6,1590,20
visible,62,out7,1593,10
visible,62,out8,1596,30
visible,62,out9,1599,00
visible,62,out10,159C,20
visible,62,out11,159F,10
visible,62,out12,15A2,30
visible,62,out13,15A5,00
visible,62,out14,15A8,20
visible,62,out15,15AB,10
visible,62,out16,15AE,30
visible,62,out17,15B1,00
visible,63,out1,15B5,00
visible,63,out2,15B8,20
visible,63,out3,15BB,10
visible,63,out4,15BE,30
visible,63,out5,15C1,00
visible,63,out6,15C4,20
visible,63,out7,15C7,10
visible,63,out8,15CA,30
visible,63,out9,15CD,00
visible,63,out10,15D0,20
visible,63,out11,15D3,10
visible,63,out12,15D6,30
visible,63,out13,15D9,00
visible,63,out14,15DC,20
visible,63,out15,15DF,10
visible,63,out16,15E2,30
visible,63,out17,15E5,00
visible,64,out1,15E9,00
visible,64,out2,15EC,20
visible,64,out3,15EF,10
visible,64,out4,15F2,30
visible,64,out5,15F5,00
visible,64,out6,15F8,20
visible,64,out7,15FB,10
visible,64,out8,15FE,30
visible,64,out9,1601,00
visible,64,out10,1604,20
visible,64,out11,1607,10
visible,64,out12,160A,30
visible,64,out13,160D,00
visible,64,out14,1610,20
visible,64,out15,1613,10
visible,64,out16,1616,30
visible,64,out17,1619,00
visible,65,out1,161D,00
visible,65,out2,1620,20
visible,65,out3,1623,10
visible,65,out4,1626,30
visible,65,out5,1629,00
visible,65,out6,162C,20
visible,65,out7,162F,10
visible,65,out8,1632,30
visible,65,out9,1635,00
visible,65,out10,1638,20
visible,65,out11,163B,10
visible,65,out12,163E,30
visible,65,out13,1641,00
visible,65,out14,1644,20
visible,65,out15,1647,10
visible,65,out16,164A,30
visible,65,out17,164D,00
visible,66,out1,1651,00
visible,66,out2,1654,20
visible,66,out3,1657,10
visible,66,out4,165A,30
visible,66,out5,165D,00
visible,66,out6,1660,20
visible,66,out7,1663,10
visible,66,out8,1666,30
visible,66,out9,1669,00
visible,66,out10,166C,20
visible,66,out11,166F,10
visible,66,out12,1672,30
visible,66,out13,1675,00
visible,66,out14,1678,20
visible,66,out15,167B,10
visible,66,out16,167E,30
visible,66,out17,1681,00
visible,67,out1,1685,00
visible,67,out2,1688,20
visible,67,out3,168B,10
visible,67,out4,168E,30
visible,67,out5,1691,00
visible,67,out6,1694,20
visible,67,out7,1697,10
visible,67,out8,169A,30
visible,67,out9,169D,00
visible,67,out10,16A0,20
visible,67,out11,16A3,10
visible,67,out12,16A6,30
visible,67,out13,16A9,00
visible,67,out14,16AC,20
visible,67,out15,16AF,10
visible,67,out16,16B2,30
visible,67,out17,16B5,00
visible,68,out1,16B9,00
visible,68,out2,16BC,20
visible,68,out3,16BF,10
visible,68,out4,16C2,30
visible,68,out5,16C5,00
visible,68,out6,16C8,20
visible,68,out7,16CB,10
visible,68,out8,16CE,30
visible,68,out9,16D1,00
visible,68,out10,16D4,20
visible,68,out11,16D7,10
visible,68,out12,16DA,30
visible,68,out13,16DD,00
visible,68,out14,16E0,20
visible,68,out15,16E3,10
visible,68,out16,16E6,30
visible,68,out17,16E9,00
visible,69,out1,16ED,00
visible,69,out2,16F0,20
visible,69,out3,16F3,10
visible,69,out4,16F6,30
visible,69,out5,16F9,00
visible,69,out6,16FC,20
visible,69,out7,16FF,10
visible,69,out8,1702,30
visible,69,out9,1705,00
visible,69,out10,1708,20
visible,69,out11,170B,10
visible,69,out12,170E,30
visible,69,out13,1711,00
visible,69,out14,1714,20
visible,69,out15,1717,10
visible,69,out16,171A,30
visible,69,out17,171D,00
visible,70,out1,1721,00
visible,70,out2,1724,20
visible,70,out3,1727,10
visible,70,out4,172A,30
visible,70,out5,172D,00
visible,70,out6,1730,20
visible,70,out7,1733,10
visible,70,out8,1736,30
visible,70,out9,1739,00
visible,70,out10,173C,20
visible,70,out11,173F,10
visible,70,out12,1742,30
visible,70,out13,1745,00
visible,70,out14,1748,20
visible,70,out15,174B,10
visible,70,out16,174E,30
visible,70,out17,1751,00
visible,71,out1,1755,00
visible,71,out2,1758,20
visible,71,out3,175B,10
visible,71,out4,175E,30
visible,71,out5,1761,00
visible,71,out6,1764,20
visible,71,out7,1767,10
visible,71,out8,176A,30
visible,71,out9,176D,00
visible,71,out10,1770,20
visible,71,out11,1773,10
visible,71,out12,1776,30
visible,71,out13,1779,00
visible,71,out14,177C,20
visible,71,out15,177F,10
visible,71,out16,1782,30
visible,71,out17,1785,00
visible,72,out1,1789,00
visible,72,out2,178C,20
visible,72,out3,178F,10
visible,72,out4,1792,30
visible,72,out5,1795,00
visible,72,out6,1798,20
visible,72,out7,179B,10
visible,72,out8,179E,30
visible,72,out9,17A1,00
visible,72,out10,17A4,20
visible,72,out11,17A7,10
visible,72,out12,17AA,30
visible,72,out13,17AD,00
visible,72,out14,17B0,20
visible,72,out15,17B3,10
visible,72,out16,17B6,30
visible,72,out17,17B9,00
visible,73,out1,17BD,00
visible,73,out2,17C0,20
visible,73,out3,17C3,10
visible,73,out4,17C6,30
visible,73,out5,17C9,00
visible,73,out6,17CC,20
visible,73,out7,17CF,10
visible,73,out8,17D2,30
visible,73,out9,17D5,00
visible,73,out10,17D8,20
visible,73,out11,17DB,10
visible,73,out12,17DE,30
visible,73,out13,17E1,00
visible,73,out14,17E4,20
visible,73,out15,17E7,10
visible,73,out16,17EA,30
visible,73,out17,17ED,00
visible,74,out1,17F1,00
visible,74,out2,17F4,20
visible,74,out3,17F7,10
visible,74,out4,17FA,30
visible,74,out5,17FD,00
visible,74,out6,1800,20
visible,74,out7,1803,10
visible,74,out8,1806,30
visible,74,out9,1809,00
visible,74,out10,180C,20
visible,74,out11,180F,10
visible,74,out12,1812,30
visible,74,out13,1815,00
visible,74,out14,1818,20
visible,74,out15,181B,10
visible,74,out16,181E,30
visible,74,out17,1821,00
visible,75,out1,1825,00
visible,75,out2,1828,20
visible,75,out3,182B,10
visible,75,out4,182E,30
visible,75,out5,1831,00
visible,75,out6,1834,20
visible,75,out7,1837,10
visible,75,out8,183A,30
visible,75,out9,183D,00
visible,75,out10,1840,20
visible,75,out11,1843,10
visible,75,out12,1846,30
visible,75,out13,1849,00
visible,75,out14,184C,20
visible,75,out15,184F,10
visible,75,out16,1852,30
visible,75,out17,1855,00
visible,76,out1,1859,00
visible,76,out2,185C,20
visible,76,out3,185F,10
visible,76,out4,1862,30
visible,76,out5,1865,00
visible,76,out6,1868,20
visible,76,out7,186B,10
visible,76,out8,186E,30
visible,76,out9,1871,00
visible,76,out10,1874,20
visible,76,out11,1877,10
visible,76,out12,187A,30
visible,76,out13,187D,00
visible,76,out14,1880,20
visible,76,out15,1883,10
visible,76,out16,1886,30
visible,76,out17,1889,00
visible,77,out1,188D,00
visible,77,out2,1890,20
visible,77,out3,1893,10
visible,77,out4,1896,30
visible,77,out5,1899,00
visible,77,out6,189C,20
visible,77,out7,189F,10
visible,77,out8,18A2,30
visible,77,out9,18A5,00
visible,77,out10,18A8,20
visible,77,out11,18AB,10
visible,77,out12,18AE,30
visible,77,out13,18B1,00
visible,77,out14,18B4,20
visible,77,out15,18B7,10
visible,77,out16,18BA,30
visible,77,out17,18BD,00
visible,78,out1,18C1,00
visible,78,out2,18C4,20
visible,78,out3,18C7,10
visible,78,out4,18CA,30
visible,78,out5,18CD,00
visible,78,out6,18D0,20
visible,78,out7,18D3,10
visible,78,out8,18D6,30
visible,78,out9,18D9,00
visible,78,out10,18DC,20
visible,78,out11,18DF,10
visible,78,out12,18E2,30
visible,78,out13,18E5,00
visible,78,out14,18E8,20
visible,78,out15,18EB,10
visible,78,out16,18EE,30
visible,78,out17,18F1,00
visible,79,out1,18F5,00
visible,79,out2,18F8,20
visible,79,out3,18FB,10
visible,79,out4,18FE,30
visible,79,out5,1901,00
visible,79,out6,1904,20
visible,79,out7,1907,10
visible,79,out8,190A,30
visible,79,out9,190D,00
visible,79,out10,1910,20
visible,79,out11,1913,10
visible,79,out12,1916,30
visible,79,out13,1919,00
visible,79,out14,191C,20
visible,79,out15,191F,10
visible,79,out16,1922,30
visible,79,out17,1925,00
visible,80,out1,1929,00
visible,80,out2,192C,20
visible,80,out3,192F,10
visible,80,out4,1932,30
visible,80,out5,1935,00
visible,80,out6,1938,20
visible,80,out7,193B,10
visible,80,out8,193E,30
visible,80,out9,1941,00
visible,80,out10,1944,20
visible,80,out11,1947,10
visible,80,out12,194A,30
visible,80,out13,194D,00
visible,80,out14,1950,20
visible,80,out15,1953,10
visible,80,out16,1956,30
visible,80,out17,1959,00
visible,81,out1,195D,00
visible,81,out2,1960,20
visible,81,out3,1963,10
visible,81,out4,1966,30
visible,81,out5,1969,00
visible,81,out6,196C,20
visible,81,out7,196F,10
visible,81,out8,1972,30
visible,81,out9,1975,00
visible,81,out10,1978,20
visible,81,out11,197B,10
visible,81,out12,197E,30
visible,81,out13,1981,00
visible,81,out14,1984,20
visible,81,out15,1987,10
visible,81,out16,198A,30
visible,81,out17,198D,00
visible,82,out1,1991,00
visible,82,out2,1994,20
visible,82,out3,1997,10
visible,82,out4,199A,30
visible,82,out5,199D,00
visible,82,out6,19A0,20
visible,82,out7,19A3,10
visible,82,out8,19A6,30
visible,82,out9,19A9,00
visible,82,out10,19AC,20
visible,82,out11,19AF,10
visible,82,out12,19B2,30
visible,82,out13,19B5,00
visible,82,out14,19B8,20
visible,82,out15,19BB,10
visible,82,out16,19BE,30
visible,82,out17,19C1,00
visible,83,out1,19C5,00
visible,83,out2,19C8,20
visible,83,out3,19CB,10
visible,83,out4,19CE,30
visible,83,out5,19D1,00
visible,83,out6,19D4,20
visible,83,out7,19D7,10
visible,83,out8,19DA,30
visible,83,out9,19DD,00
visible,83,out10,19E0,20
visible,83,out11,19E3,10
visible,83,out12,19E6,30
visible,83,out13,19E9,00
visible,83,out14,19EC,20
visible,83,out15,19EF,10
visible,83,out16,19F2,30
visible,83,out17,19F5,00
visible,84,out1,19F9,00
visible,84,out2,19FC,20
visible,84,out3,19FF,10
visible,84,out4,1A02,30
visible,84,out5,1A05,00
visible,84,out6,1A08,20
visible,84,out7,1A0B,10
visible,84,out8,1A0E,30
visible,84,out9,1A11,00
visible,84,out10,1A14,20
visible,84,out11,1A17,10
visible,84,out12,1A1A,30
visible,84,out13,1A1D,00
visible,84,out14,1A20,20
visible,84,out15,1A23,10
visible,84,out16,1A26,30
visible,84,out17,1A29,00
visible,85,out1,1A2D,00
visible,85,out2,1A30,20
visible,85,out3,1A33,10
visible,85,out4,1A36,30
visible,85,out5,1A39,00
visible,85,out6,1A3C,20
visible,85,out7,1A3F,10
visible,85,out8,1A42,30
visible,85,out9,1A45,00
visible,85,out10,1A48,20
visible,85,out11,1A4B,10
visible,85,out12,1A4E,30
visible,85,out13,1A51,00
visible,85,out14,1A54,20
visible,85,out15,1A57,10
visible,85,out16,1A5A,30
visible,85,out17,1A5D,00
visible,86,out1,1A61,00
visible,86,out2,1A64,20
visible,86,out3,1A67,10
visible,86,out4,1A6A,30
visible,86,out5,1A6D,00
visible,86,out6,1A70,20
visible,86,out7,1A73,10
visible,86,out8,1A76,30
visible,86,out9,1A79,00
visible,86,out10,1A7C,20
visible,86,out11,1A7F,10
visible,86,out12,1A82,30
visible,86,out13,1A85,00
visible,86,out14,1A88,20
visible,86,out15,1A8B,10
visible,86,out16,1A8E,30
visible,86,out17,1A91,00
visible,87,out1,1A95,00
visible,87,out2,1A98,20
visible,87,out3,1A9B,10
visible,87,out4,1A9E,30
visible,87,out5,1AA1,00
visible,87,out6,1AA4,20
visible,87,out7,1AA7,10
visible,87,out8,1AAA,30
visible,87,out9,1AAD,00
visible,87,out10,1AB0,20
visible,87,out11,1AB3,10
visible,87,out12,1AB6,30
visible,87,out13,1AB9,00
visible,87,out14,1ABC,20
visible,87,out15,1ABF,10
visible,87,out16,1AC2,30
visible,87,out17,1AC5,00
visible,88,out1,1AC9,00
visible,88,out2,1ACC,20
visible,88,out3,1ACF,10
visible,88,out4,1AD2,30
visible,88,out5,1AD5,00
visible,88,out6,1AD8,20
visible,88,out7,1ADB,10
visible,88,out8,1ADE,30
visible,88,out9,1AE1,00
visible,88,out10,1AE4,20
visible,88,out11,1AE7,10
visible,88,out12,1AEA,30
visible,88,out13,1AED,00
visible,88,out14,1AF0,20
visible,88,out15,1AF3,10
visible,88,out16,1AF6,30
visible,88,out17,1AF9,00
visible,89,out1,1AFD,00
visible,89,out2,1B00,20
visible,89,out3,1B03,10
visible,89,out4,1B06,30
visible,89,out5,1B09,00
visible,89,out6,1B0C,20
visible,89,out7,1B0F,10
visible,89,out8,1B12,30
visible,89,out9,1B15,00
visible,89,out10,1B18,20
visible,89,out11,1B1B,10
visible,89,out12,1B1E,30
visible,89,out13,1B21,00
visible,89,out14,1B24,20
visible,89,out15,1B27,10
visible,89,out16,1B2A,30
visible,89,out17,1B2D,00
visible,90,out1,1B31,00
visible,90,out2,1B34,20
visible,90,out3,1B37,10
visible,90,out4,1B3A,30
visible,90,out5,1B3D,00
visible,90,out6,1B40,20
visible,90,out7,1B43,10
visible,90,out8,1B46,30
visible,90,out9,1B49,00
visible,90,out10,1B4C,20
visible,90,out11,1B4F,10
visible,90,out12,1B52,30
visible,90,out13,1B55,00
visible,90,out14,1B58,20
visible,90,out15,1B5B,10
visible,90,out16,1B5E,30
visible,90,out17,1B61,00
visible,91,out1,1B65,00
visible,91,out2,1B68,20
visible,91,out3,1B6B,10
visible,91,out4,1B6E,30
visible,91,out5,1B71,00
visible,91,out6,1B74,20
visible,91,out7,1B77,10
visible,91,out8,1B7A,30
visible,91,out9,1B7D,00
visible,91,out10,1B80,20
visible,91,out11,1B83,10
visible,91,out12,1B86,30
visible,91,out13,1B89,00
visible,91,out14,1B8C,20
visible,91,out15,1B8F,10
visible,91,out16,1B92,30
visible,91,out17,1B95,00
visible,92,out1,1B99,00
visible,92,out2,1B9C,20
visible,92,out3,1B9F,10
visible,92,out4,1BA2,30
visible,92,out5,1BA5,00
visible,92,out6,1BA8,20
visible,92,out7,1BAB,10
visible,92,out8,1BAE,30
visible,92,out9,1BB1,00
visible,92,out10,1BB4,20
visible,92,out11,1BB7,10
visible,92,out12,1BBA,30
visible,92,out13,1BBD,00
visible,92,out14,1BC0,20
visible,92,out15,1BC3,10
visible,92,out16,1BC6,30
visible,92,out17,1BC9,00
visible,93,out1,1BCD,00
visible,93,out2,1BD0,20
visible,93,out3,1BD3,10
visible,93,out4,1BD6,30
visible,93,out5,1BD9,00
visible,93,out6,1BDC,20
visible,93,out7,1BDF,10
visible,93,out8,1BE2,30
visible,93,out9,1BE5,00
visible,93,out10,1BE8,20
visible,93,out11,1BEB,10
visible,93,out12,1BEE,30
visible,93,out13,1BF1,00
visible,93,out14,1BF4,20
visible,93,out15,1BF7,10
visible,93,out16,1BFA,30
visible,93,out17,1BFD,00
visible,94,out1,1C01,00
visible,94,out2,1C04,20
visible,94,out3,1C07,10
visible,94,out4,1C0A,30
visible,94,out5,1C0D,00
visible,94,out6,1C10,20
visible,94,out7,1C13,10
visible,94,out8,1C16,30
visible,94,out9,1C19,00
visible,94,out10,1C1C,20
visible,94,out11,1C1F,10
visible,94,out12,1C22,30
visible,94,out13,1C25,00
visible,94,out14,1C28,20
visible,94,out15,1C2B,10
visible,94,out16,1C2E,30
visible,94,out17,1C31,00
visible,95,out1,1C35,00
visible,95,out2,1C38,20
visible,95,out3,1C3B,10
visible,95,out4,1C3E,30
visible,95,out5,1C41,00
visible,95,out6,1C44,20
visible,95,out7,1C47,10
visible,95,out8,1C4A,30
visible,95,out9,1C4D,00
visible,95,out10,1C50,20
visible,95,out11,1C53,10
visible,95,out12,1C56,30
visible,95,out13,1C59,00
visible,95,out14,1C5C,20
visible,95,out15,1C5F,10
visible,95,out16,1C62,30
visible,95,out17,1C65,00
visible,96,out1,1C69,00
visible,96,out2,1C6C,20
visible,96,out3,1C6F,10
visible,96,out4,1C72,30
visible,96,out5,1C75,00
visible,96,out6,1C78,20
visible,96,out7,1C7B,10
visible,96,out8,1C7E,30
visible,96,out9,1C81,00
visible,96,out10,1C84,20
visible,96,out11,1C87,10
visible,96,out12,1C8A,30
visible,96,out13,1C8D,00
visible,96,out14,1C90,20
visible,96,out15,1C93,10
visible,96,out16,1C96,30
visible,96,out17,1C99,00
visible,97,out1,1C9D,00
visible,97,out2,1CA0,20
visible,97,out3,1CA3,10
visible,97,out4,1CA6,30
visible,97,out5,1CA9,00
visible,97,out6,1CAC,20
visible,97,out7,1CAF,10
visible,97,out8,1CB2,30
visible,97,out9,1CB5,00
visible,97,out10,1CB8,20
visible,97,out11,1CBB,10
visible,97,out12,1CBE,30
visible,97,out13,1CC1,00
visible,97,out14,1CC4,20
visible,97,out15,1CC7,10
visible,97,out16,1CCA,30
visible,97,out17,1CCD,00
visible,98,out1,1CD1,00
visible,98,out2,1CD4,20
visible,98,out3,1CD7,10
visible,98,out4,1CDA,30
visible,98,out5,1CDD,00
visible,98,out6,1CE0,20
visible,98,out7,1CE3,10
visible,98,out8,1CE6,30
visible,98,out9,1CE9,00
visible,98,out10,1CEC,20
visible,98,out11,1CEF,10
visible,98,out12,1CF2,30
visible,98,out13,1CF5,00
visible,98,out14,1CF8,20
visible,98,out15,1CFB,10
visible,98,out16,1CFE,30
visible,98,out17,1D01,00
visible,99,out1,1D05,00
visible,99,out2,1D08,20
visible,99,out3,1D0B,10
visible,99,out4,1D0E,30
visible,99,out5,1D11,00
visible,99,out6,1D14,20
visible,99,out7,1D17,10
visible,99,out8,1D1A,30
visible,99,out9,1D1D,00
visible,99,out10,1D20,20
visible,99,out11,1D23,10
visible,99,out12,1D26,30
visible,99,out13,1D29,00
visible,99,out14,1D2C,20
visible,99,out15,1D2F,10
visible,99,out16,1D32,30
visible,99,out17,1D35,00
visible,100,out1,1D39,00
visible,100,out2,1D3C,20
visible,100,out3,1D3F,10
visible,100,out4,1D42,30
visible,100,out5,1D45,00
visible,100,out6,1D48,20
visible,100,out7,1D4B,10
visible,100,out8,1D4E,30
visible,100,out9,1D51,00
visible,100,out10,1D54,20
visible,100,out11,1D57,10
visible,100,out12,1D5A,30
visible,100,out13,1D5D,00
visible,100,out14,1D60,20
visible,100,out15,1D63,10
visible,100,out16,1D66,30
visible,100,out17,1D69,00
visible,101,out1,1D6D,00
visible,101,out2,1D70,20
visible,101,out3,1D73,10
visible,101,out4,1D76,30
visible,101,out5,1D79,00
visible,101,out6,1D7C,20
visible,101,out7,1D7F,10
visible,101,out8,1D82,30
visible,101,out9,1D85,00
visible,101,out10,1D88,20
visible,101,out11,1D8B,10
visible,101,out12,1D8E,30
visible,101,out13,1D91,00
visible,101,out14,1D94,20
visible,101,out15,1D97,10
visible,101,out16,1D9A,30
visible,101,out17,1D9D,00
visible,102,out1,1DA1,00
visible,102,out2,1DA4,20
visible,102,out3,1DA7,10
visible,102,out4,1DAA,30
visible,102,out5,1DAD,00
visible,102,out6,1DB0,20
visible,102,out7,1DB3,10
visible,102,out8,1DB6,30
visible,102,out9,1DB9,00
visible,102,out10,1DBC,20
visible,102,out11,1DBF,10
visible,102,out12,1DC2,30
visible,102,out13,1DC5,00
visible,102,out14,1DC8,20
visible,102,out15,1DCB,10
visible,102,out16,1DCE,30
visible,102,out17,1DD1,00
visible,103,out1,1DD5,00
visible,103,out2,1DD8,20
visible,103,out3,1DDB,10
visible,103,out4,1DDE,30
visible,103,out5,1DE1,00
visible,103,out6,1DE4,20
visible,103,out7,1DE7,10
visible,103,out8,1DEA,30
visible,103,out9,1DED,00
visible,103,out10,1DF0,20
visible,103,out11,1DF3,10
visible,103,out12,1DF6,30
visible,103,out13,1DF9,00
visible,103,out14,1DFC,20
visible,103,out15,1DFF,10
visible,103,out16,1E02,30
visible,103,out17,1E05,00
visible,104,out1,1E09,00
visible,104,out2,1E0C,20
visible,104,out3,1E0F,10
visible,104,out4,1E12,30
visible,104,out5,1E15,00
visible,104,out6,1E18,20
visible,104,out7,1E1B,10
visible,104,out8,1E1E,30
visible,104,out9,1E21,00
visible,104,out10,1E24,20
visible,104,out11,1E27,10
visible,104,out12,1E2A,30
visible,104,out13,1E2D,00
visible,104,out14,1E30,20
visible,104,out15,1E33,10
visible,104,out16,1E36,30
visible,104,out17,1E39,00
visible,105,out1,1E3D,00
visible,105,out2,1E40,20
visible,105,out3,1E43,10
visible,105,out4,1E46,30
visible,105,out5,1E49,00
visible,105,out6,1E4C,20
visible,105,out7,1E4F,10
visible,105,out8,1E52,30
visible,105,out9,1E55,00
visible,105,out10,1E58,20
visible,105,out11,1E5B,10
visible,105,out12,1E5E,30
visible,105,out13,1E61,00
visible,105,out14,1E64,20
visible,105,out15,1E67,10
visible,105,out16,1E6A,30
visible,105,out17,1E6D,00
visible,106,out1,1E71,00
visible,106,out2,1E74,20
visible,106,out3,1E77,10
visible,106,out4,1E7A,30
visible,106,out5,1E7D,00
visible,106,out6,1E80,20
visible,106,out7,1E83,10
visible,106,out8,1E86,30
visible,106,out9,1E89,00
visible,106,out10,1E8C,20
visible,106,out11,1E8F,10
visible,106,out12,1E92,30
visible,106,out13,1E95,00
visible,106,out14,1E98,20
visible,106,out15,1E9B,10
visible,106,out16,1E9E,30
visible,106,out17,1EA1,00
visible,107,out1,1EA5,00
visible,107,out2,1EA8,20
visible,107,out3,1EAB,10
visible,107,out4,1EAE,30
visible,107,out5,1EB1,00
visible,107,out6,1EB4,20
visible,107,out7,1EB7,10
visible,107,out8,1EBA,30
visible,107,out9,1EBD,00
visible,107,out10,1EC0,20
visible,107,out11,1EC3,10
visible,107,out12,1EC6,30
visible,107,out13,1EC9,00
visible,107,out14,1ECC,20
visible,107,out15,1ECF,10
visible,107,out16,1ED2,30
visible,107,out17,1ED5,00
visible,108,out1,1ED9,00
visible,108,out2,1EDC,20
visible,108,out3,1EDF,10
visible,108,out4,1EE2,30
visible,108,out5,1EE5,00
visible,108,out6,1EE8,20
visible,108,out7,1EEB,10
visible,108,out8,1EEE,30
visible,108,out9,1EF1,00
visible,108,out10,1EF4,20
visible,108,out11,1EF7,10
visible,108,out12,1EFA,30
visible,108,out13,1EFD,00
visible,108,out14,1F00,20
visible,108,out15,1F03,10
visible,108,out16,1F06,30
visible,108,out17,1F09,00
visible,109,out1,1F0D,00
visible,109,out2,1F10,20
visible,109,out3,1F13,10
visible,109,out4,1F16,30
visible,109,out5,1F19,00
visible,109,out6,1F1C,20
visible,109,out7,1F1F,10
visible,109,out8,1F22,30
visible,109,out9,1F25,00
visible,109,out10,1F28,20
visible,109,out11,1F2B,10
visible,109,out12,1F2E,30
visible,109,out13,1F31,00
visible,109,out14,1F34,20
visible,109,out15,1F37,10
visible,109,out16,1F3A,30
visible,109,out17,1F3D,00
visible,110,out1,1F41,00
visible,110,out2,1F44,20
visible,110,out3,1F47,10
visible,110,out4,1F4A,30
visible,110,out5,1F4D,00
visible,110,out6,1F50,20
visible,110,out7,1F53,10
visible,110,out8,1F56,30
visible,110,out9,1F59,00
visible,110,out10,1F5C,20
visible,110,out11,1F5F,10
visible,110,out12,1F62,30
visible,110,out13,1F65,00
visible,110,out14,1F68,20
visible,110,out15,1F6B,10
visible,110,out16,1F6E,30
visible,110,out17,1F71,00
visible,111,out1,1F75,00
visible,111,out2,1F78,20
visible,111,out3,1F7B,10
visible,111,out4,1F7E,30
visible,111,out5,1F81,00
visible,111,out6,1F84,20
visible,111,out7,1F87,10
visible,111,out8,1F8A,30
visible,111,out9,1F8D,00
visible,111,out10,1F90,20
visible,111,out11,1F93,10
visible,111,out12,1F96,30
visible,111,out13,1F99,00
visible,111,out14,1F9C,20
visible,111,out15,1F9F,10
visible,111,out16,1FA2,30
visible,111,out17,1FA5,00
visible,112,out1,1FA9,00
visible,112,out2,1FAC,20
visible,112,out3,1FAF,10
visible,112,out4,1FB2,30
visible,112,out5,1FB5,00
visible,112,out6,1FB8,20
visible,112,out7,1FBB,10
visible,112,out8,1FBE,30
visible,112,out9,1FC1,00
visible,112,out10,1FC4,20
visible,112,out11,1FC7,10
visible,112,out12,1FCA,30
visible,112,out13,1FCD,00
visible,112,out14,1FD0,20
visible,112,out15,1FD3,10
visible,112,out16,1FD6,30
visible,112,out17,1FD9,00
visible,113,out1,1FDD,00
visible,113,out2,1FE0,20
visible,113,out3,1FE3,10
visible,113,out4,1FE6,30
visible,113,out5,1FE9,00
visible,113,out6,1FEC,20
visible,113,out7,1FEF,10
visible,113,out8,1FF2,30
visible,113,out9,1FF5,00
visible,113,out10,1FF8,20
visible,113,out11,1FFB,10
visible,113,out12,1FFE,30
visible,113,out13,2001,00
visible,113,out14,2004,20
visible,113,out15,2007,10
visible,113,out16,200A,30
visible,113,out17,200D,00
visible,114,out1,2011,00
visible,114,out2,2014,20
visible,114,out3,2017,10
visible,114,out4,201A,30
visible,114,out5,201D,00
visible,114,out6,2020,20
visible,114,out7,2023,10
visible,114,out8,2026,30
visible,114,out9,2029,00
visible,114,out10,202C,20
visible,114,out11,202F,10
visible,114,out12,2032,30
visible,114,out13,2035,00
visible,114,out14,2038,20
visible,114,out15,203B,10
visible,114,out16,203E,30
visible,114,out17,2041,00
visible,115,out1,2045,00
visible,115,out2,2048,20
visible,115,out3,204B,10
visible,115,out4,204E,30
visible,115,out5,2051,00
visible,115,out6,2054,20
visible,115,out7,2057,10
visible,115,out8,205A,30
visible,115,out9,205D,00
visible,115,out10,2060,20
visible,115,out11,2063,10
visible,115,out12,2066,30
visible,115,out13,2069,00
visible,115,out14,206C,20
visible,115,out15,206F,10
visible,115,out16,2072,30
visible,115,out17,2075,00
visible,116,out1,2079,00
visible,116,out2,207C,20
visible,116,out3,207F,10
visible,116,out4,2082,30
visible,116,out5,2085,00
visible,116,out6,2088,20
visible,116,out7,208B,10
visible,116,out8,208E,30
visible,116,out9,2091,00
visible,116,out10,2094,20
visible,116,out11,2097,10
visible,116,out12,209A,30
visible,116,out13,209D,00
visible,116,out14,20A0,20
visible,116,out15,20A3,10
visible,116,out16,20A6,30
visible,116,out17,20A9,00
visible,117,out1,20AD,00
visible,117,out2,20B0,20
visible,117,out3,20B3,10
visible,117,out4,20B6,30
visible,117,out5,20B9,00
visible,117,out6,20BC,20
visible,117,out7,20BF,10
visible,117,out8,20C2,30
visible,117,out9,20C5,00
visible,117,out10,20C8,20
visible,117,out11,20CB,10
visible,117,out12,20CE,30
visible,117,out13,20D1,00
visible,117,out14,20D4,20
visible,117,out15,20D7,10
visible,117,out16,20DA,30
visible,117,out17,20DD,00
visible,118,out1,20E1,00
visible,118,out2,20E4,20
visible,118,out3,20E7,10
visible,118,out4,20EA,30
visible,118,out5,20ED,00
visible,118,out6,20F0,20
visible,118,out7,20F3,10
visible,118,out8,20F6,30
visible,118,out9,20F9,00
visible,118,out10,20FC,20
visible,118,out11,20FF,10
visible,118,out12,2102,30
visible,118,out13,2105,00
visible,118,out14,2108,20
visible,118,out15,210B,10
visible,118,out16,210E,30
visible,118,out17,2111,00
visible,119,out1,2115,00
visible,119,out2,2118,20
visible,119,out3,211B,10
visible,119,out4,211E,30
visible,119,out5,2121,00
visible,119,out6,2124,20
visible,119,out7,2127,10
visible,119,out8,212A,30
visible,119,out9,212D,00
visible,119,out10,2130,20
visible,119,out11,2133,10
visible,119,out12,2136,30
visible,119,out13,2139,00
visible,119,out14,213C,20
visible,119,out15,213F,10
visible,119,out16,2142,30
visible,119,out17,2145,00
visible,120,out1,2149,00
visible,120,out2,214C,20
visible,120,out3,214F,10
visible,120,out4,2152,30
visible,120,out5,2155,00
visible,120,out6,2158,20
visible,120,out7,215B,10
visible,120,out8,215E,30
visible,120,out9,2161,00
visible,120,out10,2164,20
visible,120,out11,2167,10
visible,120,out12,216A,30
visible,120,out13,216D,00
visible,120,out14,2170,20
visible,120,out15,2173,10
visible,120,out16,2176,30
visible,120,out17,2179,00
visible,121,out1,217D,00
visible,121,out2,2180,20
visible,121,out3,2183,10
visible,121,out4,2186,30
visible,121,out5,2189,00
visible,121,out6,218C,20
visible,121,out7,218F,10
visible,121,out8,2192,30
visible,121,out9,2195,00
visible,121,out10,2198,20
visible,121,out11,219B,10
visible,121,out12,219E,30
visible,121,out13,21A1,00
visible,121,out14,21A4,20
visible,121,out15,21A7,10
visible,121,out16,21AA,30
visible,121,out17,21AD,00
visible,122,out1,21B1,00
visible,122,out2,21B4,20
visible,122,out3,21B7,10
visible,122,out4,21BA,30
visible,122,out5,21BD,00
visible,122,out6,21C0,20
visible,122,out7,21C3,10
visible,122,out8,21C6,30
visible,122,out9,21C9,00
visible,122,out10,21CC,20
visible,122,out11,21CF,10
visible,122,out12,21D2,30
visible,122,out13,21D5,00
visible,122,out14,21D8,20
visible,122,out15,21DB,10
visible,122,out16,21DE,30
visible,122,out17,21E1,00
visible,123,out1,21E5,00
visible,123,out2,21E8,20
visible,123,out3,21EB,10
visible,123,out4,21EE,30
visible,123,out5,21F1,00
visible,123,out6,21F4,20
visible,123,out7,21F7,10
visible,123,out8,21FA,30
visible,123,out9,21FD,00
visible,123,out10,2200,20
visible,123,out11,2203,10
visible,123,out12,2206,30
visible,123,out13,2209,00
visible,123,out14,220C,20
visible,123,out15,220F,10
visible,123,out16,2212,30
visible,123,out17,2215,00
visible,124,out1,2219,00
visible,124,out2,221C,20
visible,124,out3,221F,10
visible,124,out4,2222,30
visible,124,out5,2225,00
visible,124,out6,2228,20
visible,124,out7,222B,10
visible,124,out8,222E,30
visible,124,out9,2231,00
visible,124,out10,2234,20
visible,124,out11,2237,10
visible,124,out12,223A,30
visible,124,out13,223D,00
visible,124,out14,2240,20
visible,124,out15,2243,10
visible,124,out16,2246,30
visible,124,out17,2249,00
visible,125,out1,224D,00
visible,125,out2,2250,20
visible,125,out3,2253,10
visible,125,out4,2256,30
visible,125,out5,2259,00
visible,125,out6,225C,20
visible,125,out7,225F,10
visible,125,out8,2262,30
visible,125,out9,2265,00
visible,125,out10,2268,20
visible,125,out11,226B,10
visible,125,out12,226E,30
visible,125,out13,2271,00
visible,125,out14,2274,20
visible,125,out15,2277,10
visible,125,out16,227A,30
visible,125,out17,227D,00
visible,126,out1,2281,00
visible,126,out2,2284,20
visible,126,out3,2287,10
visible,126,out4,228A,30
visible,126,out5,228D,00
visible,126,out6,2290,20
visible,126,out7,2293,10
visible,126,out8,2296,30
visible,126,out9,2299,00
visible,126,out10,229C,20
visible,126,out11,229F,10
visible,126,out12,22A2,30
visible,126,out13,22A5,00
visible,126,out14,22A8,20
visible,126,out15,22AB,10
visible,126,out16,22AE,30
visible,126,out17,22B1,00
visible,127,out1,22B5,00
visible,127,out2,22B8,20
visible,127,out3,22BB,10
visible,127,out4,22BE,30
visible,127,out5,22C1,00
visible,127,out6,22C4,20
visible,127,out7,22C7,10
visible,127,out8,22CA,30
visible,127,out9,22CD,00
visible,127,out10,22D0,20
visible,127,out11,22D3,10
visible,127,out12,22D6,30
visible,127,out13,22D9,00
visible,127,out14,22DC,20
visible,127,out15,22DF,10
visible,127,out16,22E2,30
visible,127,out17,22E5,00
visible,128,out1,22E9,00
visible,128,out2,22EC,20
visible,128,out3,22EF,10
visible,128,out4,22F2,30
visible,128,out5,22F5,00
visible,128,out6,22F8,20
visible,128,out7,22FB,10
visible,128,out8,22FE,30
visible,128,out9,2301,00
visible,128,out10,2304,20
visible,128,out11,2307,10
visible,128,out12,230A,30
visible,128,out13,230D,00
visible,128,out14,2310,20
visible,128,out15,2313,10
visible,128,out16,2316,30
visible,128,out17,2319,00
visible,129,out1,231D,00
visible,129,out2,2320,20
visible,129,out3,2323,10
visible,129,out4,2326,30
visible,129,out5,2329,00
visible,129,out6,232C,20
visible,129,out7,232F,10
visible,129,out8,2332,30
visible,129,out9,2335,00
visible,129,out10,2338,20
visible,129,out11,233B,10
visible,129,out12,233E,30
visible,129,out13,2341,00
visible,129,out14,2344,20
visible,129,out15,2347,10
visible,129,out16,234A,30
visible,129,out17,234D,00
visible,130,out1,2351,00
visible,130,out2,2354,20
visible,130,out3,2357,10
visible,130,out4,235A,30
visible,130,out5,235D,00
visible,130,out6,2360,20
visible,130,out7,2363,10
visible,130,out8,2366,30
visible,130,out9,2369,00
visible,130,out10,236C,20
visible,130,out11,236F,10
visible,130,out12,2372,30
visible,130,out13,2375,00
visible,130,out14,2378,20
visible,130,out15,237B,10
visible,130,out16,237E,30
visible,130,out17,2381,00
visible,131,out1,2385,00
visible,131,out2,2388,20
visible,131,out3,238B,10
visible,131,out4,238E,30
visible,131,out5,2391,00
visible,131,out6,2394,20
visible,131,out7,2397,10
visible,131,out8,239A,30
visible,131,out9,239D,00
visible,131,out10,23A0,20
visible,131,out11,23A3,10
visible,131,out12,23A6,30
visible,131,out13,23A9,00
visible,131,out14,23AC,20
visible,131,out15,23AF,10
visible,131,out16,23B2,30
visible,131,out17,23B5,00
visible,132,out1,23B9,00
visible,132,out2,23BC,20
visible,132,out3,23BF,10
visible,132,out4,23C2,30
visible,132,out5,23C5,00
visible,132,out6,23C8,20
visible,132,out7,23CB,10
visible,132,out8,23CE,30
visible,132,out9,23D1,00
visible,132,out10,23D4,20
visible,132,out11,23D7,10
visible,132,out12,23DA,30
visible,132,out13,23DD,00
visible,132,out14,23E0,20
visible,132,out15,23E3,10
visible,132,out16,23E6,30
visible,132,out17,23E9,00
visible,133,out1,23ED,00
visible,133,out2,23F0,20
visible,133,out3,23F3,10
visible,133,out4,23F6,30
visible,133,out5,23F9,00
visible,133,out6,23FC,20
visible,133,out7,23FF,10
visible,133,out8,2402,30
visible,133,out9,2405,00
visible,133,out10,2408,20
visible,133,out11,240B,10
visible,133,out12,240E,30
visible,133,out13,2411,00
visible,133,out14,2414,20
visible,133,out15,2417,10
visible,133,out16,241A,30
visible,133,out17,241D,00
visible,134,out1,2421,00
visible,134,out2,2424,20
visible,134,out3,2427,10
visible,134,out4,242A,30
visible,134,out5,242D,00
visible,134,out6,2430,20
visible,134,out7,2433,10
visible,134,out8,2436,30
visible,134,out9,2439,00
visible,134,out10,243C,20
visible,134,out11,243F,10
visible,134,out12,2442,30
visible,134,out13,2445,00
visible,134,out14,2448,20
visible,134,out15,244B,10
visible,134,out16,244E,30
visible,134,out17,2451,00
visible,135,out1,2455,00
visible,135,out2,2458,20
visible,135,out3,245B,10
visible,135,out4,245E,30
visible,135,out5,2461,00
visible,135,out6,2464,20
visible,135,out7,2467,10
visible,135,out8,246A,30
visible,135,out9,246D,00
visible,135,out10,2470,20
visible,135,out11,2473,10
visible,135,out12,2476,30
visible,135,out13,2479,00
visible,135,out14,247C,20
visible,135,out15,247F,10
visible,135,out16,2482,30
visible,135,out17,2485,00
visible,136,out1,2489,00
visible,136,out2,248C,20
visible,136,out3,248F,10
visible,136,out4,2492,30
visible,136,out5,2495,00
visible,136,out6,2498,20
visible,136,out7,249B,10
visible,136,out8,249E,30
visible,136,out9,24A1,00
visible,136,out10,24A4,20
visible,136,out11,24A7,10
visible,136,out12,24AA,30
visible,136,out13,24AD,00
visible,136,out14,24B0,20
visible,136,out15,24B3,10
visible,136,out16,24B6,30
visible,136,out17,24B9,00
visible,137,out1,24BD,00
visible,137,out2,24C0,20
visible,137,out3,24C3,10
visible,137,out4,24C6,30
visible,137,out5,24C9,00
visible,137,out6,24CC,20
visible,137,out7,24CF,10
visible,137,out8,24D2,30
visible,137,out9,24D5,00
visible,137,out10,24D8,20
visible,137,out11,24DB,10
visible,137,out12,24DE,30
visible,137,out13,24E1,00
visible,137,out14,24E4,20
visible,137,out15,24E7,10
visible,137,out16,24EA,30
visible,137,out17,24ED,00
visible,138,out1,24F1,00
visible,138,out2,24F4,20
visible,138,out3,24F7,10
visible,138,out4,24FA,30
visible,138,out5,24FD,00
visible,138,out6,2500,20
visible,138,out7,2503,10
visible,138,out8,2506,30
visible,138,out9,2509,00
visible,138,out10,250C,20
visible,138,out11,250F,10
visible,138,out12,2512,30
visible,138,out13,2515,00
visible,138,out14,2518,20
visible,138,out15,251B,10
visible,138,out16,251E,30
visible,138,out17,2521,00
visible,139,out1,2525,00
visible,139,out2,2528,20
visible,139,out3,252B,10
visible,139,out4,252E,30
visible,139,out5,2531,00
visible,139,out6,2534,20
visible,139,out7,2537,10
visible,139,out8,253A,30
visible,139,out9,253D,00
visible,139,out10,2540,20
visible,139,out11,2543,10
visible,139,out12,2546,30
visible,139,out13,2549,00
visible,139,out14,254C,20
visible,139,out15,254F,10
visible,139,out16,2552,30
visible,139,out17,2555,00
visible,140,out1,2559,00
visible,140,out2,255C,20
visible,140,out3,255F,10
visible,140,out4,2562,30
visible,140,out5,2565,00
visible,140,out6,2568,20
visible,140,out7,256B,10
visible,140,out8,256E,30
visible,140,out9,2571,00
visible,140,out10,2574,20
visible,140,out11,2577,10
visible,140,out12,257A,30
visible,140,out13,257D,00
visible,140,out14,2580,20
visible,140,out15,2583,10
visible,140,out16,2586,30
visible,140,out17,2589,00
visible,141,out1,258D,00
visible,141,out2,2590,20
visible,141,out3,2593,10
visible,141,out4,2596,30
visible,141,out5,2599,00
visible,141,out6,259C,20
visible,141,out7,259F,10
visible,141,out8,25A2,30
visible,141,out9,25A5,00
visible,141,out10,25A8,20
visible,141,out11,25AB,10
visible,141,out12,25AE,30
visible,141,out13,25B1,00
visible,141,out14,25B4,20
visible,141,out15,25B7,10
visible,141,out16,25BA,30
visible,141,out17,25BD,00
visible,142,out1,25C1,00
visible,142,out2,25C4,20
visible,142,out3,25C7,10
visible,142,out4,25CA,30
visible,142,out5,25CD,00
visible,142,out6,25D0,20
visible,142,out7,25D3,10
visible,142,out8,25D6,30
visible,142,out9,25D9,00
visible,142,out10,25DC,20
visible,142,out11,25DF,10
visible,142,out12,25E2,30
visible,142,out13,25E5,00
visible,142,out14,25E8,20
visible,142,out15,25EB,10
visible,142,out16,25EE,30
visible,142,out17,25F1,00
visible,143,out1,25F5,00
visible,143,out2,25F8,20
visible,143,out3,25FB,10
visible,143,out4,25FE,30
visible,143,out5,2601,00
visible,143,out6,2604,20
visible,143,out7,2607,10
visible,143,out8,260A,30
visible,143,out9,260D,00
visible,143,out10,2610,20
visible,143,out11,2613,10
visible,143,out12,2616,30
visible,143,out13,2619,00
visible,143,out14,261C,20
visible,143,out15,261F,10
visible,143,out16,2622,30
visible,143,out17,2625,00
visible,144,out1,2629,00
visible,144,out2,262C,20
visible,144,out3,262F,10
visible,144,out4,2632,30
visible,144,out5,2635,00
visible,144,out6,2638,20
visible,144,out7,263B,10
visible,144,out8,263E,30
visible,144,out9,2641,00
visible,144,out10,2644,20
visible,144,out11,2647,10
visible,144,out12,264A,30
visible,144,out13,264D,00
visible,144,out14,2650,20
visible,144,out15,2653,10
visible,144,out16,2656,30
visible,144,out17,2659,00
visible,145,out1,265D,00
visible,145,out2,2660,20
visible,145,out3,2663,10
visible,145,out4,2666,30
visible,145,out5,2669,00
visible,145,out6,266C,20
visible,145,out7,266F,10
visible,145,out8,2672,30
visible,145,out9,2675,00
visible,145,out10,2678,20
visible,145,out11,267B,10
visible,145,out12,267E,30
visible,145,out13,2681,00
visible,145,out14,2684,20
visible,145,out15,2687,10
visible,145,out16,268A,30
visible,145,out17,268D,00
visible,146,out1,2691,00
visible,146,out2,2694,20
visible,146,out3,2697,10
visible,146,out4,269A,30
visible,146,out5,269D,00
visible,146,out6,26A0,20
visible,146,out7,26A3,10
visible,146,out8,26A6,30
visible,146,out9,26A9,00
visible,146,out10,26AC,20
visible,146,out11,26AF,10
visible,146,out12,26B2,30
visible,146,out13,26B5,00
visible,146,out14,26B8,20
visible,146,out15,26BB,10
visible,146,out16,26BE,30
visible,146,out17,26C1,00
visible,147,out1,26C5,00
visible,147,out2,26C8,20
visible,147,out3,26CB,10
visible,147,out4,26CE,30
visible,147,out5,26D1,00
visible,147,out6,26D4,20
visible,147,out7,26D7,10
visible,147,out8,26DA,30
visible,147,out9,26DD,00
visible,147,out10,26E0,20
visible,147,out11,26E3,10
visible,147,out12,26E6,30
visible,147,out13,26E9,00
visible,147,out14,26EC,20
visible,147,out15,26EF,10
visible,147,out16,26F2,30
visible,147,out17,26F5,00
visible,148,out1,26F9,00
visible,148,out2,26FC,20
visible,148,out3,26FF,10
visible,148,out4,2702,30
visible,148,out5,2705,00
visible,148,out6,2708,20
visible,148,out7,270B,10
visible,148,out8,270E,30
visible,148,out9,2711,00
visible,148,out10,2714,20
visible,148,out11,2717,10
visible,148,out12,271A,30
visible,148,out13,271D,00
visible,148,out14,2720,20
visible,148,out15,2723,10
visible,148,out16,2726,30
visible,148,out17,2729,00
visible,149,out1,272D,00
visible,149,out2,2730,20
visible,149,out3,2733,10
visible,149,out4,2736,30
visible,149,out5,2739,00
visible,149,out6,273C,20
visible,149,out7,273F,10
visible,149,out8,2742,30
visible,149,out9,2745,00
visible,149,out10,2748,20
visible,149,out11,274B,10
visible,149,out12,274E,30
visible,149,out13,2751,00
visible,149,out14,2754,20
visible,149,out15,2757,10
visible,149,out16,275A,30
visible,149,out17,275D,00
visible,150,out1,2761,00
visible,150,out2,2764,20
visible,150,out3,2767,10
visible,150,out4,276A,30
visible,150,out5,276D,00
visible,150,out6,2770,20
visible,150,out7,2773,10
visible,150,out8,2776,30
visible,150,out9,2779,00
visible,150,out10,277C,20
visible,150,out11,277F,10
visible,150,out12,2782,30
visible,150,out13,2785,00
visible,150,out14,2788,20
visible,150,out15,278B,10
visible,150,out16,278E,30
visible,150,out17,2791,00
visible,151,out1,2795,00
visible,151,out2,2798,20
visible,151,out3,279B,10
visible,151,out4,279E,30
visible,151,out5,27A1,00
visible,151,out6,27A4,20
visible,151,out7,27A7,10
visible,151,out8,27AA,30
visible,151,out9,27AD,00
visible,151,out10,27B0,20
visible,151,out11,27B3,10
visible,151,out12,27B6,30
visible,151,out13,27B9,00
visible,151,out14,27BC,20
visible,151,out15,27BF,10
visible,151,out16,27C2,30
visible,151,out17,27C5,00
visible,152,out1,27C9,00
visible,152,out2,27CC,20
visible,152,out3,27CF,10
visible,152,out4,27D2,30
visible,152,out5,27D5,00
visible,152,out6,27D8,20
visible,152,out7,27DB,10
visible,152,out8,27DE,30
visible,152,out9,27E1,00
visible,152,out10,27E4,20
visible,152,out11,27E7,10
visible,152,out12,27EA,30
visible,152,out13,27ED,00
visible,152,out14,27F0,20
visible,152,out15,27F3,10
visible,152,out16,27F6,30
visible,152,out17,27F9,00
visible,153,out1,27FD,00
visible,153,out2,2800,20
visible,153,out3,2803,10
visible,153,out4,2806,30
visible,153,out5,2809,00
visible,153,out6,280C,20
visible,153,out7,280F,10
visible,153,out8,2812,30
visible,153,out9,2815,00
visible,153,out10,2818,20
visible,153,out11,281B,10
visible,153,out12,281E,30
visible,153,out13,2821,00
visible,153,out14,2824,20
visible,153,out15,2827,10
visible,153,out16,282A,30
visible,153,out17,282D,00
visible,154,out1,2831,00
visible,154,out2,2834,20
visible,154,out3,2837,10
visible,154,out4,283A,30
visible,154,out5,283D,00
visible,154,out6,2840,20
visible,154,out7,2843,10
visible,154,out8,2846,30
visible,154,out9,2849,00
visible,154,out10,284C,20
visible,154,out11,284F,10
visible,154,out12,2852,30
visible,154,out13,2855,00
visible,154,out14,2858,20
visible,154,out15,285B,10
visible,154,out16,285E,30
visible,154,out17,2861,00
visible,155,out1,2865,00
visible,155,out2,2868,20
visible,155,out3,286B,10
visible,155,out4,286E,30
visible,155,out5,2871,00
visible,155,out6,2874,20
visible,155,out7,2877,10
visible,155,out8,287A,30
visible,155,out9,287D,00
visible,155,out10,2880,20
visible,155,out11,2883,10
visible,155,out12,2886,30
visible,155,out13,2889,00
visible,155,out14,288C,20
visible,155,out15,288F,10
visible,155,out16,2892,30
visible,155,out17,2895,00
visible,156,out1,2899,00
visible,156,out2,289C,20
visible,156,out3,289F,10
visible,156,out4,28A2,30
visible,156,out5,28A5,00
visible,156,out6,28A8,20
visible,156,out7,28AB,10
visible,156,out8,28AE,30
visible,156,out9,28B1,00
visible,156,out10,28B4,20
visible,156,out11,28B7,10
visible,156,out12,28BA,30
visible,156,out13,28BD,00
visible,156,out14,28C0,20
visible,156,out15,28C3,10
visible,156,out16,28C6,30
visible,156,out17,28C9,00
visible,157,out1,28CD,00
visible,157,out2,28D0,20
visible,157,out3,28D3,10
visible,157,out4,28D6,30
visible,157,out5,28D9,00
visible,157,out6,28DC,20
visible,157,out7,28DF,10
visible,157,out8,28E2,30
visible,157,out9,28E5,00
visible,157,out10,28E8,20
visible,157,out11,28EB,10
visible,157,out12,28EE,30
visible,157,out13,28F1,00
visible,157,out14,28F4,20
visible,157,out15,28F7,10
visible,157,out16,28FA,30
visible,157,out17,28FD,00
visible,158,out1,2901,00
visible,158,out2,2904,20
visible,158,out3,2907,10
visible,158,out4,290A,30
visible,158,out5,290D,00
visible,158,out6,2910,20
visible,158,out7,2913,10
visible,158,out8,2916,30
visible,158,out9,2919,00
visible,158,out10,291C,20
visible,158,out11,291F,10
visible,158,out12,2922,30
visible,158,out13,2925,00
visible,158,out14,2928,20
visible,158,out15,292B,10
visible,158,out16,292E,30
visible,158,out17,2931,00
visible,159,out1,2935,00
visible,159,out2,2938,20
visible,159,out3,293B,10
visible,159,out4,293E,30
visible,159,out5,2941,00
visible,159,out6,2944,20
visible,159,out7,2947,10
visible,159,out8,294A,30
visible,159,out9,294D,00
visible,159,out10,2950,20
visible,159,out11,2953,10
visible,159,out12,2956,30
visible,159,out13,2959,00
visible,159,out14,295C,20
visible,159,out15,295F,10
visible,159,out16,2962,30
visible,159,out17,2965,00
visible,160,out1,2969,00
visible,160,out2,296C,20
visible,160,out3,296F,10
visible,160,out4,2972,30
visible,160,out5,2975,00
visible,160,out6,2978,20
visible,160,out7,297B,10
visible,160,out8,297E,30
visible,160,out9,2981,00
visible,160,out10,2984,20
visible,160,out11,2987,10
visible,160,out12,298A,30
visible,160,out13,298D,00
visible,160,out14,2990,20
visible,160,out15,2993,10
visible,160,out16,2996,30
visible,160,out17,2999,00
visible,161,out1,299D,00
visible,161,out2,29A0,20
visible,161,out3,29A3,10
visible,161,out4,29A6,30
visible,161,out5,29A9,00
visible,161,out6,29AC,20
visible,161,out7,29AF,10
visible,161,out8,29B2,30
visible,161,out9,29B5,00
visible,161,out10,29B8,20
visible,161,out11,29BB,10
visible,161,out12,29BE,30
visible,161,out13,29C1,00
visible,161,out14,29C4,20
visible,161,out15,29C7,10
visible,161,out16,29CA,30
visible,161,out17,29CD,00
visible,162,out1,29D1,00
visible,162,out2,29D4,20
visible,162,out3,29D7,10
visible,162,out4,29DA,30
visible,162,out5,29DD,00
visible,162,out6,29E0,20
visible,162,out7,29E3,10
visible,162,out8,29E6,30
visible,162,out9,29E9,00
visible,162,out10,29EC,20
visible,162,out11,29EF,10
visible,162,out12,29F2,30
visible,162,out13,29F5,00
visible,162,out14,29F8,20
visible,162,out15,29FB,10
visible,162,out16,29FE,30
visible,162,out17,2A01,00
visible,163,out1,2A05,00
visible,163,out2,2A08,20
visible,163,out3,2A0B,10
visible,163,out4,2A0E,30
visible,163,out5,2A11,00
visible,163,out6,2A14,20
visible,163,out7,2A17,10
visible,163,out8,2A1A,30
visible,163,out9,2A1D,00
visible,163,out10,2A20,20
visible,163,out11,2A23,10
visible,163,out12,2A26,30
visible,163,out13,2A29,00
visible,163,out14,2A2C,20
visible,163,out15,2A2F,10
visible,163,out16,2A32,30
visible,163,out17,2A35,00
visible,164,out1,2A39,00
visible,164,out2,2A3C,20
visible,164,out3,2A3F,10
visible,164,out4,2A42,30
visible,164,out5,2A45,00
visible,164,out6,2A48,20
visible,164,out7,2A4B,10
visible,164,out8,2A4E,30
visible,164,out9,2A51,00
visible,164,out10,2A54,20
visible,164,out11,2A57,10
visible,164,out12,2A5A,30
visible,164,out13,2A5D,00
visible,164,out14,2A60,20
visible,164,out15,2A63,10
visible,164,out16,2A66,30
visible,164,out17,2A69,00
visible,165,out1,2A6D,00
visible,165,out2,2A70,20
visible,165,out3,2A73,10
visible,165,out4,2A76,30
visible,165,out5,2A79,00
visible,165,out6,2A7C,20
visible,165,out7,2A7F,10
visible,165,out8,2A82,30
visible,165,out9,2A85,00
visible,165,out10,2A88,20
visible,165,out11,2A8B,10
visible,165,out12,2A8E,30
visible,165,out13,2A91,00
visible,165,out14,2A94,20
visible,165,out15,2A97,10
visible,165,out16,2A9A,30
visible,165,out17,2A9D,00
visible,166,out1,2AA1,00
visible,166,out2,2AA4,20
visible,166,out3,2AA7,10
visible,166,out4,2AAA,30
visible,166,out5,2AAD,00
visible,166,out6,2AB0,20
visible,166,out7,2AB3,10
visible,166,out8,2AB6,30
visible,166,out9,2AB9,00
visible,166,out10,2ABC,20
visible,166,out11,2ABF,10
visible,166,out12,2AC2,30
visible,166,out13,2AC5,00
visible,166,out14,2AC8,20
visible,166,out15,2ACB,10
visible,166,out16,2ACE,30
visible,166,out17,2AD1,00
visible,167,out1,2AD5,00
visible,167,out2,2AD8,20
visible,167,out3,2ADB,10
visible,167,out4,2ADE,30
visible,167,out5,2AE1,00
visible,167,out6,2AE4,20
visible,167,out7,2AE7,10
visible,167,out8,2AEA,30
visible,167,out9,2AED,00
visible,167,out10,2AF0,20
visible,167,out11,2AF3,10
visible,167,out12,2AF6,30
visible,167,out13,2AF9,00
visible,167,out14,2AFC,20
visible,167,out15,2AFF,10
visible,167,out16,2B02,30
visible,167,out17,2B05,00
visible,168,out1,2B09,00
visible,168,out2,2B0C,20
visible,168,out3,2B0F,10
visible,168,out4,2B12,30
visible,168,out5,2B15,00
visible,168,out6,2B18,20
visible,168,out7,2B1B,10
visible,168,out8,2B1E,30
visible,168,out9,2B21,00
visible,168,out10,2B24,20
visible,168,out11,2B27,10
visible,168,out12,2B2A,30
visible,168,out13,2B2D,00
visible,168,out14,2B30,20
visible,168,out15,2B33,10
visible,168,out16,2B36,30
visible,168,out17,2B39,00
visible,169,out1,2B3D,00
visible,169,out2,2B40,20
visible,169,out3,2B43,10
visible,169,out4,2B46,30
visible,169,out5,2B49,00
visible,169,out6,2B4C,20
visible,169,out7,2B4F,10
visible,169,out8,2B52,30
visible,169,out9,2B55,00
visible,169,out10,2B58,20
visible,169,out11,2B5B,10
visible,169,out12,2B5E,30
visible,169,out13,2B61,00
visible,169,out14,2B64,20
visible,169,out15,2B67,10
visible,169,out16,2B6A,30
visible,169,out17,2B6D,00
visible,170,out1,2B71,00
visible,170,out2,2B74,20
visible,170,out3,2B77,10
visible,170,out4,2B7A,30
visible,170,out5,2B7D,00
visible,170,out6,2B80,20
visible,170,out7,2B83,10
visible,170,out8,2B86,30
visible,170,out9,2B89,00
visible,170,out10,2B8C,20
visible,170,out11,2B8F,10
visible,170,out12,2B92,30
visible,170,out13,2B95,00
visible,170,out14,2B98,20
visible,170,out15,2B9B,10
visible,170,out16,2B9E,30
visible,170,out17,2BA1,00
visible,171,out1,2BA5,00
visible,171,out2,2BA8,20
visible,171,out3,2BAB,10
visible,171,out4,2BAE,30
visible,171,out5,2BB1,00
visible,171,out6,2BB4,20
visible,171,out7,2BB7,10
visible,171,out8,2BBA,30
visible,171,out9,2BBD,00
visible,171,out10,2BC0,20
visible,171,out11,2BC3,10
visible,171,out12,2BC6,30
visible,171,out13,2BC9,00
visible,171,out14,2BCC,20
visible,171,out15,2BCF,10
visible,171,out16,2BD2,30
visible,171,out17,2BD5,00
visible,172,out1,2BD9,00
visible,172,out2,2BDC,20
visible,172,out3,2BDF,10
visible,172,out4,2BE2,30
visible,172,out5,2BE5,00
visible,172,out6,2BE8,20
visible,172,out7,2BEB,10
visible,172,out8,2BEE,30
visible,172,out9,2BF1,00
visible,172,out10,2BF4,20
visible,172,out11,2BF7,10
visible,172,out12,2BFA,30
visible,172,out13,2BFD,00
visible,172,out14,2C00,20
visible,172,out15,2C03,10
visible,172,out16,2C06,30
visible,172,out17,2C09,00
visible,173,out1,2C0D,00
visible,173,out2,2C10,20
visible,173,out3,2C13,10
visible,173,out4,2C16,30
visible,173,out5,2C19,00
visible,173,out6,2C1C,20
visible,173,out7,2C1F,10
visible,173,out8,2C22,30
visible,173,out9,2C25,00
visible,173,out10,2C28,20
visible,173,out11,2C2B,10
visible,173,out12,2C2E,30
visible,173,out13,2C31,00
visible,173,out14,2C34,20
visible,173,out15,2C37,10
visible,173,out16,2C3A,30
visible,173,out17,2C3D,00
visible,174,out1,2C41,00
visible,174,out2,2C44,20
visible,174,out3,2C47,10
visible,174,out4,2C4A,30
visible,174,out5,2C4D,00
visible,174,out6,2C50,20
visible,174,out7,2C53,10
visible,174,out8,2C56,30
visible,174,out9,2C59,00
visible,174,out10,2C5C,20
visible,174,out11,2C5F,10
visible,174,out12,2C62,30
visible,174,out13,2C65,00
visible,174,out14,2C68,20
visible,174,out15,2C6B,10
visible,174,out16,2C6E,30
visible,174,out17,2C71,00
visible,175,out1,2C75,00
visible,175,out2,2C78,20
visible,175,out3,2C7B,10
visible,175,out4,2C7E,30
visible,175,out5,2C81,00
visible,175,out6,2C84,20
visible,175,out7,2C87,10
visible,175,out8,2C8A,30
visible,175,out9,2C8D,00
visible,175,out10,2C90,20
visible,175,out11,2C93,10
visible,175,out12,2C96,30
visible,175,out13,2C99,00
visible,175,out14,2C9C,20
visible,175,out15,2C9F,10
visible,175,out16,2CA2,30
visible,175,out17,2CA5,00
visible,176,out1,2CA9,00
visible,176,out2,2CAC,20
visible,176,out3,2CAF,10
visible,176,out4,2CB2,30
visible,176,out5,2CB5,00
visible,176,out6,2CB8,20
visible,176,out7,2CBB,10
visible,176,out8,2CBE,30
visible,176,out9,2CC1,00
visible,176,out10,2CC4,20
visible,176,out11,2CC7,10
visible,176,out12,2CCA,30
visible,176,out13,2CCD,00
visible,176,out14,2CD0,20
visible,176,out15,2CD3,10
visible,176,out16,2CD6,30
visible,176,out17,2CD9,00
visible,177,out1,2CDD,00
visible,177,out2,2CE0,20
visible,177,out3,2CE3,10
visible,177,out4,2CE6,30
visible,177,out5,2CE9,00
visible,177,out6,2CEC,20
visible,177,out7,2CEF,10
visible,177,out8,2CF2,30
visible,177,out9,2CF5,00
visible,177,out10,2CF8,20
visible,177,out11,2CFB,10
visible,177,out12,2CFE,30
visible,177,out13,2D01,00
visible,177,out14,2D04,20
visible,177,out15,2D07,10
visible,177,out16,2D0A,30
visible,177,out17,2D0D,00
visible,178,out1,2D11,00
visible,178,out2,2D14,20
visible,178,out3,2D17,10
visible,178,out4,2D1A,30
visible,178,out5,2D1D,00
visible,178,out6,2D20,20
visible,178,out7,2D23,10
visible,178,out8,2D26,30
visible,178,out9,2D29,00
visible,178,out10,2D2C,20
visible,178,out11,2D2F,10
visible,178,out12,2D32,30
visible,178,out13,2D35,00
visible,178,out14,2D38,20
visible,178,out15,2D3B,10
visible,178,out16,2D3E,30
visible,178,out17,2D41,00
visible,179,out1,2D45,00
visible,179,out2,2D48,20
visible,179,out3,2D4B,10
visible,179,out4,2D4E,30
visible,179,out5,2D51,00
visible,179,out6,2D54,20
visible,179,out7,2D57,10
visible,179,out8,2D5A,30
visible,179,out9,2D5D,00
visible,179,out10,2D60,20
visible,179,out11,2D63,10
visible,179,out12,2D66,30
visible,179,out13,2D69,00
visible,179,out14,2D6C,20
visible,179,out15,2D6F,10
visible,179,out16,2D72,30
visible,179,out17,2D75,00
visible,180,out1,2D79,00
visible,180,out2,2D7C,20
visible,180,out3,2D7F,10
visible,180,out4,2D82,30
visible,180,out5,2D85,00
visible,180,out6,2D88,20
visible,180,out7,2D8B,10
visible,180,out8,2D8E,30
visible,180,out9,2D91,00
visible,180,out10,2D94,20
visible,180,out11,2D97,10
visible,180,out12,2D9A,30
visible,180,out13,2D9D,00
visible,180,out14,2DA0,20
visible,180,out15,2DA3,10
visible,180,out16,2DA6,30
visible,180,out17,2DA9,00
visible,181,out1,2DAD,00
visible,181,out2,2DB0,20
visible,181,out3,2DB3,10
visible,181,out4,2DB6,30
visible,181,out5,2DB9,00
visible,181,out6,2DBC,20
visible,181,out7,2DBF,10
visible,181,out8,2DC2,30
visible,181,out9,2DC5,00
visible,181,out10,2DC8,20
visible,181,out11,2DCB,10
visible,181,out12,2DCE,30
visible,181,out13,2DD1,00
visible,181,out14,2DD4,20
visible,181,out15,2DD7,10
visible,181,out16,2DDA,30
visible,181,out17,2DDD,00
visible,182,out1,2DE1,00
visible,182,out2,2DE4,20
visible,182,out3,2DE7,10
visible,182,out4,2DEA,30
visible,182,out5,2DED,00
visible,182,out6,2DF0,20
visible,182,out7,2DF3,10
visible,182,out8,2DF6,30
visible,182,out9,2DF9,00
visible,182,out10,2DFC,20
visible,182,out11,2DFF,10
visible,182,out12,2E02,30
visible,182,out13,2E05,00
visible,182,out14,2E08,20
visible,182,out15,2E0B,10
visible,182,out16,2E0E,30
visible,182,out17,2E11,00
visible,183,out1,2E15,00
visible,183,out2,2E18,20
visible,183,out3,2E1B,10
visible,183,out4,2E1E,30
visible,183,out5,2E21,00
visible,183,out6,2E24,20
visible,183,out7,2E27,10
visible,183,out8,2E2A,30
visible,183,out9,2E2D,00
visible,183,out10,2E30,20
visible,183,out11,2E33,10
visible,183,out12,2E36,30
visible,183,out13,2E39,00
visible,183,out14,2E3C,20
visible,183,out15,2E3F,10
visible,183,out16,2E42,30
visible,183,out17,2E45,00
visible,184,out1,2E49,00
visible,184,out2,2E4C,20
visible,184,out3,2E4F,10
visible,184,out4,2E52,30
visible,184,out5,2E55,00
visible,184,out6,2E58,20
visible,184,out7,2E5B,10
visible,184,out8,2E5E,30
visible,184,out9,2E61,00
visible,184,out10,2E64,20
visible,184,out11,2E67,10
visible,184,out12,2E6A,30
visible,184,out13,2E6D,00
visible,184,out14,2E70,20
visible,184,out15,2E73,10
visible,184,out16,2E76,30
visible,184,out17,2E79,00
visible,185,out1,2E7D,00
visible,185,out2,2E80,20
visible,185,out3,2E83,10
visible,185,out4,2E86,30
visible,185,out5,2E89,00
visible,185,out6,2E8C,20
visible,185,out7,2E8F,10
visible,185,out8,2E92,30
visible,185,out9,2E95,00
visible,185,out10,2E98,20
visible,185,out11,2E9B,10
visible,185,out12,2E9E,30
visible,185,out13,2EA1,00
visible,185,out14,2EA4,20
visible,185,out15,2EA7,10
visible,185,out16,2EAA,30
visible,185,out17,2EAD,00
visible,186,out1,2EB1,00
visible,186,out2,2EB4,20
visible,186,out3,2EB7,10
visible,186,out4,2EBA,30
visible,186,out5,2EBD,00
visible,186,out6,2EC0,20
visible,186,out7,2EC3,10
visible,186,out8,2EC6,30
visible,186,out9,2EC9,00
visible,186,out10,2ECC,20
visible,186,out11,2ECF,10
visible,186,out12,2ED2,30
visible,186,out13,2ED5,00
visible,186,out14,2ED8,20
visible,186,out15,2EDB,10
visible,186,out16,2EDE,30
visible,186,out17,2EE1,00
visible,187,out1,2EE5,00
visible,187,out2,2EE8,20
visible,187,out3,2EEB,10
visible,187,out4,2EEE,30
visible,187,out5,2EF1,00
visible,187,out6,2EF4,20
visible,187,out7,2EF7,10
visible,187,out8,2EFA,30
visible,187,out9,2EFD,00
visible,187,out10,2F00,20
visible,187,out11,2F03,10
visible,187,out12,2F06,30
visible,187,out13,2F09,00
visible,187,out14,2F0C,20
visible,187,out15,2F0F,10
visible,187,out16,2F12,30
visible,187,out17,2F15,00
visible,188,out1,2F19,00
visible,188,out2,2F1C,20
visible,188,out3,2F1F,10
visible,188,out4,2F22,30
visible,188,out5,2F25,00
visible,188,out6,2F28,20
visible,188,out7,2F2B,10
visible,188,out8,2F2E,30
visible,188,out9,2F31,00
visible,188,out10,2F34,20
visible,188,out11,2F37,10
visible,188,out12,2F3A,30
visible,188,out13,2F3D,00
visible,188,out14,2F40,20
visible,188,out15,2F43,10
visible,188,out16,2F46,30
visible,188,out17,2F49,00
visible,189,out1,2F4D,00
visible,189,out2,2F50,20
visible,189,out3,2F53,10
visible,189,out4,2F56,30
visible,189,out5,2F59,00
visible,189,out6,2F5C,20
visible,189,out7,2F5F,10
visible,189,out8,2F62,30
visible,189,out9,2F65,00
visible,189,out10,2F68,20
visible,189,out11,2F6B,10
visible,189,out12,2F6E,30
visible,189,out13,2F71,00
visible,189,out14,2F74,20
visible,189,out15,2F77,10
visible,189,out16,2F7A,30
visible,189,out17,2F7D,00
visible,190,out1,2F81,00
visible,190,out2,2F84,20
visible,190,out3,2F87,10
visible,190,out4,2F8A,30
visible,190,out5,2F8D,00
visible,190,out6,2F90,20
visible,190,out7,2F93,10
visible,190,out8,2F96,30
visible,190,out9,2F99,00
visible,190,out10,2F9C,20
visible,190,out11,2F9F,10
visible,190,out12,2FA2,30
visible,190,out13,2FA5,00
visible,190,out14,2FA8,20
visible,190,out15,2FAB,10
visible,190,out16,2FAE,30
visible,190,out17,2FB1,00
visible,191,out1,2FB5,00
visible,191,out2,2FB8,20
visible,191,out3,2FBB,10
visible,191,out4,2FBE,30
visible,191,out5,2FC1,00
visible,191,out6,2FC4,20
visible,191,out7,2FC7,10
visible,191,out8,2FCA,30
visible,191,out9,2FCD,00
visible,191,out10,2FD0,20
visible,191,out11,2FD3,10
visible,191,out12,2FD6,30
visible,191,out13,2FD9,00
visible,191,out14,2FDC,20
visible,191,out15,2FDF,10
visible,191,out16,2FE2,30
visible,191,out17,2FE5,00
visible,192,out1,2FE9,00
visible,192,out2,2FEC,20
visible,192,out3,2FEF,10
visible,192,out4,2FF2,30
visible,192,out5,2FF5,00
visible,192,out6,2FF8,20
visible,192,out7,2FFB,10
visible,192,out8,2FFE,30
visible,192,out9,3001,00
visible,192,out10,3004,20
visible,192,out11,3007,10
visible,192,out12,300A,30
visible,192,out13,300D,00
visible,192,out14,3010,20
visible,192,out15,3013,10
visible,192,out16,3016,30
visible,192,out17,3019,00
visible,193,out1,301D,00
visible,193,out2,3020,20
visible,193,out3,3023,10
visible,193,out4,3026,30
visible,193,out5,3029,00
visible,193,out6,302C,20
visible,193,out7,302F,10
visible,193,out8,3032,30
visible,193,out9,3035,00
visible,193,out10,3038,20
visible,193,out11,303B,10
visible,193,out12,303E,30
visible,193,out13,3041,00
visible,193,out14,3044,20
visible,193,out15,3047,10
visible,193,out16,304A,30
visible,193,out17,304D,00
visible,194,out1,3051,00
visible,194,out2,3054,20
visible,194,out3,3057,10
visible,194,out4,305A,30
visible,194,out5,305D,00
visible,194,out6,3060,20
visible,194,out7,3063,10
visible,194,out8,3066,30
visible,194,out9,3069,00
visible,194,out10,306C,20
visible,194,out11,306F,10
visible,194,out12,3072,30
visible,194,out13,3075,00
visible,194,out14,3078,20
visible,194,out15,307B,10
visible,194,out16,307E,30
visible,194,out17,3081,00
visible,195,out1,3085,00
visible,195,out2,3088,20
visible,195,out3,308B,10
visible,195,out4,308E,30
visible,195,out5,3091,00
visible,195,out6,3094,20
visible,195,out7,3097,10
visible,195,out8,309A,30
visible,195,out9,309D,00
visible,195,out10,30A0,20
visible,195,out11,30A3,10
visible,195,out12,30A6,30
visible,195,out13,30A9,00
visible,195,out14,30AC,20
visible,195,out15,30AF,10
visible,195,out16,30B2,30
visible,195,out17,30B5,00
visible,196,out1,30B9,00
visible,196,out2,30BC,20
visible,196,out3,30BF,10
visible,196,out4,30C2,30
visible,196,out5,30C5,00
visible,196,out6,30C8,20
visible,196,out7,30CB,10
visible,196,out8,30CE,30
visible,196,out9,30D1,00
visible,196,out10,30D4,20
visible,196,out11,30D7,10
visible,196,out12,30DA,30
visible,196,out13,30DD,00
visible,196,out14,30E0,20
visible,196,out15,30E3,10
visible,196,out16,30E6,30
visible,196,out17,30E9,00
visible,197,out1,30ED,00
visible,197,out2,30F0,20
visible,197,out3,30F3,10
visible,197,out4,30F6,30
visible,197,out5,30F9,00
visible,197,out6,30FC,20
visible,197,out7,30FF,10
visible,197,out8,3102,30
visible,197,out9,3105,00
visible,197,out10,3108,20
visible,197,out11,310B,10
visible,197,out12,310E,30
visible,197,out13,3111,00
visible,197,out14,3114,20
visible,197,out15,3117,10
visible,197,out16,311A,30
visible,197,out17,311D,00
visible,198,out1,3121,00
visible,198,out2,3124,20
visible,198,out3,3127,10
visible,198,out4,312A,30
visible,198,out5,312D,00
visible,198,out6,3130,20
visible,198,out7,3133,10
visible,198,out8,3136,30
visible,198,out9,3139,00
visible,198,out10,313C,20
visible,198,out11,313F,10
visible,198,out12,3142,30
visible,198,out13,3145,00
visible,198,out14,3148,20
visible,198,out15,314B,10
visible,198,out16,314E,30
visible,198,out17,3151,00
visible,199,out1,3155,00
visible,199,out2,3158,20
visible,199,out3,315B,10
visible,199,out4,315E,30
visible,199,out5,3161,00
visible,199,out6,3164,20
visible,199,out7,3167,10
visible,199,out8,316A,30
visible,199,out9,316D,00
visible,199,out10,3170,20
visible,199,out11,3173,10
visible,199,out12,3176,30
visible,199,out13,3179,00
visible,199,out14,317C,20
visible,199,out15,317F,10
visible,199,out16,3182,30
visible,199,out17,3185,00
