; 320x200 mode 4 / 8 palette writes: acquired mode-4 raster, profile startlock-mode4
; Assemble: nasm -f bin "image.asm" -o "IMGLCK.COM"
; 320x200 packed 2-bit CGA VRAM; seven visible palette switches per line.
; Slot 8 in horizontal blanking supplies the next row's leading palette.
; Read tools/imagelock.asm for the acquisition and restoration source.
; Timing evidence and supported emulator settings: docs/IMAGELOCK.md.
bits 16
cpu 8086
org 0x100


; Entry and preserved released Lake acquisition
    db 0xE9,0xFD,0x07,0x90,0x90,0x90,0x90,0x90,0x90,0x90,0x90,0x90,0x90,0x90,0x90,0x90 ; COM 0100
    db 0x90,0x90,0x90,0x90,0x90,0x90,0x90,0x90,0x90,0x90,0x90,0x90,0x90,0x90,0x90,0x90 ; COM 0110
    db 0x90,0x90,0x90,0x90,0x90,0x90,0x90,0x90,0x90,0x90,0x90,0x90,0x90,0x90,0x90,0x90 ; COM 0120
    db 0x90,0x90,0x90,0x90,0x90,0x90,0x90,0x90,0x90,0x90,0x90,0x90,0x90,0x90,0x90,0x90 ; COM 0130
    db 0x90,0x90,0x90,0x90,0x90,0x90,0x90,0x90,0x90,0x90,0x90,0x90,0x90,0x90,0x90,0x90 ; COM 0140
    db 0x90,0x90,0x90,0x90,0x90,0x90,0x90,0x90,0x90,0x90,0x90,0x90,0x90,0x90,0x90,0x90 ; COM 0150
    db 0x90,0x90,0x90,0x90,0x90,0x90,0x90,0x90,0x90,0x90,0x90,0x90,0x90,0x90,0x90,0x90 ; COM 0160
    db 0x90,0x90,0x90,0x90,0x90,0x90,0x90,0x90,0x90,0x90,0x90,0x90,0x90,0x90,0x90,0x90 ; COM 0170
    db 0x90,0x90,0xBA,0xD8,0x03,0xB0,0x00,0xEE,0x42,0xB0,0x00,0xEE,0xB2,0xD4,0xB8,0x00 ; COM 0180
    db 0x38,0xEF,0xB8,0x01,0x28,0xEF,0xB8,0x02,0x2D,0xEF,0xB8,0x03,0x0A,0xEF,0xB8,0x04 ; COM 0190
    db 0x1F,0xEF,0xB8,0x05,0x06,0xEF,0xB8,0x06,0x19,0xEF,0xB8,0x07,0x1C,0xEF,0xB8,0x08 ; COM 01A0
    db 0x02,0xEF,0xB8,0x09,0x07,0xEF,0xB8,0x0A,0x06,0xEF,0xB8,0x0B,0x07,0xEF,0xB8,0x0C ; COM 01B0
    db 0x00,0xEF,0x40,0xEF,0xB8,0x0E,0x03,0xEF,0xB8,0x0F,0xC0,0xEF,0xB2,0xDA,0xEC,0xA8 ; COM 01C0
    db 0x08,0x75,0xFB,0xEC,0xA8,0x08,0x74,0xFB,0xEC,0xA8,0x01,0x75,0xFB,0xBA,0xD4,0x03 ; COM 01D0
    db 0xB8,0x00,0x01,0xEF,0xB8,0x01,0x01,0xEF,0xB8,0x02,0x2D,0xEF,0xB8,0x03,0x0A,0xEF ; COM 01E0
    db 0xB8,0x04,0x01,0xEF,0xB8,0x05,0x00,0xEF,0xB8,0x06,0x01,0xEF,0xB8,0x07,0x1D,0xEF ; COM 01F0
    db 0xB8,0x08,0x02,0xEF,0xB8,0x09,0x00,0xEF,0xFA,0xFC,0x31,0xC0,0x8E,0xD8,0x89,0xC6 ; COM 0200
    db 0xB9,0x00,0x01,0xB0,0x54,0xE6,0x43,0xB0,0x02,0xE6,0x41,0xF3,0xAD,0xB0,0x50,0xE6 ; COM 0210
    db 0x43,0xB0,0x01,0xE6,0x41,0xB8,0x00,0xB8,0x8E,0xC0,0x8E,0xD8,0xBF,0xFC,0x3F,0x89 ; COM 0220
    db 0xFE,0xB8,0x03,0x03,0xAB,0xB0,0x00,0xAA,0xB2,0xDA,0xB1,0x01,0xEB,0x00,0xB0,0x00 ; COM 0230
    db 0xF6,0xE1,0xAC,0xF6,0xE1,0x90,0xAC,0xF6,0xE1,0x90,0xAC,0xF6,0xE1,0xB8,0x01,0x00 ; COM 0240
    db 0xA8,0x01,0x75,0x00,0xB0,0x01,0xF6,0xF1,0x90,0x90,0x90,0x90,0x90,0x90,0xEC,0xA8 ; COM 0250
    db 0x01,0x75,0xF1,0xBA,0xD8,0x03,0xB0,0x09,0xEE,0x42,0xB0,0x02,0xEE,0xB2,0xD4,0xB8 ; COM 0260
    db 0x00,0x71,0xEF,0xB8,0x01,0x50,0xEF,0xB8,0x02,0x5A,0xEF,0xB8,0x03,0x0F,0xEF,0xB8 ; COM 0270
    db 0x04,0x3F,0xEF,0xB8,0x05,0x00,0xEF,0xB8,0x06,0x02,0xEF,0xB8,0x07,0x19,0xEF,0xB8 ; COM 0280
    db 0x08,0x00,0xEF,0x40,0xEF,0xB8,0x0A,0x06,0xEF,0xB8,0x0B,0x07,0xEF,0xB8,0x0C,0x00 ; COM 0290
    db 0xEF,0x40,0xEF,0xB8,0x0E,0x3F,0xEF,0xB8,0x0F,0xFF,0xEF,0xB2,0xDA,0xEC,0xA8,0x08 ; COM 02A0
    db 0x75,0xFB,0xEC,0xA8,0x08,0x74,0xFB,0xEC,0xA8,0x01,0x75,0xFB,0xB8,0x04,0x01,0xB2 ; COM 02B0
    db 0xD4,0xEF,0xB0,0x34,0xE6,0x43,0xB0,0x02,0xE6,0x40,0xB0,0x00,0xE6,0x40,0x31,0xC0 ; COM 02C0
    db 0x8E,0xD8,0xC7,0x06,0x20,0x00,0x2C,0x03,0x8C,0x0E,0x22,0x00,0xB2,0xDA,0xEC,0xA8 ; COM 02D0
    db 0x01,0x74,0xFB,0xEC,0xA8,0x01,0x75,0xFB,0x2E,0x80,0x3E,0xE8,0x45,0x01,0x75,0x24 ; COM 02E0
    db 0xB2,0xD4,0xB8,0x00,0x72,0xEF,0xB2,0xDA,0xEC,0xA8,0x01,0x74,0xFB,0xEC,0xA8,0x01 ; COM 02F0
    db 0x75,0xFB,0xB2,0xD4,0xB8,0x00,0x71,0xEF,0xB2,0xDA,0xEC,0xA8,0x01,0x74,0xFB,0xEC ; COM 0300
    db 0xA8,0x01,0x75,0xFB,0xEC,0xA8,0x01,0x74,0xFB,0xEC,0xA8,0x01,0x75,0xFB,0xB0,0x34 ; COM 0310
    db 0xE6,0x43,0xB0,0x1F,0xE6,0x40,0xB0,0x00,0xE6,0x40,0xFB,0xF4,0xB0,0x4B,0xE6,0x40 ; COM 0320
    db 0xB0,0x00,0xE6,0x40,0xC7,0x06,0x20,0x00,0x40,0x03,0xB0,0x20,0xE6,0x20,0xFB,0xF4 ; COM 0330
    db 0xEC,0xA8,0x01,0x74,0x06,0xC7,0x06,0x20,0x00,0x54,0x03,0xB0,0x20,0xE6,0x20,0xBC ; COM 0340
    db 0x94,0xEC,0xFB,0xF4,0x2E,0xA1,0xE6,0x45,0xE6,0x40,0x88,0xE0,0xE6,0x40,0xC7,0x06 ; COM 0350
    db 0x20,0x00,0x6D,0x03,0xB0,0x20,0xE6,0x20,0xBC,0x94,0xEC,0xFB,0xF4,0xC7,0x06,0x20 ; COM 0360
    db 0x00,0x7C,0x03,0xB0,0x20,0xE6,0x20,0xBC,0x94,0xEC,0xFB,0xF4,0xB0,0x54,0xE6,0x43 ; COM 0370
    db 0xB0,0x13,0xE6,0x41,0xB0,0x20,0xE6,0x20,0xBC,0x94,0xEC,0xB2,0xD4,0xB8,0x04,0x3F ; COM 0380
    db 0xEF,0xB2,0xDA,0xEC,0xA8,0x08,0x75,0xFB,0xEC,0xA8,0x08,0x74,0xFB,0xEC,0xA8,0x01 ; COM 0390
    db 0x75,0xFB,0xB0,0x34,0xE6,0x43,0xB0,0xFF,0xE6,0x40,0xB0,0x12,0xE6,0x40,0xC7,0x06 ; COM 03A0
    db 0x20,0x00,0xB6,0x03,0xFB,0xF4,0xEC,0xA8,0x01,0x74,0x06,0xC7,0x06,0x20,0x00,0xCA ; COM 03B0
    db 0x03,0xB0,0x20,0xE6,0x20,0xBC,0x94,0xEC,0xFB,0xF4,0x2E,0xA1,0xE4,0x45,0xE6,0x40 ; COM 03C0
    db 0x88,0xE0,0xE6,0x40,0xC7,0x06,0x20,0x00,0xE3,0x03,0xB0,0x20,0xE6,0x20,0xBC,0x94 ; COM 03D0
    db 0xEC,0xFB,0xF4,0xB8,0xC8,0x00,0xE6,0x40,0xB0,0x4D,0xE6,0x40,0xC7,0x06,0x20,0x00 ; COM 03E0
    db 0x00,0x04,0xB0,0x20,0xE6,0x20,0xBC,0x94,0xEC,0x2E,0x8E,0x1E,0xC6,0x45,0xFB,0xF4 ; COM 03F0

; Mode-4 geometry and feedback acquisition
    db 0xFA,0xBC,0x94,0xEC,0x0E,0x1F,0xB0,0x20,0xE6,0x20,0xBA,0xD8,0x03,0xB0,0x02,0xEE ; COM 0400
    db 0xBA,0xD4,0x03,0xBE,0x16,0x0E,0xB9,0x0C,0x00,0xAD,0xEF,0xE2,0xFC,0xBA,0xD9,0x03 ; COM 0410
    db 0xB0,0x31,0xEE,0x4A,0xB0,0x0A,0xEE,0xC7,0x06,0x11,0x0E,0x00,0x01,0xC6,0x06,0x0B ; COM 0420
    db 0x0E,0x00,0xC7,0x06,0x13,0x0E,0x10,0x0E,0xC6,0x06,0x15,0x0E,0x00,0x31,0xC0,0x8E ; COM 0430
    db 0xC0,0x26,0xC7,0x06,0x20,0x00,0x00,0x05,0x26,0x8C,0x0E,0x22,0x00,0xBA,0xDA,0x03 ; COM 0440
    db 0xB9,0x02,0x00,0xEC,0xA8,0x08,0x75,0xFB,0xEC,0xA8,0x08,0x74,0xFB,0xE2,0xF4,0xB0 ; COM 0450
    db 0x34,0xE6,0x43,0xB8,0xC7,0x4D,0xE6,0x40,0x88,0xE0,0xE6,0x40,0xBC,0x94,0xEC,0xFB ; COM 0460
    db 0xF4,0xEB,0xFE,0x90,0x90,0x90,0x90,0x90,0x90,0x90,0x90,0x90,0x90,0x90,0x90,0x90 ; COM 0470
    db 0x90,0x90,0x90,0x90,0x90,0x90,0x90,0x90,0x90,0x90,0x90,0x90,0x90,0x90,0x90,0x90 ; COM 0480
    db 0x90,0x90,0x90,0x90,0x90,0x90,0x90,0x90,0x90,0x90,0x90,0x90,0x90,0x90,0x90,0x90 ; COM 0490
    db 0x90,0x90,0x90,0x90,0x90,0x90,0x90,0x90,0x90,0x90,0x90,0x90,0x90,0x90,0x90,0x90 ; COM 04A0
    db 0x90,0x90,0x90,0x90,0x90,0x90,0x90,0x90,0x90,0x90,0x90,0x90,0x90,0x90,0x90,0x90 ; COM 04B0
    db 0x90,0x90,0x90,0x90,0x90,0x90,0x90,0x90,0x90,0x90,0x90,0x90,0x90,0x90,0x90,0x90 ; COM 04C0
    db 0x90,0x90,0x90,0x90,0x90,0x90,0x90,0x90,0x90,0x90,0x90,0x90,0x90,0x90,0x90,0x90 ; COM 04D0
    db 0x90,0x90,0x90,0x90,0x90,0x90,0x90,0x90,0x90,0x90,0x90,0x90,0x90,0x90,0x90,0x90 ; COM 04E0
    db 0x90,0x90,0x90,0x90,0x90,0x90,0x90,0x90,0x90,0x90,0x90,0x90,0x90,0x90,0x90,0x90 ; COM 04F0
    db 0xEC,0xA8,0x08,0x74,0x08,0x2E,0xC6,0x06,0x0B,0x0E,0x01,0xEB,0x08,0x2E,0x80,0x3E ; COM 0500
    db 0x0B,0x0E,0x01,0x74,0x1B,0x2E,0xFF,0x0E,0x11,0x0E,0x74,0x0B,0xB0,0x20,0xE6,0x20 ; COM 0510
    db 0xBC,0x94,0xEC,0xFB,0xF4,0xEB,0xFE,0x2E,0xC6,0x06,0x0A,0x0E,0x01,0xE9,0xD0,0x06 ; COM 0520
    db 0xB8,0x30,0x4D,0xE6,0x40,0x88,0xE0,0xE6,0x40,0x2E,0xC6,0x06,0x0D,0x0E,0x00,0x2E ; COM 0530
    db 0xC6,0x06,0x0E,0x0E,0x80,0x2E,0xC6,0x06,0x0F,0x0E,0x03,0x31,0xC0,0x8E,0xC0,0x26 ; COM 0540
    db 0xC7,0x06,0x20,0x00,0x70,0x08,0xB0,0x20,0xE6,0x20,0xBC,0x94,0xEC,0xFB,0xF4,0xEB ; COM 0550
    db 0xFE,0x90,0x90,0x90,0x90,0x90,0x90,0x90,0x90,0x90,0x90,0x90,0x90,0x90,0x90,0x90 ; COM 0560
    db 0x90,0x90,0x90,0x90,0x90,0x90,0x90,0x90,0x90,0x90,0x90,0x90,0x90,0x90,0x90,0x90 ; COM 0570
    db 0x90,0x90,0x90,0x90,0x90,0x90,0x90,0x90,0x90,0x90,0x90,0x90,0x90,0x90,0x90,0x90 ; COM 0580
    db 0x90,0x90,0x90,0x90,0x90,0x90,0x90,0x90,0x90,0x90,0x90,0x90,0x90,0x90,0x90,0x90 ; COM 0590
    db 0x90,0x90,0x90,0x90,0x90,0x90,0x90,0x90,0x90,0x90,0x90,0x90,0x90,0x90,0x90,0x90 ; COM 05A0
    db 0x90,0x90,0x90,0x90,0x90,0x90,0x90,0x90,0x90,0x90,0x90,0x90,0x90,0x90,0x90,0x90 ; COM 05B0
    db 0x90,0x90,0x90,0x90,0x90,0x90,0x90,0x90,0x90,0x90,0x90,0x90,0x90,0x90,0x90,0x90 ; COM 05C0
    db 0x90,0x90,0x90,0x90,0x90,0x90,0x90,0x90,0x90,0x90,0x90,0x90,0x90,0x90,0x90,0x90 ; COM 05D0
    db 0x90,0x90,0x90,0x90,0x90,0x90,0x90,0x90,0x90,0x90,0x90,0x90,0x90,0x90,0x90,0x90 ; COM 05E0
    db 0x90,0x90,0x90,0x90,0x90,0x90,0x90,0x90,0x90,0x90,0x90,0x90,0x90,0x90,0x90,0x90 ; COM 05F0

; Acquired frame bridge
    db 0xB8,0x98,0x00,0xE6,0x40,0x88,0xE0,0xE6,0x40,0xB0,0x54,0xE6,0x43,0xB0,0x13,0xE6 ; COM 0600
    db 0x41,0x31,0xC0,0x8E,0xC0,0x26,0xC7,0x06,0x20,0x00,0x93,0x3E,0xBA,0xD9,0x03,0xB0 ; COM 0610
    db 0x30,0xEE,0xB0,0xFE,0xE6,0x21,0xB0,0x20,0xE6,0x20,0xBC,0x94,0xEC,0xFB,0xF4,0xEB ; COM 0620
    db 0xFC,0x50,0xE4,0x60,0x3C,0x01,0x75,0x06,0x2E,0xC6,0x06,0x15,0x0E,0x01,0xE4,0x61 ; COM 0630
    db 0x88,0xC4,0x0C,0x80,0xE6,0x61,0x88,0xE0,0xE6,0x61,0xB0,0x20,0xE6,0x20,0x58,0xCF ; COM 0640
    db 0x90,0x90,0x90,0x90,0x90,0x90,0x90,0x90,0x90,0x90,0x90,0x90,0x90,0x90,0x90,0x90 ; COM 0650
    db 0x90,0x90,0x90,0x90,0x90,0x90,0x90,0x90,0x90,0x90,0x90,0x90,0x90,0x90,0x90,0x90 ; COM 0660
    db 0x90,0x90,0x90,0x90,0x90,0x90,0x90,0x90,0x90,0x90,0x90,0x90,0x90,0x90,0x90,0x90 ; COM 0670
    db 0x90,0x90,0x90,0x90,0x90,0x90,0x90,0x90,0x90,0x90,0x90,0x90,0x90,0x90,0x90,0x90 ; COM 0680
    db 0x90,0x90,0x90,0x90,0x90,0x90,0x90,0x90,0x90,0x90,0x90,0x90,0x90,0x90,0x90,0x90 ; COM 0690
    db 0x90,0x90,0x90,0x90,0x90,0x90,0x90,0x90,0x90,0x90,0x90,0x90,0x90,0x90,0x90,0x90 ; COM 06A0
    db 0x90,0x90,0x90,0x90,0x90,0x90,0x90,0x90,0x90,0x90,0x90,0x90,0x90,0x90,0x90,0x90 ; COM 06B0
    db 0x90,0x90,0x90,0x90,0x90,0x90,0x90,0x90,0x90,0x90,0x90,0x90,0x90,0x90,0x90,0x90 ; COM 06C0
    db 0x90,0x90,0x90,0x90,0x90,0x90,0x90,0x90,0x90,0x90,0x90,0x90,0x90,0x90,0x90,0x90 ; COM 06D0
    db 0x90,0x90,0x90,0x90,0x90,0x90,0x90,0x90,0x90,0x90,0x90,0x90,0x90,0x90,0x90,0x90 ; COM 06E0
    db 0x90,0x90,0x90,0x90,0x90,0x90,0x90,0x90,0x90,0x90,0x90,0x90,0x90,0x90,0x90,0x90 ; COM 06F0
    db 0xEC,0x88,0xC4,0xB0,0x54,0xE6,0x43,0xB0,0x13,0xE6,0x41,0x2E,0x88,0x26,0x10,0x0E ; COM 0700
    db 0x2E,0xFE,0x0E,0x0F,0x0E,0x75,0x3B,0x2E,0xF6,0x06,0x10,0x0E,0x08,0x75,0x13,0x2E ; COM 0710
    db 0x80,0x3E,0x0D,0x0E,0x02,0x74,0x4A,0x2E,0xC6,0x06,0x0D,0x0E,0x01,0xB8,0x99,0x00 ; COM 0720
    db 0xEB,0x11,0x2E,0x80,0x3E,0x0D,0x0E,0x01,0x75,0x06,0x2E,0xC6,0x06,0x0D,0x0E,0x02 ; COM 0730
    db 0xB8,0x97,0x00,0x2E,0xFE,0x0E,0x0E,0x0E,0x74,0x3D,0x2E,0xC6,0x06,0x0F,0x0E,0x03 ; COM 0740
    db 0xEB,0x03,0xB8,0x98,0x00,0xE6,0x40,0x88,0xE0,0xE6,0x40,0x31,0xC0,0x8E,0xC0,0x26 ; COM 0750
    db 0xC7,0x06,0x20,0x00,0x00,0x08,0xB0,0x20,0xE6,0x20,0xBC,0x94,0xEC,0xFB,0xF4,0xEB ; COM 0760
    db 0xFE,0xB8,0xC1,0x08,0xE6,0x40,0x88,0xE0,0xE6,0x40,0x31,0xC0,0x8E,0xC0,0x26,0xC7 ; COM 0770
    db 0x06,0x20,0x00,0x00,0x06,0xEB,0xDF,0x2E,0xC6,0x06,0x0A,0x0E,0x01,0xE9,0x70,0x04 ; COM 0780
    db 0x90,0x90,0x90,0x90,0x90,0x90,0x90,0x90,0x90,0x90,0x90,0x90,0x90,0x90,0x90,0x90 ; COM 0790
    db 0x90,0x90,0x90,0x90,0x90,0x90,0x90,0x90,0x90,0x90,0x90,0x90,0x90,0x90,0x90,0x90 ; COM 07A0
    db 0x90,0x90,0x90,0x90,0x90,0x90,0x90,0x90,0x90,0x90,0x90,0x90,0x90,0x90,0x90,0x90 ; COM 07B0
    db 0x90,0x90,0x90,0x90,0x90,0x90,0x90,0x90,0x90,0x90,0x90,0x90,0x90,0x90,0x90,0x90 ; COM 07C0
    db 0x90,0x90,0x90,0x90,0x90,0x90,0x90,0x90,0x90,0x90,0x90,0x90,0x90,0x90,0x90,0x90 ; COM 07D0
    db 0x90,0x90,0x90,0x90,0x90,0x90,0x90,0x90,0x90,0x90,0x90,0x90,0x90,0x90,0x90,0x90 ; COM 07E0
    db 0x90,0x90,0x90,0x90,0x90,0x90,0x90,0x90,0x90,0x90,0x90,0x90,0x90,0x90,0x90,0x90 ; COM 07F0
    db 0xB0,0x70,0xE6,0x43,0x30,0xC0,0xE6,0x41,0xE6,0x41,0xB8,0x30,0x4D,0xE6,0x40,0x88 ; COM 0800
    db 0xE0,0xE6,0x40,0x31,0xC0,0x8E,0xC0,0x26,0xC7,0x06,0x20,0x00,0x00,0x07,0xB0,0x20 ; COM 0810
    db 0xE6,0x20,0xBC,0x94,0xEC,0xFB,0xF4,0xEB,0xFE,0x90,0x90,0x90,0x90,0x90,0x90,0x90 ; COM 0820
    db 0x90,0x90,0x90,0x90,0x90,0x90,0x90,0x90,0x90,0x90,0x90,0x90,0x90,0x90,0x90,0x90 ; COM 0830
    db 0x90,0x90,0x90,0x90,0x90,0x90,0x90,0x90,0x90,0x90,0x90,0x90,0x90,0x90,0x90,0x90 ; COM 0840
    db 0x90,0x90,0x90,0x90,0x90,0x90,0x90,0x90,0x90,0x90,0x90,0x90,0x90,0x90,0x90,0x90 ; COM 0850
    db 0x90,0x90,0x90,0x90,0x90,0x90,0x90,0x90,0x90,0x90,0x90,0x90,0x90,0x90,0x90,0x90 ; COM 0860
    db 0xB8,0x98,0x00,0xE6,0x40,0x88,0xE0,0xE6,0x40,0x31,0xC0,0x8E,0xC0,0x26,0xC7,0x06 ; COM 0870
    db 0x20,0x00,0x00,0x08,0xB0,0x20,0xE6,0x20,0xBC,0x94,0xEC,0xFB,0xF4,0xEB,0xFE,0x90 ; COM 0880
    db 0x90,0x90,0x90,0x90,0x90,0x90,0x90,0x90,0x90,0x90,0x90,0x90,0x90,0x90,0x90,0x90 ; COM 0890
    db 0x90,0x90,0x90,0x90,0x90,0x90,0x90,0x90,0x90,0x90,0x90,0x90,0x90,0x90,0x90,0x90 ; COM 08A0
    db 0x90,0x90,0x90,0x90,0x90,0x90,0x90,0x90,0x90,0x90,0x90,0x90,0x90,0x90,0x90,0x90 ; COM 08B0
    db 0x90,0x90,0x90,0x90,0x90,0x90,0x90,0x90,0x90,0x90,0x90,0x90,0x90,0x90,0x90,0x90 ; COM 08C0
    db 0x90,0x90,0x90,0x90,0x90,0x90,0x90,0x90,0x90,0x90,0x90,0x90,0x90,0x90,0x90,0x90 ; COM 08D0
    db 0x90,0x90,0x90,0x90,0x90,0x90,0x90,0x90,0x90,0x90,0x90,0x90,0x90,0x90,0x90,0x90 ; COM 08E0
    db 0x90,0x90,0x90,0x90,0x90,0x90,0x90,0x90,0x90,0x90,0x90,0x90,0x90,0x90,0x90,0x90 ; COM 08F0
    db 0xFA,0x8C,0xC8,0x8E,0xD0,0xBC,0x94,0xEC,0x8E,0xD8,0xFB,0xFC,0xB8,0x04,0x00,0xCD ; COM 0900
    db 0x10,0x0E,0x1F,0xB8,0x00,0xB8,0x8E,0xC0,0x31,0xFF,0xBE,0x00,0xA0,0xB9,0x00,0x20 ; COM 0910
    db 0xF3,0xA5,0xFA,0x31,0xC0,0x8E,0xC0,0x26,0xA1,0x20,0x00,0xA3,0x00,0x0E,0x26,0xA1 ; COM 0920
    db 0x22,0x00,0xA3,0x02,0x0E,0x26,0xA1,0x24,0x00,0xA3,0x04,0x0E,0x26,0xA1,0x26,0x00 ; COM 0930
    db 0xA3,0x06,0x0E,0x26,0xC7,0x06,0x24,0x00,0x31,0x06,0x26,0x8C,0x0E,0x26,0x00,0xE4 ; COM 0940
    db 0x21,0xA2,0x08,0x0E,0xE4,0x61,0xA2,0x09,0x0E,0xB0,0xFE,0xE6,0x21,0x8C,0x0E,0xC6 ; COM 0950
    db 0x45,0xC6,0x06,0x0A,0x0E,0x00,0x8C,0xC8,0x8E,0xD8,0xE9,0x15,0xF8,0x90,0x90,0x90 ; COM 0960
    db 0x90,0x90,0x90,0x90,0x90,0x90,0x90,0x90,0x90,0x90,0x90,0x90,0x90,0x90,0x90,0x90 ; COM 0970
    db 0x90,0x90,0x90,0x90,0x90,0x90,0x90,0x90,0x90,0x90,0x90,0x90,0x90,0x90,0x90,0x90 ; COM 0980
    db 0x90,0x90,0x90,0x90,0x90,0x90,0x90,0x90,0x90,0x90,0x90,0x90,0x90,0x90,0x90,0x90 ; COM 0990
    db 0x90,0x90,0x90,0x90,0x90,0x90,0x90,0x90,0x90,0x90,0x90,0x90,0x90,0x90,0x90,0x90 ; COM 09A0
    db 0x90,0x90,0x90,0x90,0x90,0x90,0x90,0x90,0x90,0x90,0x90,0x90,0x90,0x90,0x90,0x90 ; COM 09B0
    db 0x90,0x90,0x90,0x90,0x90,0x90,0x90,0x90,0x90,0x90,0x90,0x90,0x90,0x90,0x90,0x90 ; COM 09C0
    db 0x90,0x90,0x90,0x90,0x90,0x90,0x90,0x90,0x90,0x90,0x90,0x90,0x90,0x90,0x90,0x90 ; COM 09D0
    db 0x90,0x90,0x90,0x90,0x90,0x90,0x90,0x90,0x90,0x90,0x90,0x90,0x90,0x90,0x90,0x90 ; COM 09E0
    db 0x90,0x90,0x90,0x90,0x90,0x90,0x90,0x90,0x90,0x90,0x90,0x90,0x90,0x90,0x90,0x90 ; COM 09F0
    db 0x90,0x90,0x90,0x90,0x90,0x90,0x90,0x90,0x90,0x90,0x90,0x90,0x90,0x90,0x90,0x90 ; COM 0A00
    db 0x90,0x90,0x90,0x90,0x90,0x90,0x90,0x90,0x90,0x90,0x90,0x90,0x90,0x90,0x90,0x90 ; COM 0A10
    db 0x90,0x90,0x90,0x90,0x90,0x90,0x90,0x90,0x90,0x90,0x90,0x90,0x90,0x90,0x90,0x90 ; COM 0A20
    db 0x90,0x90,0x90,0x90,0x90,0x90,0x90,0x90,0x90,0x90,0x90,0x90,0x90,0x90,0x90,0x90 ; COM 0A30
    db 0x90,0x90,0x90,0x90,0x90,0x90,0x90,0x90,0x90,0x90,0x90,0x90,0x90,0x90,0x90,0x90 ; COM 0A40
    db 0x90,0x90,0x90,0x90,0x90,0x90,0x90,0x90,0x90,0x90,0x90,0x90,0x90,0x90,0x90,0x90 ; COM 0A50
    db 0x90,0x90,0x90,0x90,0x90,0x90,0x90,0x90,0x90,0x90,0x90,0x90,0x90,0x90,0x90,0x90 ; COM 0A60
    db 0x90,0x90,0x90,0x90,0x90,0x90,0x90,0x90,0x90,0x90,0x90,0x90,0x90,0x90,0x90,0x90 ; COM 0A70
    db 0x90,0x90,0x90,0x90,0x90,0x90,0x90,0x90,0x90,0x90,0x90,0x90,0x90,0x90,0x90,0x90 ; COM 0A80
    db 0x90,0x90,0x90,0x90,0x90,0x90,0x90,0x90,0x90,0x90,0x90,0x90,0x90,0x90,0x90,0x90 ; COM 0A90
    db 0x90,0x90,0x90,0x90,0x90,0x90,0x90,0x90,0x90,0x90,0x90,0x90,0x90,0x90,0x90,0x90 ; COM 0AA0
    db 0x90,0x90,0x90,0x90,0x90,0x90,0x90,0x90,0x90,0x90,0x90,0x90,0x90,0x90,0x90,0x90 ; COM 0AB0
    db 0x90,0x90,0x90,0x90,0x90,0x90,0x90,0x90,0x90,0x90,0x90,0x90,0x90,0x90,0x90,0x90 ; COM 0AC0
    db 0x90,0x90,0x90,0x90,0x90,0x90,0x90,0x90,0x90,0x90,0x90,0x90,0x90,0x90,0x90,0x90 ; COM 0AD0
    db 0x90,0x90,0x90,0x90,0x90,0x90,0x90,0x90,0x90,0x90,0x90,0x90,0x90,0x90,0x90,0x90 ; COM 0AE0
    db 0x90,0x90,0x90,0x90,0x90,0x90,0x90,0x90,0x90,0x90,0x90,0x90,0x90,0x90,0x90,0x90 ; COM 0AF0
    db 0x90,0x90,0x90,0x90,0x90,0x90,0x90,0x90,0x90,0x90,0x90,0x90,0x90,0x90,0x90,0x90 ; COM 0B00
    db 0x90,0x90,0x90,0x90,0x90,0x90,0x90,0x90,0x90,0x90,0x90,0x90,0x90,0x90,0x90,0x90 ; COM 0B10
    db 0x90,0x90,0x90,0x90,0x90,0x90,0x90,0x90,0x90,0x90,0x90,0x90,0x90,0x90,0x90,0x90 ; COM 0B20
    db 0x90,0x90,0x90,0x90,0x90,0x90,0x90,0x90,0x90,0x90,0x90,0x90,0x90,0x90,0x90,0x90 ; COM 0B30
    db 0x90,0x90,0x90,0x90,0x90,0x90,0x90,0x90,0x90,0x90,0x90,0x90,0x90,0x90,0x90,0x90 ; COM 0B40
    db 0x90,0x90,0x90,0x90,0x90,0x90,0x90,0x90,0x90,0x90,0x90,0x90,0x90,0x90,0x90,0x90 ; COM 0B50
    db 0x90,0x90,0x90,0x90,0x90,0x90,0x90,0x90,0x90,0x90,0x90,0x90,0x90,0x90,0x90,0x90 ; COM 0B60
    db 0x90,0x90,0x90,0x90,0x90,0x90,0x90,0x90,0x90,0x90,0x90,0x90,0x90,0x90,0x90,0x90 ; COM 0B70
    db 0x90,0x90,0x90,0x90,0x90,0x90,0x90,0x90,0x90,0x90,0x90,0x90,0x90,0x90,0x90,0x90 ; COM 0B80
    db 0x90,0x90,0x90,0x90,0x90,0x90,0x90,0x90,0x90,0x90,0x90,0x90,0x90,0x90,0x90,0x90 ; COM 0B90
    db 0x90,0x90,0x90,0x90,0x90,0x90,0x90,0x90,0x90,0x90,0x90,0x90,0x90,0x90,0x90,0x90 ; COM 0BA0
    db 0x90,0x90,0x90,0x90,0x90,0x90,0x90,0x90,0x90,0x90,0x90,0x90,0x90,0x90,0x90,0x90 ; COM 0BB0
    db 0x90,0x90,0x90,0x90,0x90,0x90,0x90,0x90,0x90,0x90,0x90,0x90,0x90,0x90,0x90,0x90 ; COM 0BC0
    db 0x90,0x90,0x90,0x90,0x90,0x90,0x90,0x90,0x90,0x90,0x90,0x90,0x90,0x90,0x90,0x90 ; COM 0BD0
    db 0x90,0x90,0x90,0x90,0x90,0x90,0x90,0x90,0x90,0x90,0x90,0x90,0x90,0x90,0x90,0x90 ; COM 0BE0
    db 0x90,0x90,0x90,0x90,0x90,0x90,0x90,0x90,0x90,0x90,0x90,0x90,0x90,0x90,0x90,0x90 ; COM 0BF0
    db 0xFA,0x8C,0xC8,0x8E,0xD0,0xBC,0x94,0xEC,0x8E,0xD8,0xB0,0x20,0xE6,0x20,0xB0,0x54 ; COM 0C00
    db 0xE6,0x43,0xB0,0x12,0xE6,0x41,0xB0,0x34,0xE6,0x43,0x30,0xC0,0xE6,0x40,0xE6,0x40 ; COM 0C10
    db 0x31,0xC0,0x8E,0xC0,0xA1,0x00,0x0E,0x26,0xA3,0x20,0x00,0xA1,0x02,0x0E,0x26,0xA3 ; COM 0C20
    db 0x22,0x00,0xA1,0x04,0x0E,0x26,0xA3,0x24,0x00,0xA1,0x06,0x0E,0x26,0xA3,0x26,0x00 ; COM 0C30
    db 0xA0,0x09,0x0E,0xE6,0x61,0xA0,0x08,0x0E,0xE6,0x21,0xFB,0xB8,0x03,0x00,0xCD,0x10 ; COM 0C40
    db 0x0E,0x1F,0xBA,0x2E,0x0E,0x80,0x3E,0x0A,0x0E,0x00,0x74,0x03,0xBA,0xA5,0x0E,0xB4 ; COM 0C50
    db 0x09,0xCD,0x21,0xA0,0x0A,0x0E,0xB4,0x4C,0xCD,0x21,0x00,0x00,0x00,0x00,0x00,0x00 ; COM 0C60
    db 0x00,0x00,0x00,0x00,0x00,0x00,0x00,0x00,0x00,0x00,0x00,0x00,0x00,0x00,0x00,0x00 ; COM 0C70
    db 0x00,0x00,0x00,0x00,0x00,0x00,0x00,0x00,0x00,0x00,0x00,0x00,0x00,0x00,0x00,0x00 ; COM 0C80
    db 0x00,0x00,0x00,0x00,0x00,0x00,0x00,0x00,0x00,0x00,0x00,0x00,0x00,0x00,0x00,0x00 ; COM 0C90
    db 0x00,0x00,0x00,0x00,0x00,0x00,0x00,0x00,0x00,0x00,0x00,0x00,0x00,0x00,0x00,0x00 ; COM 0CA0
    db 0x00,0x00,0x00,0x00,0x00,0x00,0x00,0x00,0x00,0x00,0x00,0x00,0x00,0x00,0x00,0x00 ; COM 0CB0
    db 0x00,0x00,0x00,0x00,0x00,0x00,0x00,0x00,0x00,0x00,0x00,0x00,0x00,0x00,0x00,0x00 ; COM 0CC0
    db 0x00,0x00,0x00,0x00,0x00,0x00,0x00,0x00,0x00,0x00,0x00,0x00,0x00,0x00,0x00,0x00 ; COM 0CD0
    db 0x00,0x00,0x00,0x00,0x00,0x00,0x00,0x00,0x00,0x00,0x00,0x00,0x00,0x00,0x00,0x00 ; COM 0CE0
    db 0x00,0x00,0x00,0x00,0x00,0x00,0x00,0x00,0x00,0x00,0x00,0x00,0x00,0x00,0x00,0x00 ; COM 0CF0
    db 0x00,0x00,0x00,0x00,0x00,0x00,0x00,0x00,0x00,0x00,0x00,0x00,0x00,0x00,0x00,0x00 ; COM 0D00
    db 0x00,0x00,0x00,0x00,0x00,0x00,0x00,0x00,0x00,0x00,0x00,0x00,0x00,0x00,0x00,0x00 ; COM 0D10
    db 0x00,0x00,0x00,0x00,0x00,0x00,0x00,0x00,0x00,0x00,0x00,0x00,0x00,0x00,0x00,0x00 ; COM 0D20
    db 0x00,0x00,0x00,0x00,0x00,0x00,0x00,0x00,0x00,0x00,0x00,0x00,0x00,0x00,0x00,0x00 ; COM 0D30
    db 0x00,0x00,0x00,0x00,0x00,0x00,0x00,0x00,0x00,0x00,0x00,0x00,0x00,0x00,0x00,0x00 ; COM 0D40
    db 0x00,0x00,0x00,0x00,0x00,0x00,0x00,0x00,0x00,0x00,0x00,0x00,0x00,0x00,0x00,0x00 ; COM 0D50
    db 0x00,0x00,0x00,0x00,0x00,0x00,0x00,0x00,0x00,0x00,0x00,0x00,0x00,0x00,0x00,0x00 ; COM 0D60
    db 0x00,0x00,0x00,0x00,0x00,0x00,0x00,0x00,0x00,0x00,0x00,0x00,0x00,0x00,0x00,0x00 ; COM 0D70
    db 0x00,0x00,0x00,0x00,0x00,0x00,0x00,0x00,0x00,0x00,0x00,0x00,0x00,0x00,0x00,0x00 ; COM 0D80
    db 0x00,0x00,0x00,0x00,0x00,0x00,0x00,0x00,0x00,0x00,0x00,0x00,0x00,0x00,0x00,0x00 ; COM 0D90
    db 0x00,0x00,0x00,0x00,0x00,0x00,0x00,0x00,0x00,0x00,0x00,0x00,0x00,0x00,0x00,0x00 ; COM 0DA0
    db 0x00,0x00,0x00,0x00,0x00,0x00,0x00,0x00,0x00,0x00,0x00,0x00,0x00,0x00,0x00,0x00 ; COM 0DB0
    db 0x00,0x00,0x00,0x00,0x00,0x00,0x00,0x00,0x00,0x00,0x00,0x00,0x00,0x00,0x00,0x00 ; COM 0DC0
    db 0x00,0x00,0x00,0x00,0x00,0x00,0x00,0x00,0x00,0x00,0x00,0x00,0x00,0x00,0x00,0x00 ; COM 0DD0
    db 0x00,0x00,0x00,0x00,0x00,0x00,0x00,0x00,0x00,0x00,0x00,0x00,0x00,0x00,0x00,0x00 ; COM 0DE0
    db 0x00,0x00,0x00,0x00,0x00,0x00,0x00,0x00,0x00,0x00,0x00,0x00,0x00,0x00,0x00,0x00 ; COM 0DF0
    db 0x00,0x00,0x00,0x00,0x00,0x00,0x00,0x00,0x00,0x00,0x00,0x00,0x00,0x00,0x40,0x03 ; COM 0E00
    db 0x00,0x00,0x01,0x10,0x0E,0x00,0x00,0x38,0x01,0x28,0x02,0x2D,0x03,0x0A,0x04,0x7F ; COM 0E10
    db 0x05,0x06,0x06,0x64,0x07,0x70,0x08,0x02,0x09,0x01,0x0C,0x00,0x0D,0x00,0x49,0x4D ; COM 0E20
    db 0x47,0x4C,0x43,0x4B,0x20,0x66,0x69,0x6E,0x69,0x73,0x68,0x65,0x64,0x2E,0x20,0x52 ; COM 0E30
    db 0x75,0x6E,0x20,0x49,0x4D,0x47,0x4C,0x43,0x4B,0x20,0x74,0x6F,0x20,0x61,0x63,0x71 ; COM 0E40
    db 0x75,0x69,0x72,0x65,0x20,0x61,0x67,0x61,0x69,0x6E,0x2E,0x0D,0x0A,0x4D,0x6F,0x64 ; COM 0E50
    db 0x65,0x20,0x34,0x20,0x69,0x6D,0x61,0x67,0x65,0x20,0x74,0x69,0x6D,0x69,0x6E,0x67 ; COM 0E60
    db 0x20,0x65,0x78,0x70,0x65,0x72,0x69,0x6D,0x65,0x6E,0x74,0x3B,0x20,0x70,0x68,0x79 ; COM 0E70
    db 0x73,0x69,0x63,0x61,0x6C,0x20,0x68,0x61,0x72,0x64,0x77,0x61,0x72,0x65,0x20,0x72 ; COM 0E80
    db 0x65,0x6D,0x61,0x69,0x6E,0x73,0x20,0x75,0x6E,0x76,0x65,0x72,0x69,0x66,0x69,0x65 ; COM 0E90
    db 0x64,0x2E,0x0D,0x0A,0x24,0x49,0x4D,0x47,0x4C,0x43,0x4B,0x3A,0x20,0x6D,0x6F,0x64 ; COM 0EA0
    db 0x65,0x2D,0x34,0x20,0x61,0x63,0x71,0x75,0x69,0x73,0x69,0x74,0x69,0x6F,0x6E,0x20 ; COM 0EB0
    db 0x74,0x69,0x6D,0x65,0x64,0x20,0x6F,0x75,0x74,0x3B,0x20,0x6E,0x6F,0x20,0x6C,0x6F ; COM 0EC0
    db 0x63,0x6B,0x20,0x63,0x6C,0x61,0x69,0x6D,0x65,0x64,0x2E,0x0D,0x0A,0x24,0x00,0x00 ; COM 0ED0
    db 0x00,0x00,0x00,0x00,0x00,0x00,0x00,0x00,0x00,0x00,0x00,0x00,0x00,0x00,0x00,0x00 ; COM 0EE0
    db 0x00,0x00,0x00,0x00,0x00,0x00,0x00,0x00,0x00,0x00,0x00,0x00,0x00,0x00,0x00,0x00 ; COM 0EF0
    db 0x49,0x4D,0x47,0x4C,0x4B,0x30,0x30,0x31,0x00,0x9F,0x00,0x7F,0x40,0x06,0xDC,0x10 ; COM 0F00
    db 0x13,0x0D,0x00,0x0F,0x6C,0x3D,0x21,0x00,0x01,0x00,0x02,0x00,0x06,0x00,0xC1,0x08 ; COM 0F10
    db 0x90,0x90,0x90,0x90,0x90,0x90,0x90,0x90,0x90,0x90,0x90,0x90,0x90,0x90,0x90,0x90 ; COM 0F20
    db 0x90,0x90,0x90,0x90,0x90,0x90,0x90,0x90,0x90,0x90,0x90,0x90,0x90,0x90,0x90,0x90 ; COM 0F30
    db 0x90,0x90,0x90,0x90,0x90,0x90,0x90,0x90,0x90,0x90,0x90,0x90,0x90,0x90,0x90,0x90 ; COM 0F40
    db 0x90,0x90,0x90,0x90,0x90,0x90,0x90,0x90,0x90,0x90,0x90,0x90,0x90,0x90,0x90,0x90 ; COM 0F50
    db 0x90,0x90,0x90,0x90,0x90,0x90,0x90,0x90,0x90,0x90,0x90,0x90,0x90,0x90,0x90,0x90 ; COM 0F60
    db 0x90,0x90,0x90,0x90,0x90,0x90,0x90,0x90,0x90,0x90,0x90,0x90,0x90,0x90,0x90,0x90 ; COM 0F70
    db 0x90,0x90,0x90,0x90,0x90,0x90,0x90,0x90,0x90,0x90,0x90,0x90,0x90,0x90,0x90,0x90 ; COM 0F80
    db 0x90,0x90,0x90,0x90,0x90,0x90,0x90,0x90,0x90,0x90,0x90,0x90,0x90,0x90,0x90,0x90 ; COM 0F90
    db 0x90,0x90,0x90,0x90,0x90,0x90,0x90,0x90,0x90,0x90,0x90,0x90,0x90,0x90,0x90,0x90 ; COM 0FA0
    db 0x90,0x90,0x90,0x90,0x90,0x90,0x90,0x90,0x90,0x90,0x90,0x90,0x90,0x90,0x90,0x90 ; COM 0FB0
    db 0x90,0x90,0x90,0x90,0x90,0x90,0x90,0x90,0x90,0x90,0x90,0x90,0x90,0x90,0x90,0x90 ; COM 0FC0
    db 0x90,0x90,0x90,0x90,0x90,0x90,0x90,0x90,0x90,0x90,0x90,0x90,0x90,0x90,0x90,0x90 ; COM 0FD0
    db 0x90,0x90,0x90,0x90,0x90,0x90,0x90,0x90,0x90,0x90,0x90,0x90,0x90,0x90,0x90,0x90 ; COM 0FE0
    db 0x90,0x90,0x90,0x90,0x90,0x90,0x90,0x90,0x90,0x90,0x90,0x90,0x90,0x90,0x90,0x90 ; COM 0FF0

; image_irq: raster entry and any blanking preroll
    db 0xB0,0x54,0xE6,0x43,0xB0,0x13,0xE6,0x41,0xB8,0x98,0x00,0xE6,0x40,0x88,0xE0,0xE6 ; COM 1000
    db 0x40,0x31,0xC0,0x8E,0xC0,0x26,0xC7,0x06,0x20,0x00,0x93,0x3E,0x90,0xB0,0x30,0xEE ; COM 1010
    db 0x90,0x90,0xB0,0x30,0xEE,0x90,0x90,0xB0,0x30,0xEE,0x90,0x90,0x90,0xB0,0x30,0xEE ; COM 1020
    db 0x90,0x90,0xB0,0x30,0xEE,0x90,0x90,0xB0,0x30,0xEE,0x90,0x90,0xB0,0x30,0xEE,0x90 ; COM 1030
    db 0x90,0x90,0x90,0x90,0x90,0x90,0x90,0x90,0x90,0x90,0x90,0x90,0xB0,0x30,0xEE,0x90 ; COM 1040
    db 0x90,0x90,0x90,0x90,0x90,0x90,0xB0,0x30,0xEE,0x90,0x90,0xB0,0x30,0xEE,0x90,0x90 ; COM 1050
    db 0xB0,0x30,0xEE,0x90,0x90,0x90,0xB0,0x30,0xEE,0x90,0x90,0xB0,0x30,0xEE,0x90,0x90 ; COM 1060
    db 0xB0,0x30,0xEE,0x90,0x90,0xB0,0x30,0xEE,0x90,0x90,0x90,0x90,0x90,0x90,0x90,0x90 ; COM 1070
    db 0x90,0x90,0x90,0x90,0x90,0xB0,0x30,0xEE,0x90,0x90,0x90,0x90,0x90,0x90,0x90,0xB0 ; COM 1080
    db 0x30,0xEE,0x90,0x90,0xB0,0x30,0xEE,0x90,0x90,0xB0,0x30,0xEE,0x90,0x90,0x90,0xB0 ; COM 1090
    db 0x30,0xEE,0x90,0x90,0xB0,0x30,0xEE,0x90,0x90,0xB0,0x30,0xEE,0x90,0x90,0xB0,0x30 ; COM 10A0
    db 0xEE,0x90,0x90,0x90,0x90,0x90,0x90,0x90,0x90,0x90,0x90,0x90,0x90,0x90,0xB0,0x30 ; COM 10B0
    db 0xEE,0x90,0x90,0x90,0x90,0x90,0x90,0x90,0xB0,0x30,0xEE,0x90,0x90,0xB0,0x30,0xEE ; COM 10C0
    db 0x90,0x90,0xB0,0x30,0xEE,0x90,0x90,0x90,0xB0,0x30,0xEE,0x90,0x90,0xB0,0x30,0xEE ; COM 10D0
    db 0x90,0x90,0xB0,0x30,0xEE,0x90,0x90,0xB0,0x30,0xEE,0x90,0x90,0x90,0x90,0x90,0x90 ; COM 10E0
    db 0x90,0x90,0x90,0x90,0x90,0x90,0x90,0xB0,0x30,0xEE,0x90,0x90,0x90,0x90,0x90,0x90 ; COM 10F0
    db 0x90,0xB0,0x30,0xEE,0x90,0x90,0xB0,0x30,0xEE,0x90,0x90,0xB0,0x30,0xEE,0x90,0x90 ; COM 1100
    db 0x90,0xB0,0x30,0xEE,0x90,0x90,0xB0,0x30,0xEE,0x90,0x90,0xB0,0x30,0xEE,0x90,0x90 ; COM 1110
    db 0xB0,0x30,0xEE,0x90,0x90,0x90,0x90,0x90,0x90,0x90,0x90,0x90,0x90,0x90,0x90,0x90 ; COM 1120
    db 0xB0,0x30,0xEE,0x90,0x90,0x90,0x90,0x90,0x90,0x90,0xB0,0x30,0xEE,0x90,0x90,0xB0 ; COM 1130
    db 0x30,0xEE,0x90,0x90,0xB0,0x30,0xEE,0x90,0x90,0x90,0xB0,0x30,0xEE,0x90,0x90,0xB0 ; COM 1140
    db 0x30,0xEE,0x90,0x90,0xB0,0x30,0xEE,0x90,0x90,0xB0,0x30,0xEE,0x90,0x90,0x90,0x90 ; COM 1150
    db 0x90,0x90,0x90,0x90,0x90,0x90,0x90,0x90,0x90,0xB0,0x30,0xEE,0x90,0x90,0x90,0x90 ; COM 1160
    db 0x90,0x90,0x90,0xB0,0x30,0xEE,0x90,0x90,0xB0,0x30,0xEE,0x90,0x90,0xB0,0x30,0xEE ; COM 1170
    db 0x90,0x90,0x90,0xB0,0x30,0xEE,0x90,0x90,0xB0,0x30,0xEE,0x90,0x90,0xB0,0x30,0xEE ; COM 1180
    db 0x90,0x90,0xB0,0x30,0xEE,0x90,0x90,0x90,0x90,0x90,0x90,0x90,0x90,0x90,0x90,0x90 ; COM 1190
    db 0x90,0x90,0xB0,0x30,0xEE,0x90,0x90,0x90,0x90,0x90,0x90,0x90,0xB0,0x30,0xEE,0x90 ; COM 11A0
    db 0x90,0xB0,0x30,0xEE,0x90,0x90,0xB0,0x30,0xEE,0x90,0x90,0x90,0xB0,0x30,0xEE,0x90 ; COM 11B0
    db 0x90,0xB0,0x30,0xEE,0x90,0x90,0xB0,0x30,0xEE,0x90,0x90,0xB0,0x30,0xEE,0x90,0x90 ; COM 11C0
    db 0x90,0x90,0x90,0x90,0x90,0x90,0x90,0x90,0x90,0x90,0x90,0xB0,0x00,0xEE,0x90,0x90 ; COM 11D0
    db 0x90,0x90,0x90,0x90,0x90 ; COM 11E0

; First visible row; 200 rows follow
row_000:
    mov al,0x20 ; row 0, slot 1
    out dx,al
    db 0x90,0x90 ; COM 11E8
    mov al,0x20 ; row 0, slot 2
    out dx,al
    db 0x90,0x90 ; COM 11ED
    mov al,0x00 ; row 0, slot 3
    out dx,al
    db 0x90,0x90,0x90 ; COM 11F2
    mov al,0x20 ; row 0, slot 4
    out dx,al
    db 0x90,0x90 ; COM 11F8
    mov al,0x00 ; row 0, slot 5
    out dx,al
    db 0x90,0x90 ; COM 11FD
    mov al,0x20 ; row 0, slot 6
    out dx,al
    db 0x90,0x90 ; COM 1202
    mov al,0x20 ; row 0, slot 7
    out dx,al
    db 0x90,0x90,0x90,0x90,0x90,0x90,0x90,0x90,0x90,0x90,0x90,0x90,0x90 ; COM 1207
    mov al,0x20 ; row 0, slot 8 (next row lead)
    out dx,al
    db 0x90,0x90,0x90,0x90,0x90,0x90,0x90 ; COM 1217
row_001:
    mov al,0x28 ; row 1, slot 1
    out dx,al
    db 0x90,0x90 ; COM 1221
    mov al,0x08 ; row 1, slot 2
    out dx,al
    db 0x90,0x90 ; COM 1226
    mov al,0x00 ; row 1, slot 3
    out dx,al
    db 0x90,0x90,0x90 ; COM 122B
    mov al,0x08 ; row 1, slot 4
    out dx,al
    db 0x90,0x90 ; COM 1231
    mov al,0x00 ; row 1, slot 5
    out dx,al
    db 0x90,0x90 ; COM 1236
    mov al,0x00 ; row 1, slot 6
    out dx,al
    db 0x90,0x90 ; COM 123B
    mov al,0x00 ; row 1, slot 7
    out dx,al
    db 0x90,0x90,0x90,0x90,0x90,0x90,0x90,0x90,0x90,0x90,0x90,0x90,0x90 ; COM 1240
    mov al,0x00 ; row 1, slot 8 (next row lead)
    out dx,al
    db 0x90,0x90,0x90,0x90,0x90,0x90,0x90 ; COM 1250
row_002:
    mov al,0x20 ; row 2, slot 1
    out dx,al
    db 0x90,0x90 ; COM 125A
    mov al,0x20 ; row 2, slot 2
    out dx,al
    db 0x90,0x90 ; COM 125F
    mov al,0x20 ; row 2, slot 3
    out dx,al
    db 0x90,0x90,0x90 ; COM 1264
    mov al,0x20 ; row 2, slot 4
    out dx,al
    db 0x90,0x90 ; COM 126A
    mov al,0x00 ; row 2, slot 5
    out dx,al
    db 0x90,0x90 ; COM 126F
    mov al,0x20 ; row 2, slot 6
    out dx,al
    db 0x90,0x90 ; COM 1274
    mov al,0x20 ; row 2, slot 7
    out dx,al
    db 0x90,0x90,0x90,0x90,0x90,0x90,0x90,0x90,0x90,0x90,0x90,0x90,0x90 ; COM 1279
    mov al,0x20 ; row 2, slot 8 (next row lead)
    out dx,al
    db 0x90,0x90,0x90,0x90,0x90,0x90,0x90 ; COM 1289
row_003:
    mov al,0x00 ; row 3, slot 1
    out dx,al
    db 0x90,0x90 ; COM 1293
    mov al,0x00 ; row 3, slot 2
    out dx,al
    db 0x90,0x90 ; COM 1298
    mov al,0x38 ; row 3, slot 3
    out dx,al
    db 0x90,0x90,0x90 ; COM 129D
    mov al,0x00 ; row 3, slot 4
    out dx,al
    db 0x90,0x90 ; COM 12A3
    mov al,0x00 ; row 3, slot 5
    out dx,al
    db 0x90,0x90 ; COM 12A8
    mov al,0x28 ; row 3, slot 6
    out dx,al
    db 0x90,0x90 ; COM 12AD
    mov al,0x20 ; row 3, slot 7
    out dx,al
    db 0x90,0x90,0x90,0x90,0x90,0x90,0x90,0x90,0x90,0x90,0x90,0x90,0x90 ; COM 12B2
    mov al,0x00 ; row 3, slot 8 (next row lead)
    out dx,al
    db 0x90,0x90,0x90,0x90,0x90,0x90,0x90 ; COM 12C2
row_004:
    mov al,0x00 ; row 4, slot 1
    out dx,al
    db 0x90,0x90 ; COM 12CC
    mov al,0x20 ; row 4, slot 2
    out dx,al
    db 0x90,0x90 ; COM 12D1
    mov al,0x30 ; row 4, slot 3
    out dx,al
    db 0x90,0x90,0x90 ; COM 12D6
    mov al,0x00 ; row 4, slot 4
    out dx,al
    db 0x90,0x90 ; COM 12DC
    mov al,0x28 ; row 4, slot 5
    out dx,al
    db 0x90,0x90 ; COM 12E1
    mov al,0x20 ; row 4, slot 6
    out dx,al
    db 0x90,0x90 ; COM 12E6
    mov al,0x00 ; row 4, slot 7
    out dx,al
    db 0x90,0x90,0x90,0x90,0x90,0x90,0x90,0x90,0x90,0x90,0x90,0x90,0x90 ; COM 12EB
    mov al,0x20 ; row 4, slot 8 (next row lead)
    out dx,al
    db 0x90,0x90,0x90,0x90,0x90,0x90,0x90 ; COM 12FB
row_005:
    mov al,0x28 ; row 5, slot 1
    out dx,al
    db 0x90,0x90 ; COM 1305
    mov al,0x08 ; row 5, slot 2
    out dx,al
    db 0x90,0x90 ; COM 130A
    mov al,0x38 ; row 5, slot 3
    out dx,al
    db 0x90,0x90,0x90 ; COM 130F
    mov al,0x28 ; row 5, slot 4
    out dx,al
    db 0x90,0x90 ; COM 1315
    mov al,0x20 ; row 5, slot 5
    out dx,al
    db 0x90,0x90 ; COM 131A
    mov al,0x00 ; row 5, slot 6
    out dx,al
    db 0x90,0x90 ; COM 131F
    mov al,0x20 ; row 5, slot 7
    out dx,al
    db 0x90,0x90,0x90,0x90,0x90,0x90,0x90,0x90,0x90,0x90,0x90,0x90,0x90 ; COM 1324
    mov al,0x00 ; row 5, slot 8 (next row lead)
    out dx,al
    db 0x90,0x90,0x90,0x90,0x90,0x90,0x90 ; COM 1334
row_006:
    mov al,0x20 ; row 6, slot 1
    out dx,al
    db 0x90,0x90 ; COM 133E
    mov al,0x20 ; row 6, slot 2
    out dx,al
    db 0x90,0x90 ; COM 1343
    mov al,0x10 ; row 6, slot 3
    out dx,al
    db 0x90,0x90,0x90 ; COM 1348
    mov al,0x30 ; row 6, slot 4
    out dx,al
    db 0x90,0x90 ; COM 134E
    mov al,0x00 ; row 6, slot 5
    out dx,al
    db 0x90,0x90 ; COM 1353
    mov al,0x00 ; row 6, slot 6
    out dx,al
    db 0x90,0x90 ; COM 1358
    mov al,0x00 ; row 6, slot 7
    out dx,al
    db 0x90,0x90,0x90,0x90,0x90,0x90,0x90,0x90,0x90,0x90,0x90,0x90,0x90 ; COM 135D
    mov al,0x20 ; row 6, slot 8 (next row lead)
    out dx,al
    db 0x90,0x90,0x90,0x90,0x90,0x90,0x90 ; COM 136D
row_007:
    mov al,0x20 ; row 7, slot 1
    out dx,al
    db 0x90,0x90 ; COM 1377
    mov al,0x00 ; row 7, slot 2
    out dx,al
    db 0x90,0x90 ; COM 137C
    mov al,0x0F ; row 7, slot 3
    out dx,al
    db 0x90,0x90,0x90 ; COM 1381
    mov al,0x30 ; row 7, slot 4
    out dx,al
    db 0x90,0x90 ; COM 1387
    mov al,0x00 ; row 7, slot 5
    out dx,al
    db 0x90,0x90 ; COM 138C
    mov al,0x00 ; row 7, slot 6
    out dx,al
    db 0x90,0x90 ; COM 1391
    mov al,0x20 ; row 7, slot 7
    out dx,al
    db 0x90,0x90,0x90,0x90,0x90,0x90,0x90,0x90,0x90,0x90,0x90,0x90,0x90 ; COM 1396
    mov al,0x00 ; row 7, slot 8 (next row lead)
    out dx,al
    db 0x90,0x90,0x90,0x90,0x90,0x90,0x90 ; COM 13A6
row_008:
    mov al,0x28 ; row 8, slot 1
    out dx,al
    db 0x90,0x90 ; COM 13B0
    mov al,0x20 ; row 8, slot 2
    out dx,al
    db 0x90,0x90 ; COM 13B5
    mov al,0x20 ; row 8, slot 3
    out dx,al
    db 0x90,0x90,0x90 ; COM 13BA
    mov al,0x0F ; row 8, slot 4
    out dx,al
    db 0x90,0x90 ; COM 13C0
    mov al,0x28 ; row 8, slot 5
    out dx,al
    db 0x90,0x90 ; COM 13C5
    mov al,0x20 ; row 8, slot 6
    out dx,al
    db 0x90,0x90 ; COM 13CA
    mov al,0x00 ; row 8, slot 7
    out dx,al
    db 0x90,0x90,0x90,0x90,0x90,0x90,0x90,0x90,0x90,0x90,0x90,0x90,0x90 ; COM 13CF
    mov al,0x20 ; row 8, slot 8 (next row lead)
    out dx,al
    db 0x90,0x90,0x90,0x90,0x90,0x90,0x90 ; COM 13DF
row_009:
    mov al,0x20 ; row 9, slot 1
    out dx,al
    db 0x90,0x90 ; COM 13E9
    mov al,0x08 ; row 9, slot 2
    out dx,al
    db 0x90,0x90 ; COM 13EE
    mov al,0x38 ; row 9, slot 3
    out dx,al
    db 0x90,0x90,0x90 ; COM 13F3
    mov al,0x20 ; row 9, slot 4
    out dx,al
    db 0x90,0x90 ; COM 13F9
    mov al,0x20 ; row 9, slot 5
    out dx,al
    db 0x90,0x90 ; COM 13FE
    mov al,0x08 ; row 9, slot 6
    out dx,al
    db 0x90,0x90 ; COM 1403
    mov al,0x20 ; row 9, slot 7
    out dx,al
    db 0x90,0x90,0x90,0x90,0x90,0x90,0x90,0x90,0x90,0x90,0x90,0x90,0x90 ; COM 1408
    mov al,0x00 ; row 9, slot 8 (next row lead)
    out dx,al
    db 0x90,0x90,0x90,0x90,0x90,0x90,0x90 ; COM 1418
row_010:
    mov al,0x00 ; row 10, slot 1
    out dx,al
    db 0x90,0x90 ; COM 1422
    mov al,0x20 ; row 10, slot 2
    out dx,al
    db 0x90,0x90 ; COM 1427
    mov al,0x20 ; row 10, slot 3
    out dx,al
    db 0x90,0x90,0x90 ; COM 142C
    mov al,0x38 ; row 10, slot 4
    out dx,al
    db 0x90,0x90 ; COM 1432
    mov al,0x00 ; row 10, slot 5
    out dx,al
    db 0x90,0x90 ; COM 1437
    mov al,0x20 ; row 10, slot 6
    out dx,al
    db 0x90,0x90 ; COM 143C
    mov al,0x20 ; row 10, slot 7
    out dx,al
    db 0x90,0x90,0x90,0x90,0x90,0x90,0x90,0x90,0x90,0x90,0x90,0x90,0x90 ; COM 1441
    mov al,0x20 ; row 10, slot 8 (next row lead)
    out dx,al
    db 0x90,0x90,0x90,0x90,0x90,0x90,0x90 ; COM 1451
row_011:
    mov al,0x28 ; row 11, slot 1
    out dx,al
    db 0x90,0x90 ; COM 145B
    mov al,0x00 ; row 11, slot 2
    out dx,al
    db 0x90,0x90 ; COM 1460
    mov al,0x38 ; row 11, slot 3
    out dx,al
    db 0x90,0x90,0x90 ; COM 1465
    mov al,0x30 ; row 11, slot 4
    out dx,al
    db 0x90,0x90 ; COM 146B
    mov al,0x20 ; row 11, slot 5
    out dx,al
    db 0x90,0x90 ; COM 1470
    mov al,0x00 ; row 11, slot 6
    out dx,al
    db 0x90,0x90 ; COM 1475
    mov al,0x20 ; row 11, slot 7
    out dx,al
    db 0x90,0x90,0x90,0x90,0x90,0x90,0x90,0x90,0x90,0x90,0x90,0x90,0x90 ; COM 147A
    mov al,0x00 ; row 11, slot 8 (next row lead)
    out dx,al
    db 0x90,0x90,0x90,0x90,0x90,0x90,0x90 ; COM 148A
row_012:
    mov al,0x20 ; row 12, slot 1
    out dx,al
    db 0x90,0x90 ; COM 1494
    mov al,0x00 ; row 12, slot 2
    out dx,al
    db 0x90,0x90 ; COM 1499
    mov al,0x20 ; row 12, slot 3
    out dx,al
    db 0x90,0x90,0x90 ; COM 149E
    mov al,0x20 ; row 12, slot 4
    out dx,al
    db 0x90,0x90 ; COM 14A4
    mov al,0x08 ; row 12, slot 5
    out dx,al
    db 0x90,0x90 ; COM 14A9
    mov al,0x00 ; row 12, slot 6
    out dx,al
    db 0x90,0x90 ; COM 14AE
    mov al,0x00 ; row 12, slot 7
    out dx,al
    db 0x90,0x90,0x90,0x90,0x90,0x90,0x90,0x90,0x90,0x90,0x90,0x90,0x90 ; COM 14B3
    mov al,0x20 ; row 12, slot 8 (next row lead)
    out dx,al
    db 0x90,0x90,0x90,0x90,0x90,0x90,0x90 ; COM 14C3
row_013:
    mov al,0x20 ; row 13, slot 1
    out dx,al
    db 0x90,0x90 ; COM 14CD
    mov al,0x28 ; row 13, slot 2
    out dx,al
    db 0x90,0x90 ; COM 14D2
    mov al,0x1F ; row 13, slot 3
    out dx,al
    db 0x90,0x90,0x90 ; COM 14D7
    mov al,0x38 ; row 13, slot 4
    out dx,al
    db 0x90,0x90 ; COM 14DD
    mov al,0x20 ; row 13, slot 5
    out dx,al
    db 0x90,0x90 ; COM 14E2
    mov al,0x20 ; row 13, slot 6
    out dx,al
    db 0x90,0x90 ; COM 14E7
    mov al,0x20 ; row 13, slot 7
    out dx,al
    db 0x90,0x90,0x90,0x90,0x90,0x90,0x90,0x90,0x90,0x90,0x90,0x90,0x90 ; COM 14EC
    mov al,0x00 ; row 13, slot 8 (next row lead)
    out dx,al
    db 0x90,0x90,0x90,0x90,0x90,0x90,0x90 ; COM 14FC
row_014:
    mov al,0x28 ; row 14, slot 1
    out dx,al
    db 0x90,0x90 ; COM 1506
    mov al,0x20 ; row 14, slot 2
    out dx,al
    db 0x90,0x90 ; COM 150B
    mov al,0x2F ; row 14, slot 3
    out dx,al
    db 0x90,0x90,0x90 ; COM 1510
    mov al,0x30 ; row 14, slot 4
    out dx,al
    db 0x90,0x90 ; COM 1516
    mov al,0x00 ; row 14, slot 5
    out dx,al
    db 0x90,0x90 ; COM 151B
    mov al,0x08 ; row 14, slot 6
    out dx,al
    db 0x90,0x90 ; COM 1520
    mov al,0x00 ; row 14, slot 7
    out dx,al
    db 0x90,0x90,0x90,0x90,0x90,0x90,0x90,0x90,0x90,0x90,0x90,0x90,0x90 ; COM 1525
    mov al,0x20 ; row 14, slot 8 (next row lead)
    out dx,al
    db 0x90,0x90,0x90,0x90,0x90,0x90,0x90 ; COM 1535
row_015:
    mov al,0x20 ; row 15, slot 1
    out dx,al
    db 0x90,0x90 ; COM 153F
    mov al,0x00 ; row 15, slot 2
    out dx,al
    db 0x90,0x90 ; COM 1544
    mov al,0x37 ; row 15, slot 3
    out dx,al
    db 0x90,0x90,0x90 ; COM 1549
    mov al,0x07 ; row 15, slot 4
    out dx,al
    db 0x90,0x90 ; COM 154F
    mov al,0x00 ; row 15, slot 5
    out dx,al
    db 0x90,0x90 ; COM 1554
    mov al,0x20 ; row 15, slot 6
    out dx,al
    db 0x90,0x90 ; COM 1559
    mov al,0x20 ; row 15, slot 7
    out dx,al
    db 0x90,0x90,0x90,0x90,0x90,0x90,0x90,0x90,0x90,0x90,0x90,0x90,0x90 ; COM 155E
    mov al,0x00 ; row 15, slot 8 (next row lead)
    out dx,al
    db 0x90,0x90,0x90,0x90,0x90,0x90,0x90 ; COM 156E
row_016:
    mov al,0x00 ; row 16, slot 1
    out dx,al
    db 0x90,0x90 ; COM 1578
    mov al,0x20 ; row 16, slot 2
    out dx,al
    db 0x90,0x90 ; COM 157D
    mov al,0x37 ; row 16, slot 3
    out dx,al
    db 0x90,0x90,0x90 ; COM 1582
    mov al,0x30 ; row 16, slot 4
    out dx,al
    db 0x90,0x90 ; COM 1588
    mov al,0x28 ; row 16, slot 5
    out dx,al
    db 0x90,0x90 ; COM 158D
    mov al,0x20 ; row 16, slot 6
    out dx,al
    db 0x90,0x90 ; COM 1592
    mov al,0x00 ; row 16, slot 7
    out dx,al
    db 0x90,0x90,0x90,0x90,0x90,0x90,0x90,0x90,0x90,0x90,0x90,0x90,0x90 ; COM 1597
    mov al,0x20 ; row 16, slot 8 (next row lead)
    out dx,al
    db 0x90,0x90,0x90,0x90,0x90,0x90,0x90 ; COM 15A7
row_017:
    mov al,0x20 ; row 17, slot 1
    out dx,al
    db 0x90,0x90 ; COM 15B1
    mov al,0x28 ; row 17, slot 2
    out dx,al
    db 0x90,0x90 ; COM 15B6
    mov al,0x3E ; row 17, slot 3
    out dx,al
    db 0x90,0x90,0x90 ; COM 15BB
    mov al,0x20 ; row 17, slot 4
    out dx,al
    db 0x90,0x90 ; COM 15C1
    mov al,0x20 ; row 17, slot 5
    out dx,al
    db 0x90,0x90 ; COM 15C6
    mov al,0x00 ; row 17, slot 6
    out dx,al
    db 0x90,0x90 ; COM 15CB
    mov al,0x20 ; row 17, slot 7
    out dx,al
    db 0x90,0x90,0x90,0x90,0x90,0x90,0x90,0x90,0x90,0x90,0x90,0x90,0x90 ; COM 15D0
    mov al,0x00 ; row 17, slot 8 (next row lead)
    out dx,al
    db 0x90,0x90,0x90,0x90,0x90,0x90,0x90 ; COM 15E0
row_018:
    mov al,0x08 ; row 18, slot 1
    out dx,al
    db 0x90,0x90 ; COM 15EA
    mov al,0x30 ; row 18, slot 2
    out dx,al
    db 0x90,0x90 ; COM 15EF
    mov al,0x37 ; row 18, slot 3
    out dx,al
    db 0x90,0x90,0x90 ; COM 15F4
    mov al,0x38 ; row 18, slot 4
    out dx,al
    db 0x90,0x90 ; COM 15FA
    mov al,0x00 ; row 18, slot 5
    out dx,al
    db 0x90,0x90 ; COM 15FF
    mov al,0x00 ; row 18, slot 6
    out dx,al
    db 0x90,0x90 ; COM 1604
    mov al,0x00 ; row 18, slot 7
    out dx,al
    db 0x90,0x90,0x90,0x90,0x90,0x90,0x90,0x90,0x90,0x90,0x90,0x90,0x90 ; COM 1609
    mov al,0x20 ; row 18, slot 8 (next row lead)
    out dx,al
    db 0x90,0x90,0x90,0x90,0x90,0x90,0x90 ; COM 1619
row_019:
    mov al,0x20 ; row 19, slot 1
    out dx,al
    db 0x90,0x90 ; COM 1623
    mov al,0x0E ; row 19, slot 2
    out dx,al
    db 0x90,0x90 ; COM 1628
    mov al,0x37 ; row 19, slot 3
    out dx,al
    db 0x90,0x90,0x90 ; COM 162D
    mov al,0x30 ; row 19, slot 4
    out dx,al
    db 0x90,0x90 ; COM 1633
    mov al,0x20 ; row 19, slot 5
    out dx,al
    db 0x90,0x90 ; COM 1638
    mov al,0x28 ; row 19, slot 6
    out dx,al
    db 0x90,0x90 ; COM 163D
    mov al,0x20 ; row 19, slot 7
    out dx,al
    db 0x90,0x90,0x90,0x90,0x90,0x90,0x90,0x90,0x90,0x90,0x90,0x90,0x90 ; COM 1642
    mov al,0x00 ; row 19, slot 8 (next row lead)
    out dx,al
    db 0x90,0x90,0x90,0x90,0x90,0x90,0x90 ; COM 1652
row_020:
    mov al,0x00 ; row 20, slot 1
    out dx,al
    db 0x90,0x90 ; COM 165C
    mov al,0x30 ; row 20, slot 2
    out dx,al
    db 0x90,0x90 ; COM 1661
    mov al,0x3E ; row 20, slot 3
    out dx,al
    db 0x90,0x90,0x90 ; COM 1666
    mov al,0x20 ; row 20, slot 4
    out dx,al
    db 0x90,0x90 ; COM 166C
    mov al,0x08 ; row 20, slot 5
    out dx,al
    db 0x90,0x90 ; COM 1671
    mov al,0x20 ; row 20, slot 6
    out dx,al
    db 0x90,0x90 ; COM 1676
    mov al,0x00 ; row 20, slot 7
    out dx,al
    db 0x90,0x90,0x90,0x90,0x90,0x90,0x90,0x90,0x90,0x90,0x90,0x90,0x90 ; COM 167B
    mov al,0x20 ; row 20, slot 8 (next row lead)
    out dx,al
    db 0x90,0x90,0x90,0x90,0x90,0x90,0x90 ; COM 168B
row_021:
    mov al,0x28 ; row 21, slot 1
    out dx,al
    db 0x90,0x90 ; COM 1695
    mov al,0x28 ; row 21, slot 2
    out dx,al
    db 0x90,0x90 ; COM 169A
    mov al,0x37 ; row 21, slot 3
    out dx,al
    db 0x90,0x90,0x90 ; COM 169F
    mov al,0x0F ; row 21, slot 4
    out dx,al
    db 0x90,0x90 ; COM 16A5
    mov al,0x20 ; row 21, slot 5
    out dx,al
    db 0x90,0x90 ; COM 16AA
    mov al,0x20 ; row 21, slot 6
    out dx,al
    db 0x90,0x90 ; COM 16AF
    mov al,0x20 ; row 21, slot 7
    out dx,al
    db 0x90,0x90,0x90,0x90,0x90,0x90,0x90,0x90,0x90,0x90,0x90,0x90,0x90 ; COM 16B4
    mov al,0x00 ; row 21, slot 8 (next row lead)
    out dx,al
    db 0x90,0x90,0x90,0x90,0x90,0x90,0x90 ; COM 16C4
row_022:
    mov al,0x20 ; row 22, slot 1
    out dx,al
    db 0x90,0x90 ; COM 16CE
    mov al,0x30 ; row 22, slot 2
    out dx,al
    db 0x90,0x90 ; COM 16D3
    mov al,0x37 ; row 22, slot 3
    out dx,al
    db 0x90,0x90,0x90 ; COM 16D8
    mov al,0x20 ; row 22, slot 4
    out dx,al
    db 0x90,0x90 ; COM 16DE
    mov al,0x20 ; row 22, slot 5
    out dx,al
    db 0x90,0x90 ; COM 16E3
    mov al,0x00 ; row 22, slot 6
    out dx,al
    db 0x90,0x90 ; COM 16E8
    mov al,0x00 ; row 22, slot 7
    out dx,al
    db 0x90,0x90,0x90,0x90,0x90,0x90,0x90,0x90,0x90,0x90,0x90,0x90,0x90 ; COM 16ED
    mov al,0x20 ; row 22, slot 8 (next row lead)
    out dx,al
    db 0x90,0x90,0x90,0x90,0x90,0x90,0x90 ; COM 16FD
row_023:
    mov al,0x00 ; row 23, slot 1
    out dx,al
    db 0x90,0x90 ; COM 1707
    mov al,0x20 ; row 23, slot 2
    out dx,al
    db 0x90,0x90 ; COM 170C
    mov al,0x3E ; row 23, slot 3
    out dx,al
    db 0x90,0x90,0x90 ; COM 1711
    mov al,0x30 ; row 23, slot 4
    out dx,al
    db 0x90,0x90 ; COM 1717
    mov al,0x00 ; row 23, slot 5
    out dx,al
    db 0x90,0x90 ; COM 171C
    mov al,0x20 ; row 23, slot 6
    out dx,al
    db 0x90,0x90 ; COM 1721
    mov al,0x20 ; row 23, slot 7
    out dx,al
    db 0x90,0x90,0x90,0x90,0x90,0x90,0x90,0x90,0x90,0x90,0x90,0x90,0x90 ; COM 1726
    mov al,0x00 ; row 23, slot 8 (next row lead)
    out dx,al
    db 0x90,0x90,0x90,0x90,0x90,0x90,0x90 ; COM 1736
row_024:
    mov al,0x28 ; row 24, slot 1
    out dx,al
    db 0x90,0x90 ; COM 1740
    mov al,0x0F ; row 24, slot 2
    out dx,al
    db 0x90,0x90 ; COM 1745
    mov al,0x37 ; row 24, slot 3
    out dx,al
    db 0x90,0x90,0x90 ; COM 174A
    mov al,0x28 ; row 24, slot 4
    out dx,al
    db 0x90,0x90 ; COM 1750
    mov al,0x00 ; row 24, slot 5
    out dx,al
    db 0x90,0x90 ; COM 1755
    mov al,0x28 ; row 24, slot 6
    out dx,al
    db 0x90,0x90 ; COM 175A
    mov al,0x00 ; row 24, slot 7
    out dx,al
    db 0x90,0x90,0x90,0x90,0x90,0x90,0x90,0x90,0x90,0x90,0x90,0x90,0x90 ; COM 175F
    mov al,0x20 ; row 24, slot 8 (next row lead)
    out dx,al
    db 0x90,0x90,0x90,0x90,0x90,0x90,0x90 ; COM 176F
row_025:
    mov al,0x20 ; row 25, slot 1
    out dx,al
    db 0x90,0x90 ; COM 1779
    mov al,0x20 ; row 25, slot 2
    out dx,al
    db 0x90,0x90 ; COM 177E
    mov al,0x1F ; row 25, slot 3
    out dx,al
    db 0x90,0x90,0x90 ; COM 1783
    mov al,0x30 ; row 25, slot 4
    out dx,al
    db 0x90,0x90 ; COM 1789
    mov al,0x28 ; row 25, slot 5
    out dx,al
    db 0x90,0x90 ; COM 178E
    mov al,0x20 ; row 25, slot 6
    out dx,al
    db 0x90,0x90 ; COM 1793
    mov al,0x20 ; row 25, slot 7
    out dx,al
    db 0x90,0x90,0x90,0x90,0x90,0x90,0x90,0x90,0x90,0x90,0x90,0x90,0x90 ; COM 1798
    mov al,0x00 ; row 25, slot 8 (next row lead)
    out dx,al
    db 0x90,0x90,0x90,0x90,0x90,0x90,0x90 ; COM 17A8
row_026:
    mov al,0x20 ; row 26, slot 1
    out dx,al
    db 0x90,0x90 ; COM 17B2
    mov al,0x38 ; row 26, slot 2
    out dx,al
    db 0x90,0x90 ; COM 17B7
    mov al,0x37 ; row 26, slot 3
    out dx,al
    db 0x90,0x90,0x90 ; COM 17BC
    mov al,0x07 ; row 26, slot 4
    out dx,al
    db 0x90,0x90 ; COM 17C2
    mov al,0x20 ; row 26, slot 5
    out dx,al
    db 0x90,0x90 ; COM 17C7
    mov al,0x00 ; row 26, slot 6
    out dx,al
    db 0x90,0x90 ; COM 17CC
    mov al,0x00 ; row 26, slot 7
    out dx,al
    db 0x90,0x90,0x90,0x90,0x90,0x90,0x90,0x90,0x90,0x90,0x90,0x90,0x90 ; COM 17D1
    mov al,0x20 ; row 26, slot 8 (next row lead)
    out dx,al
    db 0x90,0x90,0x90,0x90,0x90,0x90,0x90 ; COM 17E1
row_027:
    mov al,0x08 ; row 27, slot 1
    out dx,al
    db 0x90,0x90 ; COM 17EB
    mov al,0x20 ; row 27, slot 2
    out dx,al
    db 0x90,0x90 ; COM 17F0
    mov al,0x37 ; row 27, slot 3
    out dx,al
    db 0x90,0x90,0x90 ; COM 17F5
    mov al,0x30 ; row 27, slot 4
    out dx,al
    db 0x90,0x90 ; COM 17FB
    mov al,0x20 ; row 27, slot 5
    out dx,al
    db 0x90,0x90 ; COM 1800
    mov al,0x00 ; row 27, slot 6
    out dx,al
    db 0x90,0x90 ; COM 1805
    mov al,0x20 ; row 27, slot 7
    out dx,al
    db 0x90,0x90,0x90,0x90,0x90,0x90,0x90,0x90,0x90,0x90,0x90,0x90,0x90 ; COM 180A
    mov al,0x00 ; row 27, slot 8 (next row lead)
    out dx,al
    db 0x90,0x90,0x90,0x90,0x90,0x90,0x90 ; COM 181A
row_028:
    mov al,0x20 ; row 28, slot 1
    out dx,al
    db 0x90,0x90 ; COM 1824
    mov al,0x30 ; row 28, slot 2
    out dx,al
    db 0x90,0x90 ; COM 1829
    mov al,0x3E ; row 28, slot 3
    out dx,al
    db 0x90,0x90,0x90 ; COM 182E
    mov al,0x20 ; row 28, slot 4
    out dx,al
    db 0x90,0x90 ; COM 1834
    mov al,0x00 ; row 28, slot 5
    out dx,al
    db 0x90,0x90 ; COM 1839
    mov al,0x00 ; row 28, slot 6
    out dx,al
    db 0x90,0x90 ; COM 183E
    mov al,0x20 ; row 28, slot 7
    out dx,al
    db 0x90,0x90,0x90,0x90,0x90,0x90,0x90,0x90,0x90,0x90,0x90,0x90,0x90 ; COM 1843
    mov al,0x20 ; row 28, slot 8 (next row lead)
    out dx,al
    db 0x90,0x90,0x90,0x90,0x90,0x90,0x90 ; COM 1853
row_029:
    mov al,0x20 ; row 29, slot 1
    out dx,al
    db 0x90,0x90 ; COM 185D
    mov al,0x07 ; row 29, slot 2
    out dx,al
    db 0x90,0x90 ; COM 1862
    mov al,0x37 ; row 29, slot 3
    out dx,al
    db 0x90,0x90,0x90 ; COM 1867
    mov al,0x38 ; row 29, slot 4
    out dx,al
    db 0x90,0x90 ; COM 186D
    mov al,0x20 ; row 29, slot 5
    out dx,al
    db 0x90,0x90 ; COM 1872
    mov al,0x20 ; row 29, slot 6
    out dx,al
    db 0x90,0x90 ; COM 1877
    mov al,0x00 ; row 29, slot 7
    out dx,al
    db 0x90,0x90,0x90,0x90,0x90,0x90,0x90,0x90,0x90,0x90,0x90,0x90,0x90 ; COM 187C
    mov al,0x00 ; row 29, slot 8 (next row lead)
    out dx,al
    db 0x90,0x90,0x90,0x90,0x90,0x90,0x90 ; COM 188C
row_030:
    mov al,0x28 ; row 30, slot 1
    out dx,al
    db 0x90,0x90 ; COM 1896
    mov al,0x30 ; row 30, slot 2
    out dx,al
    db 0x90,0x90 ; COM 189B
    mov al,0x37 ; row 30, slot 3
    out dx,al
    db 0x90,0x90,0x90 ; COM 18A0
    mov al,0x20 ; row 30, slot 4
    out dx,al
    db 0x90,0x90 ; COM 18A6
    mov al,0x08 ; row 30, slot 5
    out dx,al
    db 0x90,0x90 ; COM 18AB
    mov al,0x08 ; row 30, slot 6
    out dx,al
    db 0x90,0x90 ; COM 18B0
    mov al,0x20 ; row 30, slot 7
    out dx,al
    db 0x90,0x90,0x90,0x90,0x90,0x90,0x90,0x90,0x90,0x90,0x90,0x90,0x90 ; COM 18B5
    mov al,0x20 ; row 30, slot 8 (next row lead)
    out dx,al
    db 0x90,0x90,0x90,0x90,0x90,0x90,0x90 ; COM 18C5
row_031:
    mov al,0x20 ; row 31, slot 1
    out dx,al
    db 0x90,0x90 ; COM 18CF
    mov al,0x28 ; row 31, slot 2
    out dx,al
    db 0x90,0x90 ; COM 18D4
    mov al,0x17 ; row 31, slot 3
    out dx,al
    db 0x90,0x90,0x90 ; COM 18D9
    mov al,0x30 ; row 31, slot 4
    out dx,al
    db 0x90,0x90 ; COM 18DF
    mov al,0x20 ; row 31, slot 5
    out dx,al
    db 0x90,0x90 ; COM 18E4
    mov al,0x20 ; row 31, slot 6
    out dx,al
    db 0x90,0x90 ; COM 18E9
    mov al,0x00 ; row 31, slot 7
    out dx,al
    db 0x90,0x90,0x90,0x90,0x90,0x90,0x90,0x90,0x90,0x90,0x90,0x90,0x90 ; COM 18EE
    mov al,0x00 ; row 31, slot 8 (next row lead)
    out dx,al
    db 0x90,0x90,0x90,0x90,0x90,0x90,0x90 ; COM 18FE
row_032:
    mov al,0x00 ; row 32, slot 1
    out dx,al
    db 0x90,0x90 ; COM 1908
    mov al,0x10 ; row 32, slot 2
    out dx,al
    db 0x90,0x90 ; COM 190D
    mov al,0x37 ; row 32, slot 3
    out dx,al
    db 0x90,0x90,0x90 ; COM 1912
    mov al,0x0F ; row 32, slot 4
    out dx,al
    db 0x90,0x90 ; COM 1918
    mov al,0x00 ; row 32, slot 5
    out dx,al
    db 0x90,0x90 ; COM 191D
    mov al,0x20 ; row 32, slot 6
    out dx,al
    db 0x90,0x90 ; COM 1922
    mov al,0x00 ; row 32, slot 7
    out dx,al
    db 0x90,0x90,0x90,0x90,0x90,0x90,0x90,0x90,0x90,0x90,0x90,0x90,0x90 ; COM 1927
    mov al,0x20 ; row 32, slot 8 (next row lead)
    out dx,al
    db 0x90,0x90,0x90,0x90,0x90,0x90,0x90 ; COM 1937
row_033:
    mov al,0x00 ; row 33, slot 1
    out dx,al
    db 0x90,0x90 ; COM 1941
    mov al,0x30 ; row 33, slot 2
    out dx,al
    db 0x90,0x90 ; COM 1946
    mov al,0x37 ; row 33, slot 3
    out dx,al
    db 0x90,0x90,0x90 ; COM 194B
    mov al,0x20 ; row 33, slot 4
    out dx,al
    db 0x90,0x90 ; COM 1951
    mov al,0x20 ; row 33, slot 5
    out dx,al
    db 0x90,0x90 ; COM 1956
    mov al,0x00 ; row 33, slot 6
    out dx,al
    db 0x90,0x90 ; COM 195B
    mov al,0x20 ; row 33, slot 7
    out dx,al
    db 0x90,0x90,0x90,0x90,0x90,0x90,0x90,0x90,0x90,0x90,0x90,0x90,0x90 ; COM 1960
    mov al,0x00 ; row 33, slot 8 (next row lead)
    out dx,al
    db 0x90,0x90,0x90,0x90,0x90,0x90,0x90 ; COM 1970
row_034:
    mov al,0x28 ; row 34, slot 1
    out dx,al
    db 0x90,0x90 ; COM 197A
    mov al,0x28 ; row 34, slot 2
    out dx,al
    db 0x90,0x90 ; COM 197F
    mov al,0x3E ; row 34, slot 3
    out dx,al
    db 0x90,0x90,0x90 ; COM 1984
    mov al,0x38 ; row 34, slot 4
    out dx,al
    db 0x90,0x90 ; COM 198A
    mov al,0x28 ; row 34, slot 5
    out dx,al
    db 0x90,0x90 ; COM 198F
    mov al,0x20 ; row 34, slot 6
    out dx,al
    db 0x90,0x90 ; COM 1994
    mov al,0x00 ; row 34, slot 7
    out dx,al
    db 0x90,0x90,0x90,0x90,0x90,0x90,0x90,0x90,0x90,0x90,0x90,0x90,0x90 ; COM 1999
    mov al,0x20 ; row 34, slot 8 (next row lead)
    out dx,al
    db 0x90,0x90,0x90,0x90,0x90,0x90,0x90 ; COM 19A9
row_035:
    mov al,0x20 ; row 35, slot 1
    out dx,al
    db 0x90,0x90 ; COM 19B3
    mov al,0x30 ; row 35, slot 2
    out dx,al
    db 0x90,0x90 ; COM 19B8
    mov al,0x20 ; row 35, slot 3
    out dx,al
    db 0x90,0x90,0x90 ; COM 19BD
    mov al,0x20 ; row 35, slot 4
    out dx,al
    db 0x90,0x90 ; COM 19C3
    mov al,0x20 ; row 35, slot 5
    out dx,al
    db 0x90,0x90 ; COM 19C8
    mov al,0x08 ; row 35, slot 6
    out dx,al
    db 0x90,0x90 ; COM 19CD
    mov al,0x20 ; row 35, slot 7
    out dx,al
    db 0x90,0x90,0x90,0x90,0x90,0x90,0x90,0x90,0x90,0x90,0x90,0x90,0x90 ; COM 19D2
    mov al,0x00 ; row 35, slot 8 (next row lead)
    out dx,al
    db 0x90,0x90,0x90,0x90,0x90,0x90,0x90 ; COM 19E2
row_036:
    mov al,0x20 ; row 36, slot 1
    out dx,al
    db 0x90,0x90 ; COM 19EC
    mov al,0x07 ; row 36, slot 2
    out dx,al
    db 0x90,0x90 ; COM 19F1
    mov al,0x37 ; row 36, slot 3
    out dx,al
    db 0x90,0x90,0x90 ; COM 19F6
    mov al,0x30 ; row 36, slot 4
    out dx,al
    db 0x90,0x90 ; COM 19FC
    mov al,0x00 ; row 36, slot 5
    out dx,al
    db 0x90,0x90 ; COM 1A01
    mov al,0x20 ; row 36, slot 6
    out dx,al
    db 0x90,0x90 ; COM 1A06
    mov al,0x00 ; row 36, slot 7
    out dx,al
    db 0x90,0x90,0x90,0x90,0x90,0x90,0x90,0x90,0x90,0x90,0x90,0x90,0x90 ; COM 1A0B
    mov al,0x20 ; row 36, slot 8 (next row lead)
    out dx,al
    db 0x90,0x90,0x90,0x90,0x90,0x90,0x90 ; COM 1A1B
row_037:
    mov al,0x28 ; row 37, slot 1
    out dx,al
    db 0x90,0x90 ; COM 1A25
    mov al,0x30 ; row 37, slot 2
    out dx,al
    db 0x90,0x90 ; COM 1A2A
    mov al,0x17 ; row 37, slot 3
    out dx,al
    db 0x90,0x90,0x90 ; COM 1A2F
    mov al,0x07 ; row 37, slot 4
    out dx,al
    db 0x90,0x90 ; COM 1A35
    mov al,0x20 ; row 37, slot 5
    out dx,al
    db 0x90,0x90 ; COM 1A3A
    mov al,0x00 ; row 37, slot 6
    out dx,al
    db 0x90,0x90 ; COM 1A3F
    mov al,0x20 ; row 37, slot 7
    out dx,al
    db 0x90,0x90,0x90,0x90,0x90,0x90,0x90,0x90,0x90,0x90,0x90,0x90,0x90 ; COM 1A44
    mov al,0x00 ; row 37, slot 8 (next row lead)
    out dx,al
    db 0x90,0x90,0x90,0x90,0x90,0x90,0x90 ; COM 1A54
row_038:
    mov al,0x20 ; row 38, slot 1
    out dx,al
    db 0x90,0x90 ; COM 1A5E
    mov al,0x28 ; row 38, slot 2
    out dx,al
    db 0x90,0x90 ; COM 1A63
    mov al,0x37 ; row 38, slot 3
    out dx,al
    db 0x90,0x90,0x90 ; COM 1A68
    mov al,0x30 ; row 38, slot 4
    out dx,al
    db 0x90,0x90 ; COM 1A6E
    mov al,0x28 ; row 38, slot 5
    out dx,al
    db 0x90,0x90 ; COM 1A73
    mov al,0x00 ; row 38, slot 6
    out dx,al
    db 0x90,0x90 ; COM 1A78
    mov al,0x20 ; row 38, slot 7
    out dx,al
    db 0x90,0x90,0x90,0x90,0x90,0x90,0x90,0x90,0x90,0x90,0x90,0x90,0x90 ; COM 1A7D
    mov al,0x20 ; row 38, slot 8 (next row lead)
    out dx,al
    db 0x90,0x90,0x90,0x90,0x90,0x90,0x90 ; COM 1A8D
row_039:
    mov al,0x00 ; row 39, slot 1
    out dx,al
    db 0x90,0x90 ; COM 1A97
    mov al,0x30 ; row 39, slot 2
    out dx,al
    db 0x90,0x90 ; COM 1A9C
    mov al,0x17 ; row 39, slot 3
    out dx,al
    db 0x90,0x90,0x90 ; COM 1AA1
    mov al,0x18 ; row 39, slot 4
    out dx,al
    db 0x90,0x90 ; COM 1AA7
    mov al,0x20 ; row 39, slot 5
    out dx,al
    db 0x90,0x90 ; COM 1AAC
    mov al,0x00 ; row 39, slot 6
    out dx,al
    db 0x90,0x90 ; COM 1AB1
    mov al,0x00 ; row 39, slot 7
    out dx,al
    db 0x90,0x90,0x90,0x90,0x90,0x90,0x90,0x90,0x90,0x90,0x90,0x90,0x90 ; COM 1AB6
    mov al,0x00 ; row 39, slot 8 (next row lead)
    out dx,al
    db 0x90,0x90,0x90,0x90,0x90,0x90,0x90 ; COM 1AC6
row_040:
    mov al,0x20 ; row 40, slot 1
    out dx,al
    db 0x90,0x90 ; COM 1AD0
    mov al,0x20 ; row 40, slot 2
    out dx,al
    db 0x90,0x90 ; COM 1AD5
    mov al,0x37 ; row 40, slot 3
    out dx,al
    db 0x90,0x90,0x90 ; COM 1ADA
    mov al,0x20 ; row 40, slot 4
    out dx,al
    db 0x90,0x90 ; COM 1AE0
    mov al,0x00 ; row 40, slot 5
    out dx,al
    db 0x90,0x90 ; COM 1AE5
    mov al,0x20 ; row 40, slot 6
    out dx,al
    db 0x90,0x90 ; COM 1AEA
    mov al,0x20 ; row 40, slot 7
    out dx,al
    db 0x90,0x90,0x90,0x90,0x90,0x90,0x90,0x90,0x90,0x90,0x90,0x90,0x90 ; COM 1AEF
    mov al,0x20 ; row 40, slot 8 (next row lead)
    out dx,al
    db 0x90,0x90,0x90,0x90,0x90,0x90,0x90 ; COM 1AFF
row_041:
    mov al,0x08 ; row 41, slot 1
    out dx,al
    db 0x90,0x90 ; COM 1B09
    mov al,0x38 ; row 41, slot 2
    out dx,al
    db 0x90,0x90 ; COM 1B0E
    mov al,0x17 ; row 41, slot 3
    out dx,al
    db 0x90,0x90,0x90 ; COM 1B13
    mov al,0x30 ; row 41, slot 4
    out dx,al
    db 0x90,0x90 ; COM 1B19
    mov al,0x20 ; row 41, slot 5
    out dx,al
    db 0x90,0x90 ; COM 1B1E
    mov al,0x08 ; row 41, slot 6
    out dx,al
    db 0x90,0x90 ; COM 1B23
    mov al,0x00 ; row 41, slot 7
    out dx,al
    db 0x90,0x90,0x90,0x90,0x90,0x90,0x90,0x90,0x90,0x90,0x90,0x90,0x90 ; COM 1B28
    mov al,0x00 ; row 41, slot 8 (next row lead)
    out dx,al
    db 0x90,0x90,0x90,0x90,0x90,0x90,0x90 ; COM 1B38
row_042:
    mov al,0x20 ; row 42, slot 1
    out dx,al
    db 0x90,0x90 ; COM 1B42
    mov al,0x20 ; row 42, slot 2
    out dx,al
    db 0x90,0x90 ; COM 1B47
    mov al,0x37 ; row 42, slot 3
    out dx,al
    db 0x90,0x90,0x90 ; COM 1B4C
    mov al,0x07 ; row 42, slot 4
    out dx,al
    db 0x90,0x90 ; COM 1B52
    mov al,0x08 ; row 42, slot 5
    out dx,al
    db 0x90,0x90 ; COM 1B57
    mov al,0x20 ; row 42, slot 6
    out dx,al
    db 0x90,0x90 ; COM 1B5C
    mov al,0x20 ; row 42, slot 7
    out dx,al
    db 0x90,0x90,0x90,0x90,0x90,0x90,0x90,0x90,0x90,0x90,0x90,0x90,0x90 ; COM 1B61
    mov al,0x20 ; row 42, slot 8 (next row lead)
    out dx,al
    db 0x90,0x90,0x90,0x90,0x90,0x90,0x90 ; COM 1B71
row_043:
    mov al,0x20 ; row 43, slot 1
    out dx,al
    db 0x90,0x90 ; COM 1B7B
    mov al,0x0F ; row 43, slot 2
    out dx,al
    db 0x90,0x90 ; COM 1B80
    mov al,0x17 ; row 43, slot 3
    out dx,al
    db 0x90,0x90,0x90 ; COM 1B85
    mov al,0x30 ; row 43, slot 4
    out dx,al
    db 0x90,0x90 ; COM 1B8B
    mov al,0x20 ; row 43, slot 5
    out dx,al
    db 0x90,0x90 ; COM 1B90
    mov al,0x20 ; row 43, slot 6
    out dx,al
    db 0x90,0x90 ; COM 1B95
    mov al,0x00 ; row 43, slot 7
    out dx,al
    db 0x90,0x90,0x90,0x90,0x90,0x90,0x90,0x90,0x90,0x90,0x90,0x90,0x90 ; COM 1B9A
    mov al,0x00 ; row 43, slot 8 (next row lead)
    out dx,al
    db 0x90,0x90,0x90,0x90,0x90,0x90,0x90 ; COM 1BAA
row_044:
    mov al,0x28 ; row 44, slot 1
    out dx,al
    db 0x90,0x90 ; COM 1BB4
    mov al,0x20 ; row 44, slot 2
    out dx,al
    db 0x90,0x90 ; COM 1BB9
    mov al,0x37 ; row 44, slot 3
    out dx,al
    db 0x90,0x90,0x90 ; COM 1BBE
    mov al,0x18 ; row 44, slot 4
    out dx,al
    db 0x90,0x90 ; COM 1BC4
    mov al,0x20 ; row 44, slot 5
    out dx,al
    db 0x90,0x90 ; COM 1BC9
    mov al,0x00 ; row 44, slot 6
    out dx,al
    db 0x90,0x90 ; COM 1BCE
    mov al,0x20 ; row 44, slot 7
    out dx,al
    db 0x90,0x90,0x90,0x90,0x90,0x90,0x90,0x90,0x90,0x90,0x90,0x90,0x90 ; COM 1BD3
    mov al,0x20 ; row 44, slot 8 (next row lead)
    out dx,al
    db 0x90,0x90,0x90,0x90,0x90,0x90,0x90 ; COM 1BE3
row_045:
    mov al,0x20 ; row 45, slot 1
    out dx,al
    db 0x90,0x90 ; COM 1BED
    mov al,0x38 ; row 45, slot 2
    out dx,al
    db 0x90,0x90 ; COM 1BF2
    mov al,0x17 ; row 45, slot 3
    out dx,al
    db 0x90,0x90,0x90 ; COM 1BF7
    mov al,0x20 ; row 45, slot 4
    out dx,al
    db 0x90,0x90 ; COM 1BFD
    mov al,0x00 ; row 45, slot 5
    out dx,al
    db 0x90,0x90 ; COM 1C02
    mov al,0x20 ; row 45, slot 6
    out dx,al
    db 0x90,0x90 ; COM 1C07
    mov al,0x00 ; row 45, slot 7
    out dx,al
    db 0x90,0x90,0x90,0x90,0x90,0x90,0x90,0x90,0x90,0x90,0x90,0x90,0x90 ; COM 1C0C
    mov al,0x00 ; row 45, slot 8 (next row lead)
    out dx,al
    db 0x90,0x90,0x90,0x90,0x90,0x90,0x90 ; COM 1C1C
row_046:
    mov al,0x00 ; row 46, slot 1
    out dx,al
    db 0x90,0x90 ; COM 1C26
    mov al,0x20 ; row 46, slot 2
    out dx,al
    db 0x90,0x90 ; COM 1C2B
    mov al,0x37 ; row 46, slot 3
    out dx,al
    db 0x90,0x90,0x90 ; COM 1C30
    mov al,0x30 ; row 46, slot 4
    out dx,al
    db 0x90,0x90 ; COM 1C36
    mov al,0x20 ; row 46, slot 5
    out dx,al
    db 0x90,0x90 ; COM 1C3B
    mov al,0x28 ; row 46, slot 6
    out dx,al
    db 0x90,0x90 ; COM 1C40
    mov al,0x20 ; row 46, slot 7
    out dx,al
    db 0x90,0x90,0x90,0x90,0x90,0x90,0x90,0x90,0x90,0x90,0x90,0x90,0x90 ; COM 1C45
    mov al,0x20 ; row 46, slot 8 (next row lead)
    out dx,al
    db 0x90,0x90,0x90,0x90,0x90,0x90,0x90 ; COM 1C55
row_047:
    mov al,0x28 ; row 47, slot 1
    out dx,al
    db 0x90,0x90 ; COM 1C5F
    mov al,0x30 ; row 47, slot 2
    out dx,al
    db 0x90,0x90 ; COM 1C64
    mov al,0x17 ; row 47, slot 3
    out dx,al
    db 0x90,0x90,0x90 ; COM 1C69
    mov al,0x07 ; row 47, slot 4
    out dx,al
    db 0x90,0x90 ; COM 1C6F
    mov al,0x08 ; row 47, slot 5
    out dx,al
    db 0x90,0x90 ; COM 1C74
    mov al,0x20 ; row 47, slot 6
    out dx,al
    db 0x90,0x90 ; COM 1C79
    mov al,0x00 ; row 47, slot 7
    out dx,al
    db 0x90,0x90,0x90,0x90,0x90,0x90,0x90,0x90,0x90,0x90,0x90,0x90,0x90 ; COM 1C7E
    mov al,0x00 ; row 47, slot 8 (next row lead)
    out dx,al
    db 0x90,0x90,0x90,0x90,0x90,0x90,0x90 ; COM 1C8E
row_048:
    mov al,0x20 ; row 48, slot 1
    out dx,al
    db 0x90,0x90 ; COM 1C98
    mov al,0x28 ; row 48, slot 2
    out dx,al
    db 0x90,0x90 ; COM 1C9D
    mov al,0x37 ; row 48, slot 3
    out dx,al
    db 0x90,0x90,0x90 ; COM 1CA2
    mov al,0x30 ; row 48, slot 4
    out dx,al
    db 0x90,0x90 ; COM 1CA8
    mov al,0x20 ; row 48, slot 5
    out dx,al
    db 0x90,0x90 ; COM 1CAD
    mov al,0x00 ; row 48, slot 6
    out dx,al
    db 0x90,0x90 ; COM 1CB2
    mov al,0x00 ; row 48, slot 7
    out dx,al
    db 0x90,0x90,0x90,0x90,0x90,0x90,0x90,0x90,0x90,0x90,0x90,0x90,0x90 ; COM 1CB7
    mov al,0x20 ; row 48, slot 8 (next row lead)
    out dx,al
    db 0x90,0x90,0x90,0x90,0x90,0x90,0x90 ; COM 1CC7
row_049:
    mov al,0x00 ; row 49, slot 1
    out dx,al
    db 0x90,0x90 ; COM 1CD1
    mov al,0x30 ; row 49, slot 2
    out dx,al
    db 0x90,0x90 ; COM 1CD6
    mov al,0x17 ; row 49, slot 3
    out dx,al
    db 0x90,0x90,0x90 ; COM 1CDB
    mov al,0x18 ; row 49, slot 4
    out dx,al
    db 0x90,0x90 ; COM 1CE1
    mov al,0x00 ; row 49, slot 5
    out dx,al
    db 0x90,0x90 ; COM 1CE6
    mov al,0x20 ; row 49, slot 6
    out dx,al
    db 0x90,0x90 ; COM 1CEB
    mov al,0x20 ; row 49, slot 7
    out dx,al
    db 0x90,0x90,0x90,0x90,0x90,0x90,0x90,0x90,0x90,0x90,0x90,0x90,0x90 ; COM 1CF0
    mov al,0x00 ; row 49, slot 8 (next row lead)
    out dx,al
    db 0x90,0x90,0x90,0x90,0x90,0x90,0x90 ; COM 1D00
row_050:
    mov al,0x28 ; row 50, slot 1
    out dx,al
    db 0x90,0x90 ; COM 1D0A
    mov al,0x0F ; row 50, slot 2
    out dx,al
    db 0x90,0x90 ; COM 1D0F
    mov al,0x17 ; row 50, slot 3
    out dx,al
    db 0x90,0x90,0x90 ; COM 1D14
    mov al,0x20 ; row 50, slot 4
    out dx,al
    db 0x90,0x90 ; COM 1D1A
    mov al,0x00 ; row 50, slot 5
    out dx,al
    db 0x90,0x90 ; COM 1D1F
    mov al,0x00 ; row 50, slot 6
    out dx,al
    db 0x90,0x90 ; COM 1D24
    mov al,0x00 ; row 50, slot 7
    out dx,al
    db 0x90,0x90,0x90,0x90,0x90,0x90,0x90,0x90,0x90,0x90,0x90,0x90,0x90 ; COM 1D29
    mov al,0x20 ; row 50, slot 8 (next row lead)
    out dx,al
    db 0x90,0x90,0x90,0x90,0x90,0x90,0x90 ; COM 1D39
row_051:
    mov al,0x20 ; row 51, slot 1
    out dx,al
    db 0x90,0x90 ; COM 1D43
    mov al,0x30 ; row 51, slot 2
    out dx,al
    db 0x90,0x90 ; COM 1D48
    mov al,0x17 ; row 51, slot 3
    out dx,al
    db 0x90,0x90,0x90 ; COM 1D4D
    mov al,0x38 ; row 51, slot 4
    out dx,al
    db 0x90,0x90 ; COM 1D53
    mov al,0x20 ; row 51, slot 5
    out dx,al
    db 0x90,0x90 ; COM 1D58
    mov al,0x20 ; row 51, slot 6
    out dx,al
    db 0x90,0x90 ; COM 1D5D
    mov al,0x20 ; row 51, slot 7
    out dx,al
    db 0x90,0x90,0x90,0x90,0x90,0x90,0x90,0x90,0x90,0x90,0x90,0x90,0x90 ; COM 1D62
    mov al,0x00 ; row 51, slot 8 (next row lead)
    out dx,al
    db 0x90,0x90,0x90,0x90,0x90,0x90,0x90 ; COM 1D72
row_052:
    mov al,0x20 ; row 52, slot 1
    out dx,al
    db 0x90,0x90 ; COM 1D7C
    mov al,0x28 ; row 52, slot 2
    out dx,al
    db 0x90,0x90 ; COM 1D81
    mov al,0x37 ; row 52, slot 3
    out dx,al
    db 0x90,0x90,0x90 ; COM 1D86
    mov al,0x20 ; row 52, slot 4
    out dx,al
    db 0x90,0x90 ; COM 1D8C
    mov al,0x08 ; row 52, slot 5
    out dx,al
    db 0x90,0x90 ; COM 1D91
    mov al,0x28 ; row 52, slot 6
    out dx,al
    db 0x90,0x90 ; COM 1D96
    mov al,0x00 ; row 52, slot 7
    out dx,al
    db 0x90,0x90,0x90,0x90,0x90,0x90,0x90,0x90,0x90,0x90,0x90,0x90,0x90 ; COM 1D9B
    mov al,0x20 ; row 52, slot 8 (next row lead)
    out dx,al
    db 0x90,0x90,0x90,0x90,0x90,0x90,0x90 ; COM 1DAB
row_053:
    mov al,0x08 ; row 53, slot 1
    out dx,al
    db 0x90,0x90 ; COM 1DB5
    mov al,0x30 ; row 53, slot 2
    out dx,al
    db 0x90,0x90 ; COM 1DBA
    mov al,0x17 ; row 53, slot 3
    out dx,al
    db 0x90,0x90,0x90 ; COM 1DBF
    mov al,0x1F ; row 53, slot 4
    out dx,al
    db 0x90,0x90 ; COM 1DC5
    mov al,0x20 ; row 53, slot 5
    out dx,al
    db 0x90,0x90 ; COM 1DCA
    mov al,0x20 ; row 53, slot 6
    out dx,al
    db 0x90,0x90 ; COM 1DCF
    mov al,0x20 ; row 53, slot 7
    out dx,al
    db 0x90,0x90,0x90,0x90,0x90,0x90,0x90,0x90,0x90,0x90,0x90,0x90,0x90 ; COM 1DD4
    mov al,0x00 ; row 53, slot 8 (next row lead)
    out dx,al
    db 0x90,0x90,0x90,0x90,0x90,0x90,0x90 ; COM 1DE4
row_054:
    mov al,0x20 ; row 54, slot 1
    out dx,al
    db 0x90,0x90 ; COM 1DEE
    mov al,0x20 ; row 54, slot 2
    out dx,al
    db 0x90,0x90 ; COM 1DF3
    mov al,0x17 ; row 54, slot 3
    out dx,al
    db 0x90,0x90,0x90 ; COM 1DF8
    mov al,0x20 ; row 54, slot 4
    out dx,al
    db 0x90,0x90 ; COM 1DFE
    mov al,0x20 ; row 54, slot 5
    out dx,al
    db 0x90,0x90 ; COM 1E03
    mov al,0x00 ; row 54, slot 6
    out dx,al
    db 0x90,0x90 ; COM 1E08
    mov al,0x20 ; row 54, slot 7
    out dx,al
    db 0x90,0x90,0x90,0x90,0x90,0x90,0x90,0x90,0x90,0x90,0x90,0x90,0x90 ; COM 1E0D
    mov al,0x20 ; row 54, slot 8 (next row lead)
    out dx,al
    db 0x90,0x90,0x90,0x90,0x90,0x90,0x90 ; COM 1E1D
row_055:
    mov al,0x20 ; row 55, slot 1
    out dx,al
    db 0x90,0x90 ; COM 1E27
    mov al,0x0F ; row 55, slot 2
    out dx,al
    db 0x90,0x90 ; COM 1E2C
    mov al,0x17 ; row 55, slot 3
    out dx,al
    db 0x90,0x90,0x90 ; COM 1E31
    mov al,0x20 ; row 55, slot 4
    out dx,al
    db 0x90,0x90 ; COM 1E37
    mov al,0x00 ; row 55, slot 5
    out dx,al
    db 0x90,0x90 ; COM 1E3C
    mov al,0x20 ; row 55, slot 6
    out dx,al
    db 0x90,0x90 ; COM 1E41
    mov al,0x00 ; row 55, slot 7
    out dx,al
    db 0x90,0x90,0x90,0x90,0x90,0x90,0x90,0x90,0x90,0x90,0x90,0x90,0x90 ; COM 1E46
    mov al,0x00 ; row 55, slot 8 (next row lead)
    out dx,al
    db 0x90,0x90,0x90,0x90,0x90,0x90,0x90 ; COM 1E56
row_056:
    mov al,0x28 ; row 56, slot 1
    out dx,al
    db 0x90,0x90 ; COM 1E60
    mov al,0x20 ; row 56, slot 2
    out dx,al
    db 0x90,0x90 ; COM 1E65
    mov al,0x17 ; row 56, slot 3
    out dx,al
    db 0x90,0x90,0x90 ; COM 1E6A
    mov al,0x1F ; row 56, slot 4
    out dx,al
    db 0x90,0x90 ; COM 1E70
    mov al,0x20 ; row 56, slot 5
    out dx,al
    db 0x90,0x90 ; COM 1E75
    mov al,0x00 ; row 56, slot 6
    out dx,al
    db 0x90,0x90 ; COM 1E7A
    mov al,0x20 ; row 56, slot 7
    out dx,al
    db 0x90,0x90,0x90,0x90,0x90,0x90,0x90,0x90,0x90,0x90,0x90,0x90,0x90 ; COM 1E7F
    mov al,0x20 ; row 56, slot 8 (next row lead)
    out dx,al
    db 0x90,0x90,0x90,0x90,0x90,0x90,0x90 ; COM 1E8F
row_057:
    mov al,0x20 ; row 57, slot 1
    out dx,al
    db 0x90,0x90 ; COM 1E99
    mov al,0x38 ; row 57, slot 2
    out dx,al
    db 0x90,0x90 ; COM 1E9E
    mov al,0x17 ; row 57, slot 3
    out dx,al
    db 0x90,0x90,0x90 ; COM 1EA3
    mov al,0x20 ; row 57, slot 4
    out dx,al
    db 0x90,0x90 ; COM 1EA9
    mov al,0x28 ; row 57, slot 5
    out dx,al
    db 0x90,0x90 ; COM 1EAE
    mov al,0x20 ; row 57, slot 6
    out dx,al
    db 0x90,0x90 ; COM 1EB3
    mov al,0x00 ; row 57, slot 7
    out dx,al
    db 0x90,0x90,0x90,0x90,0x90,0x90,0x90,0x90,0x90,0x90,0x90,0x90,0x90 ; COM 1EB8
    mov al,0x00 ; row 57, slot 8 (next row lead)
    out dx,al
    db 0x90,0x90,0x90,0x90,0x90,0x90,0x90 ; COM 1EC8
row_058:
    mov al,0x00 ; row 58, slot 1
    out dx,al
    db 0x90,0x90 ; COM 1ED2
    mov al,0x20 ; row 58, slot 2
    out dx,al
    db 0x90,0x90 ; COM 1ED7
    mov al,0x17 ; row 58, slot 3
    out dx,al
    db 0x90,0x90,0x90 ; COM 1EDC
    mov al,0x20 ; row 58, slot 4
    out dx,al
    db 0x90,0x90 ; COM 1EE2
    mov al,0x20 ; row 58, slot 5
    out dx,al
    db 0x90,0x90 ; COM 1EE7
    mov al,0x08 ; row 58, slot 6
    out dx,al
    db 0x90,0x90 ; COM 1EEC
    mov al,0x20 ; row 58, slot 7
    out dx,al
    db 0x90,0x90,0x90,0x90,0x90,0x90,0x90,0x90,0x90,0x90,0x90,0x90,0x90 ; COM 1EF1
    mov al,0x20 ; row 58, slot 8 (next row lead)
    out dx,al
    db 0x90,0x90,0x90,0x90,0x90,0x90,0x90 ; COM 1F01
row_059:
    mov al,0x28 ; row 59, slot 1
    out dx,al
    db 0x90,0x90 ; COM 1F0B
    mov al,0x30 ; row 59, slot 2
    out dx,al
    db 0x90,0x90 ; COM 1F10
    mov al,0x17 ; row 59, slot 3
    out dx,al
    db 0x90,0x90,0x90 ; COM 1F15
    mov al,0x1F ; row 59, slot 4
    out dx,al
    db 0x90,0x90 ; COM 1F1B
    mov al,0x00 ; row 59, slot 5
    out dx,al
    db 0x90,0x90 ; COM 1F20
    mov al,0x20 ; row 59, slot 6
    out dx,al
    db 0x90,0x90 ; COM 1F25
    mov al,0x20 ; row 59, slot 7
    out dx,al
    db 0x90,0x90,0x90,0x90,0x90,0x90,0x90,0x90,0x90,0x90,0x90,0x90,0x90 ; COM 1F2A
    mov al,0x00 ; row 59, slot 8 (next row lead)
    out dx,al
    db 0x90,0x90,0x90,0x90,0x90,0x90,0x90 ; COM 1F3A
row_060:
    mov al,0x20 ; row 60, slot 1
    out dx,al
    db 0x90,0x90 ; COM 1F44
    mov al,0x07 ; row 60, slot 2
    out dx,al
    db 0x90,0x90 ; COM 1F49
    mov al,0x17 ; row 60, slot 3
    out dx,al
    db 0x90,0x90,0x90 ; COM 1F4E
    mov al,0x20 ; row 60, slot 4
    out dx,al
    db 0x90,0x90 ; COM 1F54
    mov al,0x20 ; row 60, slot 5
    out dx,al
    db 0x90,0x90 ; COM 1F59
    mov al,0x00 ; row 60, slot 6
    out dx,al
    db 0x90,0x90 ; COM 1F5E
    mov al,0x00 ; row 60, slot 7
    out dx,al
    db 0x90,0x90,0x90,0x90,0x90,0x90,0x90,0x90,0x90,0x90,0x90,0x90,0x90 ; COM 1F63
    mov al,0x20 ; row 60, slot 8 (next row lead)
    out dx,al
    db 0x90,0x90,0x90,0x90,0x90,0x90,0x90 ; COM 1F73
row_061:
    mov al,0x20 ; row 61, slot 1
    out dx,al
    db 0x90,0x90 ; COM 1F7D
    mov al,0x30 ; row 61, slot 2
    out dx,al
    db 0x90,0x90 ; COM 1F82
    mov al,0x37 ; row 61, slot 3
    out dx,al
    db 0x90,0x90,0x90 ; COM 1F87
    mov al,0x10 ; row 61, slot 4
    out dx,al
    db 0x90,0x90 ; COM 1F8D
    mov al,0x28 ; row 61, slot 5
    out dx,al
    db 0x90,0x90 ; COM 1F92
    mov al,0x00 ; row 61, slot 6
    out dx,al
    db 0x90,0x90 ; COM 1F97
    mov al,0x20 ; row 61, slot 7
    out dx,al
    db 0x90,0x90,0x90,0x90,0x90,0x90,0x90,0x90,0x90,0x90,0x90,0x90,0x90 ; COM 1F9C
    mov al,0x00 ; row 61, slot 8 (next row lead)
    out dx,al
    db 0x90,0x90,0x90,0x90,0x90,0x90,0x90 ; COM 1FAC
row_062:
    mov al,0x28 ; row 62, slot 1
    out dx,al
    db 0x90,0x90 ; COM 1FB6
    mov al,0x28 ; row 62, slot 2
    out dx,al
    db 0x90,0x90 ; COM 1FBB
    mov al,0x17 ; row 62, slot 3
    out dx,al
    db 0x90,0x90,0x90 ; COM 1FC0
    mov al,0x20 ; row 62, slot 4
    out dx,al
    db 0x90,0x90 ; COM 1FC6
    mov al,0x20 ; row 62, slot 5
    out dx,al
    db 0x90,0x90 ; COM 1FCB
    mov al,0x20 ; row 62, slot 6
    out dx,al
    db 0x90,0x90 ; COM 1FD0
    mov al,0x00 ; row 62, slot 7
    out dx,al
    db 0x90,0x90,0x90,0x90,0x90,0x90,0x90,0x90,0x90,0x90,0x90,0x90,0x90 ; COM 1FD5
    mov al,0x20 ; row 62, slot 8 (next row lead)
    out dx,al
    db 0x90,0x90,0x90,0x90,0x90,0x90,0x90 ; COM 1FE5
row_063:
    mov al,0x20 ; row 63, slot 1
    out dx,al
    db 0x90,0x90 ; COM 1FEF
    mov al,0x20 ; row 63, slot 2
    out dx,al
    db 0x90,0x90 ; COM 1FF4
    mov al,0x17 ; row 63, slot 3
    out dx,al
    db 0x90,0x90,0x90 ; COM 1FF9
    mov al,0x20 ; row 63, slot 4
    out dx,al
    db 0x90,0x90 ; COM 1FFF
    mov al,0x00 ; row 63, slot 5
    out dx,al
    db 0x90,0x90 ; COM 2004
    mov al,0x00 ; row 63, slot 6
    out dx,al
    db 0x90,0x90 ; COM 2009
    mov al,0x20 ; row 63, slot 7
    out dx,al
    db 0x90,0x90,0x90,0x90,0x90,0x90,0x90,0x90,0x90,0x90,0x90,0x90,0x90 ; COM 200E
    mov al,0x00 ; row 63, slot 8 (next row lead)
    out dx,al
    db 0x90,0x90,0x90,0x90,0x90,0x90,0x90 ; COM 201E
row_064:
    mov al,0x20 ; row 64, slot 1
    out dx,al
    db 0x90,0x90 ; COM 2028
    mov al,0x30 ; row 64, slot 2
    out dx,al
    db 0x90,0x90 ; COM 202D
    mov al,0x17 ; row 64, slot 3
    out dx,al
    db 0x90,0x90,0x90 ; COM 2032
    mov al,0x2F ; row 64, slot 4
    out dx,al
    db 0x90,0x90 ; COM 2038
    mov al,0x20 ; row 64, slot 5
    out dx,al
    db 0x90,0x90 ; COM 203D
    mov al,0x20 ; row 64, slot 6
    out dx,al
    db 0x90,0x90 ; COM 2042
    mov al,0x20 ; row 64, slot 7
    out dx,al
    db 0x90,0x90,0x90,0x90,0x90,0x90,0x90,0x90,0x90,0x90,0x90,0x90,0x90 ; COM 2047
    mov al,0x20 ; row 64, slot 8 (next row lead)
    out dx,al
    db 0x90,0x90,0x90,0x90,0x90,0x90,0x90 ; COM 2057
row_065:
    mov al,0x28 ; row 65, slot 1
    out dx,al
    db 0x90,0x90 ; COM 2061
    mov al,0x07 ; row 65, slot 2
    out dx,al
    db 0x90,0x90 ; COM 2066
    mov al,0x37 ; row 65, slot 3
    out dx,al
    db 0x90,0x90,0x90 ; COM 206B
    mov al,0x10 ; row 65, slot 4
    out dx,al
    db 0x90,0x90 ; COM 2071
    mov al,0x08 ; row 65, slot 5
    out dx,al
    db 0x90,0x90 ; COM 2076
    mov al,0x00 ; row 65, slot 6
    out dx,al
    db 0x90,0x90 ; COM 207B
    mov al,0x00 ; row 65, slot 7
    out dx,al
    db 0x90,0x90,0x90,0x90,0x90,0x90,0x90,0x90,0x90,0x90,0x90,0x90,0x90 ; COM 2080
    mov al,0x00 ; row 65, slot 8 (next row lead)
    out dx,al
    db 0x90,0x90,0x90,0x90,0x90,0x90,0x90 ; COM 2090
row_066:
    mov al,0x20 ; row 66, slot 1
    out dx,al
    db 0x90,0x90 ; COM 209A
    mov al,0x20 ; row 66, slot 2
    out dx,al
    db 0x90,0x90 ; COM 209F
    mov al,0x17 ; row 66, slot 3
    out dx,al
    db 0x90,0x90,0x90 ; COM 20A4
    mov al,0x20 ; row 66, slot 4
    out dx,al
    db 0x90,0x90 ; COM 20AA
    mov al,0x20 ; row 66, slot 5
    out dx,al
    db 0x90,0x90 ; COM 20AF
    mov al,0x20 ; row 66, slot 6
    out dx,al
    db 0x90,0x90 ; COM 20B4
    mov al,0x20 ; row 66, slot 7
    out dx,al
    db 0x90,0x90,0x90,0x90,0x90,0x90,0x90,0x90,0x90,0x90,0x90,0x90,0x90 ; COM 20B9
    mov al,0x20 ; row 66, slot 8 (next row lead)
    out dx,al
    db 0x90,0x90,0x90,0x90,0x90,0x90,0x90 ; COM 20C9
row_067:
    mov al,0x00 ; row 67, slot 1
    out dx,al
    db 0x90,0x90 ; COM 20D3
    mov al,0x28 ; row 67, slot 2
    out dx,al
    db 0x90,0x90 ; COM 20D8
    mov al,0x20 ; row 67, slot 3
    out dx,al
    db 0x90,0x90,0x90 ; COM 20DD
    mov al,0x20 ; row 67, slot 4
    out dx,al
    db 0x90,0x90 ; COM 20E3
    mov al,0x20 ; row 67, slot 5
    out dx,al
    db 0x90,0x90 ; COM 20E8
    mov al,0x00 ; row 67, slot 6
    out dx,al
    db 0x90,0x90 ; COM 20ED
    mov al,0x00 ; row 67, slot 7
    out dx,al
    db 0x90,0x90,0x90,0x90,0x90,0x90,0x90,0x90,0x90,0x90,0x90,0x90,0x90 ; COM 20F2
    mov al,0x00 ; row 67, slot 8 (next row lead)
    out dx,al
    db 0x90,0x90,0x90,0x90,0x90,0x90,0x90 ; COM 2102
row_068:
    mov al,0x28 ; row 68, slot 1
    out dx,al
    db 0x90,0x90 ; COM 210C
    mov al,0x10 ; row 68, slot 2
    out dx,al
    db 0x90,0x90 ; COM 2111
    mov al,0x17 ; row 68, slot 3
    out dx,al
    db 0x90,0x90,0x90 ; COM 2116
    mov al,0x20 ; row 68, slot 4
    out dx,al
    db 0x90,0x90 ; COM 211C
    mov al,0x00 ; row 68, slot 5
    out dx,al
    db 0x90,0x90 ; COM 2121
    mov al,0x20 ; row 68, slot 6
    out dx,al
    db 0x90,0x90 ; COM 2126
    mov al,0x20 ; row 68, slot 7
    out dx,al
    db 0x90,0x90,0x90,0x90,0x90,0x90,0x90,0x90,0x90,0x90,0x90,0x90,0x90 ; COM 212B
    mov al,0x20 ; row 68, slot 8 (next row lead)
    out dx,al
    db 0x90,0x90,0x90,0x90,0x90,0x90,0x90 ; COM 213B
row_069:
    mov al,0x20 ; row 69, slot 1
    out dx,al
    db 0x90,0x90 ; COM 2145
    mov al,0x20 ; row 69, slot 2
    out dx,al
    db 0x90,0x90 ; COM 214A
    mov al,0x37 ; row 69, slot 3
    out dx,al
    db 0x90,0x90,0x90 ; COM 214F
    mov al,0x10 ; row 69, slot 4
    out dx,al
    db 0x90,0x90 ; COM 2155
    mov al,0x20 ; row 69, slot 5
    out dx,al
    db 0x90,0x90 ; COM 215A
    mov al,0x00 ; row 69, slot 6
    out dx,al
    db 0x90,0x90 ; COM 215F
    mov al,0x00 ; row 69, slot 7
    out dx,al
    db 0x90,0x90,0x90,0x90,0x90,0x90,0x90,0x90,0x90,0x90,0x90,0x90,0x90 ; COM 2164
    mov al,0x00 ; row 69, slot 8 (next row lead)
    out dx,al
    db 0x90,0x90,0x90,0x90,0x90,0x90,0x90 ; COM 2174
row_070:
    mov al,0x20 ; row 70, slot 1
    out dx,al
    db 0x90,0x90 ; COM 217E
    mov al,0x0F ; row 70, slot 2
    out dx,al
    db 0x90,0x90 ; COM 2183
    mov al,0x17 ; row 70, slot 3
    out dx,al
    db 0x90,0x90,0x90 ; COM 2188
    mov al,0x20 ; row 70, slot 4
    out dx,al
    db 0x90,0x90 ; COM 218E
    mov al,0x28 ; row 70, slot 5
    out dx,al
    db 0x90,0x90 ; COM 2193
    mov al,0x20 ; row 70, slot 6
    out dx,al
    db 0x90,0x90 ; COM 2198
    mov al,0x20 ; row 70, slot 7
    out dx,al
    db 0x90,0x90,0x90,0x90,0x90,0x90,0x90,0x90,0x90,0x90,0x90,0x90,0x90 ; COM 219D
    mov al,0x20 ; row 70, slot 8 (next row lead)
    out dx,al
    db 0x90,0x90,0x90,0x90,0x90,0x90,0x90 ; COM 21AD
row_071:
    mov al,0x28 ; row 71, slot 1
    out dx,al
    db 0x90,0x90 ; COM 21B7
    mov al,0x20 ; row 71, slot 2
    out dx,al
    db 0x90,0x90 ; COM 21BC
    mov al,0x26 ; row 71, slot 3
    out dx,al
    db 0x90,0x90,0x90 ; COM 21C1
    mov al,0x28 ; row 71, slot 4
    out dx,al
    db 0x90,0x90 ; COM 21C7
    mov al,0x20 ; row 71, slot 5
    out dx,al
    db 0x90,0x90 ; COM 21CC
    mov al,0x00 ; row 71, slot 6
    out dx,al
    db 0x90,0x90 ; COM 21D1
    mov al,0x00 ; row 71, slot 7
    out dx,al
    db 0x90,0x90,0x90,0x90,0x90,0x90,0x90,0x90,0x90,0x90,0x90,0x90,0x90 ; COM 21D6
    mov al,0x20 ; row 71, slot 8 (next row lead)
    out dx,al
    db 0x90,0x90,0x90,0x90,0x90,0x90,0x90 ; COM 21E6
row_072:
    mov al,0x20 ; row 72, slot 1
    out dx,al
    db 0x90,0x90 ; COM 21F0
    mov al,0x28 ; row 72, slot 2
    out dx,al
    db 0x90,0x90 ; COM 21F5
    mov al,0x17 ; row 72, slot 3
    out dx,al
    db 0x90,0x90,0x90 ; COM 21FA
    mov al,0x20 ; row 72, slot 4
    out dx,al
    db 0x90,0x90 ; COM 2200
    mov al,0x00 ; row 72, slot 5
    out dx,al
    db 0x90,0x90 ; COM 2205
    mov al,0x20 ; row 72, slot 6
    out dx,al
    db 0x90,0x90 ; COM 220A
    mov al,0x20 ; row 72, slot 7
    out dx,al
    db 0x90,0x90,0x90,0x90,0x90,0x90,0x90,0x90,0x90,0x90,0x90,0x90,0x90 ; COM 220F
    mov al,0x20 ; row 72, slot 8 (next row lead)
    out dx,al
    db 0x90,0x90,0x90,0x90,0x90,0x90,0x90 ; COM 221F
row_073:
    mov al,0x00 ; row 73, slot 1
    out dx,al
    db 0x90,0x90 ; COM 2229
    mov al,0x20 ; row 73, slot 2
    out dx,al
    db 0x90,0x90 ; COM 222E
    mov al,0x17 ; row 73, slot 3
    out dx,al
    db 0x90,0x90,0x90 ; COM 2233
    mov al,0x10 ; row 73, slot 4
    out dx,al
    db 0x90,0x90 ; COM 2239
    mov al,0x20 ; row 73, slot 5
    out dx,al
    db 0x90,0x90 ; COM 223E
    mov al,0x00 ; row 73, slot 6
    out dx,al
    db 0x90,0x90 ; COM 2243
    mov al,0x20 ; row 73, slot 7
    out dx,al
    db 0x90,0x90,0x90,0x90,0x90,0x90,0x90,0x90,0x90,0x90,0x90,0x90,0x90 ; COM 2248
    mov al,0x20 ; row 73, slot 8 (next row lead)
    out dx,al
    db 0x90,0x90,0x90,0x90,0x90,0x90,0x90 ; COM 2258
row_074:
    mov al,0x00 ; row 74, slot 1
    out dx,al
    db 0x90,0x90 ; COM 2262
    mov al,0x20 ; row 74, slot 2
    out dx,al
    db 0x90,0x90 ; COM 2267
    mov al,0x17 ; row 74, slot 3
    out dx,al
    db 0x90,0x90,0x90 ; COM 226C
    mov al,0x20 ; row 74, slot 4
    out dx,al
    db 0x90,0x90 ; COM 2272
    mov al,0x08 ; row 74, slot 5
    out dx,al
    db 0x90,0x90 ; COM 2277
    mov al,0x20 ; row 74, slot 6
    out dx,al
    db 0x90,0x90 ; COM 227C
    mov al,0x00 ; row 74, slot 7
    out dx,al
    db 0x90,0x90,0x90,0x90,0x90,0x90,0x90,0x90,0x90,0x90,0x90,0x90,0x90 ; COM 2281
    mov al,0x20 ; row 74, slot 8 (next row lead)
    out dx,al
    db 0x90,0x90,0x90,0x90,0x90,0x90,0x90 ; COM 2291
row_075:
    mov al,0x28 ; row 75, slot 1
    out dx,al
    db 0x90,0x90 ; COM 229B
    mov al,0x07 ; row 75, slot 2
    out dx,al
    db 0x90,0x90 ; COM 22A0
    mov al,0x17 ; row 75, slot 3
    out dx,al
    db 0x90,0x90,0x90 ; COM 22A5
    mov al,0x28 ; row 75, slot 4
    out dx,al
    db 0x90,0x90 ; COM 22AB
    mov al,0x20 ; row 75, slot 5
    out dx,al
    db 0x90,0x90 ; COM 22B0
    mov al,0x08 ; row 75, slot 6
    out dx,al
    db 0x90,0x90 ; COM 22B5
    mov al,0x20 ; row 75, slot 7
    out dx,al
    db 0x90,0x90,0x90,0x90,0x90,0x90,0x90,0x90,0x90,0x90,0x90,0x90,0x90 ; COM 22BA
    mov al,0x20 ; row 75, slot 8 (next row lead)
    out dx,al
    db 0x90,0x90,0x90,0x90,0x90,0x90,0x90 ; COM 22CA
row_076:
    mov al,0x20 ; row 76, slot 1
    out dx,al
    db 0x90,0x90 ; COM 22D4
    mov al,0x20 ; row 76, slot 2
    out dx,al
    db 0x90,0x90 ; COM 22D9
    mov al,0x26 ; row 76, slot 3
    out dx,al
    db 0x90,0x90,0x90 ; COM 22DE
    mov al,0x20 ; row 76, slot 4
    out dx,al
    db 0x90,0x90 ; COM 22E4
    mov al,0x00 ; row 76, slot 5
    out dx,al
    db 0x90,0x90 ; COM 22E9
    mov al,0x20 ; row 76, slot 6
    out dx,al
    db 0x90,0x90 ; COM 22EE
    mov al,0x00 ; row 76, slot 7
    out dx,al
    db 0x90,0x90,0x90,0x90,0x90,0x90,0x90,0x90,0x90,0x90,0x90,0x90,0x90 ; COM 22F3
    mov al,0x20 ; row 76, slot 8 (next row lead)
    out dx,al
    db 0x90,0x90,0x90,0x90,0x90,0x90,0x90 ; COM 2303
row_077:
    mov al,0x20 ; row 77, slot 1
    out dx,al
    db 0x90,0x90 ; COM 230D
    mov al,0x28 ; row 77, slot 2
    out dx,al
    db 0x90,0x90 ; COM 2312
    mov al,0x1F ; row 77, slot 3
    out dx,al
    db 0x90,0x90,0x90 ; COM 2317
    mov al,0x10 ; row 77, slot 4
    out dx,al
    db 0x90,0x90 ; COM 231D
    mov al,0x00 ; row 77, slot 5
    out dx,al
    db 0x90,0x90 ; COM 2322
    mov al,0x20 ; row 77, slot 6
    out dx,al
    db 0x90,0x90 ; COM 2327
    mov al,0x20 ; row 77, slot 7
    out dx,al
    db 0x90,0x90,0x90,0x90,0x90,0x90,0x90,0x90,0x90,0x90,0x90,0x90,0x90 ; COM 232C
    mov al,0x20 ; row 77, slot 8 (next row lead)
    out dx,al
    db 0x90,0x90,0x90,0x90,0x90,0x90,0x90 ; COM 233C
row_078:
    mov al,0x28 ; row 78, slot 1
    out dx,al
    db 0x90,0x90 ; COM 2346
    mov al,0x10 ; row 78, slot 2
    out dx,al
    db 0x90,0x90 ; COM 234B
    mov al,0x28 ; row 78, slot 3
    out dx,al
    db 0x90,0x90,0x90 ; COM 2350
    mov al,0x28 ; row 78, slot 4
    out dx,al
    db 0x90,0x90 ; COM 2356
    mov al,0x00 ; row 78, slot 5
    out dx,al
    db 0x90,0x90 ; COM 235B
    mov al,0x00 ; row 78, slot 6
    out dx,al
    db 0x90,0x90 ; COM 2360
    mov al,0x20 ; row 78, slot 7
    out dx,al
    db 0x90,0x90,0x90,0x90,0x90,0x90,0x90,0x90,0x90,0x90,0x90,0x90,0x90 ; COM 2365
    mov al,0x20 ; row 78, slot 8 (next row lead)
    out dx,al
    db 0x90,0x90,0x90,0x90,0x90,0x90,0x90 ; COM 2375
row_079:
    mov al,0x20 ; row 79, slot 1
    out dx,al
    db 0x90,0x90 ; COM 237F
    mov al,0x20 ; row 79, slot 2
    out dx,al
    db 0x90,0x90 ; COM 2384
    mov al,0x16 ; row 79, slot 3
    out dx,al
    db 0x90,0x90,0x90 ; COM 2389
    mov al,0x20 ; row 79, slot 4
    out dx,al
    db 0x90,0x90 ; COM 238F
    mov al,0x08 ; row 79, slot 5
    out dx,al
    db 0x90,0x90 ; COM 2394
    mov al,0x20 ; row 79, slot 6
    out dx,al
    db 0x90,0x90 ; COM 2399
    mov al,0x00 ; row 79, slot 7
    out dx,al
    db 0x90,0x90,0x90,0x90,0x90,0x90,0x90,0x90,0x90,0x90,0x90,0x90,0x90 ; COM 239E
    mov al,0x20 ; row 79, slot 8 (next row lead)
    out dx,al
    db 0x90,0x90,0x90,0x90,0x90,0x90,0x90 ; COM 23AE
row_080:
    mov al,0x20 ; row 80, slot 1
    out dx,al
    db 0x90,0x90 ; COM 23B8
    mov al,0x07 ; row 80, slot 2
    out dx,al
    db 0x90,0x90 ; COM 23BD
    mov al,0x28 ; row 80, slot 3
    out dx,al
    db 0x90,0x90,0x90 ; COM 23C2
    mov al,0x0F ; row 80, slot 4
    out dx,al
    db 0x90,0x90 ; COM 23C8
    mov al,0x20 ; row 80, slot 5
    out dx,al
    db 0x90,0x90 ; COM 23CD
    mov al,0x20 ; row 80, slot 6
    out dx,al
    db 0x90,0x90 ; COM 23D2
    mov al,0x20 ; row 80, slot 7
    out dx,al
    db 0x90,0x90,0x90,0x90,0x90,0x90,0x90,0x90,0x90,0x90,0x90,0x90,0x90 ; COM 23D7
    mov al,0x20 ; row 80, slot 8 (next row lead)
    out dx,al
    db 0x90,0x90,0x90,0x90,0x90,0x90,0x90 ; COM 23E7
row_081:
    mov al,0x28 ; row 81, slot 1
    out dx,al
    db 0x90,0x90 ; COM 23F1
    mov al,0x20 ; row 81, slot 2
    out dx,al
    db 0x90,0x90 ; COM 23F6
    mov al,0x10 ; row 81, slot 3
    out dx,al
    db 0x90,0x90,0x90 ; COM 23FB
    mov al,0x20 ; row 81, slot 4
    out dx,al
    db 0x90,0x90 ; COM 2401
    mov al,0x20 ; row 81, slot 5
    out dx,al
    db 0x90,0x90 ; COM 2406
    mov al,0x00 ; row 81, slot 6
    out dx,al
    db 0x90,0x90 ; COM 240B
    mov al,0x00 ; row 81, slot 7
    out dx,al
    db 0x90,0x90,0x90,0x90,0x90,0x90,0x90,0x90,0x90,0x90,0x90,0x90,0x90 ; COM 2410
    mov al,0x20 ; row 81, slot 8 (next row lead)
    out dx,al
    db 0x90,0x90,0x90,0x90,0x90,0x90,0x90 ; COM 2420
row_082:
    mov al,0x20 ; row 82, slot 1
    out dx,al
    db 0x90,0x90 ; COM 242A
    mov al,0x07 ; row 82, slot 2
    out dx,al
    db 0x90,0x90 ; COM 242F
    mov al,0x28 ; row 82, slot 3
    out dx,al
    db 0x90,0x90,0x90 ; COM 2434
    mov al,0x10 ; row 82, slot 4
    out dx,al
    db 0x90,0x90 ; COM 243A
    mov al,0x00 ; row 82, slot 5
    out dx,al
    db 0x90,0x90 ; COM 243F
    mov al,0x20 ; row 82, slot 6
    out dx,al
    db 0x90,0x90 ; COM 2444
    mov al,0x20 ; row 82, slot 7
    out dx,al
    db 0x90,0x90,0x90,0x90,0x90,0x90,0x90,0x90,0x90,0x90,0x90,0x90,0x90 ; COM 2449
    mov al,0x20 ; row 82, slot 8 (next row lead)
    out dx,al
    db 0x90,0x90,0x90,0x90,0x90,0x90,0x90 ; COM 2459
row_083:
    mov al,0x20 ; row 83, slot 1
    out dx,al
    db 0x90,0x90 ; COM 2463
    mov al,0x10 ; row 83, slot 2
    out dx,al
    db 0x90,0x90 ; COM 2468
    mov al,0x10 ; row 83, slot 3
    out dx,al
    db 0x90,0x90,0x90 ; COM 246D
    mov al,0x28 ; row 83, slot 4
    out dx,al
    db 0x90,0x90 ; COM 2473
    mov al,0x20 ; row 83, slot 5
    out dx,al
    db 0x90,0x90 ; COM 2478
    mov al,0x08 ; row 83, slot 6
    out dx,al
    db 0x90,0x90 ; COM 247D
    mov al,0x20 ; row 83, slot 7
    out dx,al
    db 0x90,0x90,0x90,0x90,0x90,0x90,0x90,0x90,0x90,0x90,0x90,0x90,0x90 ; COM 2482
    mov al,0x20 ; row 83, slot 8 (next row lead)
    out dx,al
    db 0x90,0x90,0x90,0x90,0x90,0x90,0x90 ; COM 2492
row_084:
    mov al,0x28 ; row 84, slot 1
    out dx,al
    db 0x90,0x90 ; COM 249C
    mov al,0x28 ; row 84, slot 2
    out dx,al
    db 0x90,0x90 ; COM 24A1
    mov al,0x07 ; row 84, slot 3
    out dx,al
    db 0x90,0x90,0x90 ; COM 24A6
    mov al,0x10 ; row 84, slot 4
    out dx,al
    db 0x90,0x90 ; COM 24AC
    mov al,0x08 ; row 84, slot 5
    out dx,al
    db 0x90,0x90 ; COM 24B1
    mov al,0x20 ; row 84, slot 6
    out dx,al
    db 0x90,0x90 ; COM 24B6
    mov al,0x00 ; row 84, slot 7
    out dx,al
    db 0x90,0x90,0x90,0x90,0x90,0x90,0x90,0x90,0x90,0x90,0x90,0x90,0x90 ; COM 24BB
    mov al,0x20 ; row 84, slot 8 (next row lead)
    out dx,al
    db 0x90,0x90,0x90,0x90,0x90,0x90,0x90 ; COM 24CB
row_085:
    mov al,0x20 ; row 85, slot 1
    out dx,al
    db 0x90,0x90 ; COM 24D5
    mov al,0x0F ; row 85, slot 2
    out dx,al
    db 0x90,0x90 ; COM 24DA
    mov al,0x28 ; row 85, slot 3
    out dx,al
    db 0x90,0x90,0x90 ; COM 24DF
    mov al,0x28 ; row 85, slot 4
    out dx,al
    db 0x90,0x90 ; COM 24E5
    mov al,0x20 ; row 85, slot 5
    out dx,al
    db 0x90,0x90 ; COM 24EA
    mov al,0x00 ; row 85, slot 6
    out dx,al
    db 0x90,0x90 ; COM 24EF
    mov al,0x20 ; row 85, slot 7
    out dx,al
    db 0x90,0x90,0x90,0x90,0x90,0x90,0x90,0x90,0x90,0x90,0x90,0x90,0x90 ; COM 24F4
    mov al,0x00 ; row 85, slot 8 (next row lead)
    out dx,al
    db 0x90,0x90,0x90,0x90,0x90,0x90,0x90 ; COM 2504
row_086:
    mov al,0x20 ; row 86, slot 1
    out dx,al
    db 0x90,0x90 ; COM 250E
    mov al,0x20 ; row 86, slot 2
    out dx,al
    db 0x90,0x90 ; COM 2513
    mov al,0x00 ; row 86, slot 3
    out dx,al
    db 0x90,0x90,0x90 ; COM 2518
    mov al,0x07 ; row 86, slot 4
    out dx,al
    db 0x90,0x90 ; COM 251E
    mov al,0x20 ; row 86, slot 5
    out dx,al
    db 0x90,0x90 ; COM 2523
    mov al,0x00 ; row 86, slot 6
    out dx,al
    db 0x90,0x90 ; COM 2528
    mov al,0x00 ; row 86, slot 7
    out dx,al
    db 0x90,0x90,0x90,0x90,0x90,0x90,0x90,0x90,0x90,0x90,0x90,0x90,0x90 ; COM 252D
    mov al,0x20 ; row 86, slot 8 (next row lead)
    out dx,al
    db 0x90,0x90,0x90,0x90,0x90,0x90,0x90 ; COM 253D
row_087:
    mov al,0x28 ; row 87, slot 1
    out dx,al
    db 0x90,0x90 ; COM 2547
    mov al,0x07 ; row 87, slot 2
    out dx,al
    db 0x90,0x90 ; COM 254C
    mov al,0x28 ; row 87, slot 3
    out dx,al
    db 0x90,0x90,0x90 ; COM 2551
    mov al,0x18 ; row 87, slot 4
    out dx,al
    db 0x90,0x90 ; COM 2557
    mov al,0x00 ; row 87, slot 5
    out dx,al
    db 0x90,0x90 ; COM 255C
    mov al,0x00 ; row 87, slot 6
    out dx,al
    db 0x90,0x90 ; COM 2561
    mov al,0x20 ; row 87, slot 7
    out dx,al
    db 0x90,0x90,0x90,0x90,0x90,0x90,0x90,0x90,0x90,0x90,0x90,0x90,0x90 ; COM 2566
    mov al,0x20 ; row 87, slot 8 (next row lead)
    out dx,al
    db 0x90,0x90,0x90,0x90,0x90,0x90,0x90 ; COM 2576
row_088:
    mov al,0x20 ; row 88, slot 1
    out dx,al
    db 0x90,0x90 ; COM 2580
    mov al,0x10 ; row 88, slot 2
    out dx,al
    db 0x90,0x90 ; COM 2585
    mov al,0x0C ; row 88, slot 3
    out dx,al
    db 0x90,0x90,0x90 ; COM 258A
    mov al,0x20 ; row 88, slot 4
    out dx,al
    db 0x90,0x90 ; COM 2590
    mov al,0x20 ; row 88, slot 5
    out dx,al
    db 0x90,0x90 ; COM 2595
    mov al,0x20 ; row 88, slot 6
    out dx,al
    db 0x90,0x90 ; COM 259A
    mov al,0x00 ; row 88, slot 7
    out dx,al
    db 0x90,0x90,0x90,0x90,0x90,0x90,0x90,0x90,0x90,0x90,0x90,0x90,0x90 ; COM 259F
    mov al,0x00 ; row 88, slot 8 (next row lead)
    out dx,al
    db 0x90,0x90,0x90,0x90,0x90,0x90,0x90 ; COM 25AF
row_089:
    mov al,0x08 ; row 89, slot 1
    out dx,al
    db 0x90,0x90 ; COM 25B9
    mov al,0x28 ; row 89, slot 2
    out dx,al
    db 0x90,0x90 ; COM 25BE
    mov al,0x28 ; row 89, slot 3
    out dx,al
    db 0x90,0x90,0x90 ; COM 25C3
    mov al,0x07 ; row 89, slot 4
    out dx,al
    db 0x90,0x90 ; COM 25C9
    mov al,0x28 ; row 89, slot 5
    out dx,al
    db 0x90,0x90 ; COM 25CE
    mov al,0x00 ; row 89, slot 6
    out dx,al
    db 0x90,0x90 ; COM 25D3
    mov al,0x20 ; row 89, slot 7
    out dx,al
    db 0x90,0x90,0x90,0x90,0x90,0x90,0x90,0x90,0x90,0x90,0x90,0x90,0x90 ; COM 25D8
    mov al,0x20 ; row 89, slot 8 (next row lead)
    out dx,al
    db 0x90,0x90,0x90,0x90,0x90,0x90,0x90 ; COM 25E8
row_090:
    mov al,0x00 ; row 90, slot 1
    out dx,al
    db 0x90,0x90 ; COM 25F2
    mov al,0x0F ; row 90, slot 2
    out dx,al
    db 0x90,0x90 ; COM 25F7
    mov al,0x00 ; row 90, slot 3
    out dx,al
    db 0x90,0x90,0x90 ; COM 25FC
    mov al,0x18 ; row 90, slot 4
    out dx,al
    db 0x90,0x90 ; COM 2602
    mov al,0x20 ; row 90, slot 5
    out dx,al
    db 0x90,0x90 ; COM 2607
    mov al,0x20 ; row 90, slot 6
    out dx,al
    db 0x90,0x90 ; COM 260C
    mov al,0x00 ; row 90, slot 7
    out dx,al
    db 0x90,0x90,0x90,0x90,0x90,0x90,0x90,0x90,0x90,0x90,0x90,0x90,0x90 ; COM 2611
    mov al,0x20 ; row 90, slot 8 (next row lead)
    out dx,al
    db 0x90,0x90,0x90,0x90,0x90,0x90,0x90 ; COM 2621
row_091:
    mov al,0x20 ; row 91, slot 1
    out dx,al
    db 0x90,0x90 ; COM 262B
    mov al,0x20 ; row 91, slot 2
    out dx,al
    db 0x90,0x90 ; COM 2630
    mov al,0x28 ; row 91, slot 3
    out dx,al
    db 0x90,0x90,0x90 ; COM 2635
    mov al,0x20 ; row 91, slot 4
    out dx,al
    db 0x90,0x90 ; COM 263B
    mov al,0x00 ; row 91, slot 5
    out dx,al
    db 0x90,0x90 ; COM 2640
    mov al,0x08 ; row 91, slot 6
    out dx,al
    db 0x90,0x90 ; COM 2645
    mov al,0x20 ; row 91, slot 7
    out dx,al
    db 0x90,0x90,0x90,0x90,0x90,0x90,0x90,0x90,0x90,0x90,0x90,0x90,0x90 ; COM 264A
    mov al,0x20 ; row 91, slot 8 (next row lead)
    out dx,al
    db 0x90,0x90,0x90,0x90,0x90,0x90,0x90 ; COM 265A
row_092:
    mov al,0x28 ; row 92, slot 1
    out dx,al
    db 0x90,0x90 ; COM 2664
    mov al,0x07 ; row 92, slot 2
    out dx,al
    db 0x90,0x90 ; COM 2669
    mov al,0x00 ; row 92, slot 3
    out dx,al
    db 0x90,0x90,0x90 ; COM 266E
    mov al,0x0C ; row 92, slot 4
    out dx,al
    db 0x90,0x90 ; COM 2674
    mov al,0x20 ; row 92, slot 5
    out dx,al
    db 0x90,0x90 ; COM 2679
    mov al,0x20 ; row 92, slot 6
    out dx,al
    db 0x90,0x90 ; COM 267E
    mov al,0x00 ; row 92, slot 7
    out dx,al
    db 0x90,0x90,0x90,0x90,0x90,0x90,0x90,0x90,0x90,0x90,0x90,0x90,0x90 ; COM 2683
    mov al,0x00 ; row 92, slot 8 (next row lead)
    out dx,al
    db 0x90,0x90,0x90,0x90,0x90,0x90,0x90 ; COM 2693
row_093:
    mov al,0x20 ; row 93, slot 1
    out dx,al
    db 0x90,0x90 ; COM 269D
    mov al,0x10 ; row 93, slot 2
    out dx,al
    db 0x90,0x90 ; COM 26A2
    mov al,0x20 ; row 93, slot 3
    out dx,al
    db 0x90,0x90,0x90 ; COM 26A7
    mov al,0x28 ; row 93, slot 4
    out dx,al
    db 0x90,0x90 ; COM 26AD
    mov al,0x08 ; row 93, slot 5
    out dx,al
    db 0x90,0x90 ; COM 26B2
    mov al,0x20 ; row 93, slot 6
    out dx,al
    db 0x90,0x90 ; COM 26B7
    mov al,0x20 ; row 93, slot 7
    out dx,al
    db 0x90,0x90,0x90,0x90,0x90,0x90,0x90,0x90,0x90,0x90,0x90,0x90,0x90 ; COM 26BC
    mov al,0x20 ; row 93, slot 8 (next row lead)
    out dx,al
    db 0x90,0x90,0x90,0x90,0x90,0x90,0x90 ; COM 26CC
row_094:
    mov al,0x28 ; row 94, slot 1
    out dx,al
    db 0x90,0x90 ; COM 26D6
    mov al,0x28 ; row 94, slot 2
    out dx,al
    db 0x90,0x90 ; COM 26DB
    mov al,0x00 ; row 94, slot 3
    out dx,al
    db 0x90,0x90,0x90 ; COM 26E0
    mov al,0x18 ; row 94, slot 4
    out dx,al
    db 0x90,0x90 ; COM 26E6
    mov al,0x20 ; row 94, slot 5
    out dx,al
    db 0x90,0x90 ; COM 26EB
    mov al,0x00 ; row 94, slot 6
    out dx,al
    db 0x90,0x90 ; COM 26F0
    mov al,0x00 ; row 94, slot 7
    out dx,al
    db 0x90,0x90,0x90,0x90,0x90,0x90,0x90,0x90,0x90,0x90,0x90,0x90,0x90 ; COM 26F5
    mov al,0x20 ; row 94, slot 8 (next row lead)
    out dx,al
    db 0x90,0x90,0x90,0x90,0x90,0x90,0x90 ; COM 2705
row_095:
    mov al,0x00 ; row 95, slot 1
    out dx,al
    db 0x90,0x90 ; COM 270F
    mov al,0x10 ; row 95, slot 2
    out dx,al
    db 0x90,0x90 ; COM 2714
    mov al,0x28 ; row 95, slot 3
    out dx,al
    db 0x90,0x90,0x90 ; COM 2719
    mov al,0x07 ; row 95, slot 4
    out dx,al
    db 0x90,0x90 ; COM 271F
    mov al,0x00 ; row 95, slot 5
    out dx,al
    db 0x90,0x90 ; COM 2724
    mov al,0x20 ; row 95, slot 6
    out dx,al
    db 0x90,0x90 ; COM 2729
    mov al,0x20 ; row 95, slot 7
    out dx,al
    db 0x90,0x90,0x90,0x90,0x90,0x90,0x90,0x90,0x90,0x90,0x90,0x90,0x90 ; COM 272E
    mov al,0x00 ; row 95, slot 8 (next row lead)
    out dx,al
    db 0x90,0x90,0x90,0x90,0x90,0x90,0x90 ; COM 273E
row_096:
    mov al,0x28 ; row 96, slot 1
    out dx,al
    db 0x90,0x90 ; COM 2748
    mov al,0x07 ; row 96, slot 2
    out dx,al
    db 0x90,0x90 ; COM 274D
    mov al,0x07 ; row 96, slot 3
    out dx,al
    db 0x90,0x90,0x90 ; COM 2752
    mov al,0x20 ; row 96, slot 4
    out dx,al
    db 0x90,0x90 ; COM 2758
    mov al,0x00 ; row 96, slot 5
    out dx,al
    db 0x90,0x90 ; COM 275D
    mov al,0x20 ; row 96, slot 6
    out dx,al
    db 0x90,0x90 ; COM 2762
    mov al,0x00 ; row 96, slot 7
    out dx,al
    db 0x90,0x90,0x90,0x90,0x90,0x90,0x90,0x90,0x90,0x90,0x90,0x90,0x90 ; COM 2767
    mov al,0x20 ; row 96, slot 8 (next row lead)
    out dx,al
    db 0x90,0x90,0x90,0x90,0x90,0x90,0x90 ; COM 2777
row_097:
    mov al,0x20 ; row 97, slot 1
    out dx,al
    db 0x90,0x90 ; COM 2781
    mov al,0x20 ; row 97, slot 2
    out dx,al
    db 0x90,0x90 ; COM 2786
    mov al,0x28 ; row 97, slot 3
    out dx,al
    db 0x90,0x90,0x90 ; COM 278B
    mov al,0x18 ; row 97, slot 4
    out dx,al
    db 0x90,0x90 ; COM 2791
    mov al,0x20 ; row 97, slot 5
    out dx,al
    db 0x90,0x90 ; COM 2796
    mov al,0x00 ; row 97, slot 6
    out dx,al
    db 0x90,0x90 ; COM 279B
    mov al,0x20 ; row 97, slot 7
    out dx,al
    db 0x90,0x90,0x90,0x90,0x90,0x90,0x90,0x90,0x90,0x90,0x90,0x90,0x90 ; COM 27A0
    mov al,0x20 ; row 97, slot 8 (next row lead)
    out dx,al
    db 0x90,0x90,0x90,0x90,0x90,0x90,0x90 ; COM 27B0
row_098:
    mov al,0x28 ; row 98, slot 1
    out dx,al
    db 0x90,0x90 ; COM 27BA
    mov al,0x07 ; row 98, slot 2
    out dx,al
    db 0x90,0x90 ; COM 27BF
    mov al,0x10 ; row 98, slot 3
    out dx,al
    db 0x90,0x90,0x90 ; COM 27C4
    mov al,0x20 ; row 98, slot 4
    out dx,al
    db 0x90,0x90 ; COM 27CA
    mov al,0x08 ; row 98, slot 5
    out dx,al
    db 0x90,0x90 ; COM 27CF
    mov al,0x20 ; row 98, slot 6
    out dx,al
    db 0x90,0x90 ; COM 27D4
    mov al,0x00 ; row 98, slot 7
    out dx,al
    db 0x90,0x90,0x90,0x90,0x90,0x90,0x90,0x90,0x90,0x90,0x90,0x90,0x90 ; COM 27D9
    mov al,0x00 ; row 98, slot 8 (next row lead)
    out dx,al
    db 0x90,0x90,0x90,0x90,0x90,0x90,0x90 ; COM 27E9
row_099:
    mov al,0x00 ; row 99, slot 1
    out dx,al
    db 0x90,0x90 ; COM 27F3
    mov al,0x10 ; row 99, slot 2
    out dx,al
    db 0x90,0x90 ; COM 27F8
    mov al,0x07 ; row 99, slot 3
    out dx,al
    db 0x90,0x90,0x90 ; COM 27FD
    mov al,0x07 ; row 99, slot 4
    out dx,al
    db 0x90,0x90 ; COM 2803
    mov al,0x20 ; row 99, slot 5
    out dx,al
    db 0x90,0x90 ; COM 2808
    mov al,0x28 ; row 99, slot 6
    out dx,al
    db 0x90,0x90 ; COM 280D
    mov al,0x20 ; row 99, slot 7
    out dx,al
    db 0x90,0x90,0x90,0x90,0x90,0x90,0x90,0x90,0x90,0x90,0x90,0x90,0x90 ; COM 2812
    mov al,0x20 ; row 99, slot 8 (next row lead)
    out dx,al
    db 0x90,0x90,0x90,0x90,0x90,0x90,0x90 ; COM 2822
row_100:
    mov al,0x28 ; row 100, slot 1
    out dx,al
    db 0x90,0x90 ; COM 282C
    mov al,0x28 ; row 100, slot 2
    out dx,al
    db 0x90,0x90 ; COM 2831
    mov al,0x28 ; row 100, slot 3
    out dx,al
    db 0x90,0x90,0x90 ; COM 2836
    mov al,0x20 ; row 100, slot 4
    out dx,al
    db 0x90,0x90 ; COM 283C
    mov al,0x20 ; row 100, slot 5
    out dx,al
    db 0x90,0x90 ; COM 2841
    mov al,0x20 ; row 100, slot 6
    out dx,al
    db 0x90,0x90 ; COM 2846
    mov al,0x00 ; row 100, slot 7
    out dx,al
    db 0x90,0x90,0x90,0x90,0x90,0x90,0x90,0x90,0x90,0x90,0x90,0x90,0x90 ; COM 284B
    mov al,0x20 ; row 100, slot 8 (next row lead)
    out dx,al
    db 0x90,0x90,0x90,0x90,0x90,0x90,0x90 ; COM 285B
row_101:
    mov al,0x28 ; row 101, slot 1
    out dx,al
    db 0x90,0x90 ; COM 2865
    mov al,0x10 ; row 101, slot 2
    out dx,al
    db 0x90,0x90 ; COM 286A
    mov al,0x16 ; row 101, slot 3
    out dx,al
    db 0x90,0x90,0x90 ; COM 286F
    mov al,0x18 ; row 101, slot 4
    out dx,al
    db 0x90,0x90 ; COM 2875
    mov al,0x00 ; row 101, slot 5
    out dx,al
    db 0x90,0x90 ; COM 287A
    mov al,0x00 ; row 101, slot 6
    out dx,al
    db 0x90,0x90 ; COM 287F
    mov al,0x20 ; row 101, slot 7
    out dx,al
    db 0x90,0x90,0x90,0x90,0x90,0x90,0x90,0x90,0x90,0x90,0x90,0x90,0x90 ; COM 2884
    mov al,0x00 ; row 101, slot 8 (next row lead)
    out dx,al
    db 0x90,0x90,0x90,0x90,0x90,0x90,0x90 ; COM 2894
row_102:
    mov al,0x20 ; row 102, slot 1
    out dx,al
    db 0x90,0x90 ; COM 289E
    mov al,0x07 ; row 102, slot 2
    out dx,al
    db 0x90,0x90 ; COM 28A3
    mov al,0x28 ; row 102, slot 3
    out dx,al
    db 0x90,0x90,0x90 ; COM 28A8
    mov al,0x07 ; row 102, slot 4
    out dx,al
    db 0x90,0x90 ; COM 28AE
    mov al,0x20 ; row 102, slot 5
    out dx,al
    db 0x90,0x90 ; COM 28B3
    mov al,0x20 ; row 102, slot 6
    out dx,al
    db 0x90,0x90 ; COM 28B8
    mov al,0x00 ; row 102, slot 7
    out dx,al
    db 0x90,0x90,0x90,0x90,0x90,0x90,0x90,0x90,0x90,0x90,0x90,0x90,0x90 ; COM 28BD
    mov al,0x20 ; row 102, slot 8 (next row lead)
    out dx,al
    db 0x90,0x90,0x90,0x90,0x90,0x90,0x90 ; COM 28CD
row_103:
    mov al,0x28 ; row 103, slot 1
    out dx,al
    db 0x90,0x90 ; COM 28D7
    mov al,0x20 ; row 103, slot 2
    out dx,al
    db 0x90,0x90 ; COM 28DC
    mov al,0x16 ; row 103, slot 3
    out dx,al
    db 0x90,0x90,0x90 ; COM 28E1
    mov al,0x28 ; row 103, slot 4
    out dx,al
    db 0x90,0x90 ; COM 28E7
    mov al,0x28 ; row 103, slot 5
    out dx,al
    db 0x90,0x90 ; COM 28EC
    mov al,0x20 ; row 103, slot 6
    out dx,al
    db 0x90,0x90 ; COM 28F1
    mov al,0x20 ; row 103, slot 7
    out dx,al
    db 0x90,0x90,0x90,0x90,0x90,0x90,0x90,0x90,0x90,0x90,0x90,0x90,0x90 ; COM 28F6
    mov al,0x00 ; row 103, slot 8 (next row lead)
    out dx,al
    db 0x90,0x90,0x90,0x90,0x90,0x90,0x90 ; COM 2906
row_104:
    mov al,0x28 ; row 104, slot 1
    out dx,al
    db 0x90,0x90 ; COM 2910
    mov al,0x0C ; row 104, slot 2
    out dx,al
    db 0x90,0x90 ; COM 2915
    mov al,0x28 ; row 104, slot 3
    out dx,al
    db 0x90,0x90,0x90 ; COM 291A
    mov al,0x10 ; row 104, slot 4
    out dx,al
    db 0x90,0x90 ; COM 2920
    mov al,0x20 ; row 104, slot 5
    out dx,al
    db 0x90,0x90 ; COM 2925
    mov al,0x00 ; row 104, slot 6
    out dx,al
    db 0x90,0x90 ; COM 292A
    mov al,0x00 ; row 104, slot 7
    out dx,al
    db 0x90,0x90,0x90,0x90,0x90,0x90,0x90,0x90,0x90,0x90,0x90,0x90,0x90 ; COM 292F
    mov al,0x20 ; row 104, slot 8 (next row lead)
    out dx,al
    db 0x90,0x90,0x90,0x90,0x90,0x90,0x90 ; COM 293F
row_105:
    mov al,0x00 ; row 105, slot 1
    out dx,al
    db 0x90,0x90 ; COM 2949
    mov al,0x28 ; row 105, slot 2
    out dx,al
    db 0x90,0x90 ; COM 294E
    mov al,0x16 ; row 105, slot 3
    out dx,al
    db 0x90,0x90,0x90 ; COM 2953
    mov al,0x28 ; row 105, slot 4
    out dx,al
    db 0x90,0x90 ; COM 2959
    mov al,0x00 ; row 105, slot 5
    out dx,al
    db 0x90,0x90 ; COM 295E
    mov al,0x20 ; row 105, slot 6
    out dx,al
    db 0x90,0x90 ; COM 2963
    mov al,0x20 ; row 105, slot 7
    out dx,al
    db 0x90,0x90,0x90,0x90,0x90,0x90,0x90,0x90,0x90,0x90,0x90,0x90,0x90 ; COM 2968
    mov al,0x20 ; row 105, slot 8 (next row lead)
    out dx,al
    db 0x90,0x90,0x90,0x90,0x90,0x90,0x90 ; COM 2978
row_106:
    mov al,0x28 ; row 106, slot 1
    out dx,al
    db 0x90,0x90 ; COM 2982
    mov al,0x10 ; row 106, slot 2
    out dx,al
    db 0x90,0x90 ; COM 2987
    mov al,0x28 ; row 106, slot 3
    out dx,al
    db 0x90,0x90,0x90 ; COM 298C
    mov al,0x10 ; row 106, slot 4
    out dx,al
    db 0x90,0x90 ; COM 2992
    mov al,0x20 ; row 106, slot 5
    out dx,al
    db 0x90,0x90 ; COM 2997
    mov al,0x28 ; row 106, slot 6
    out dx,al
    db 0x90,0x90 ; COM 299C
    mov al,0x20 ; row 106, slot 7
    out dx,al
    db 0x90,0x90,0x90,0x90,0x90,0x90,0x90,0x90,0x90,0x90,0x90,0x90,0x90 ; COM 29A1
    mov al,0x00 ; row 106, slot 8 (next row lead)
    out dx,al
    db 0x90,0x90,0x90,0x90,0x90,0x90,0x90 ; COM 29B1
row_107:
    mov al,0x28 ; row 107, slot 1
    out dx,al
    db 0x90,0x90 ; COM 29BB
    mov al,0x28 ; row 107, slot 2
    out dx,al
    db 0x90,0x90 ; COM 29C0
    mov al,0x16 ; row 107, slot 3
    out dx,al
    db 0x90,0x90,0x90 ; COM 29C5
    mov al,0x28 ; row 107, slot 4
    out dx,al
    db 0x90,0x90 ; COM 29CB
    mov al,0x08 ; row 107, slot 5
    out dx,al
    db 0x90,0x90 ; COM 29D0
    mov al,0x20 ; row 107, slot 6
    out dx,al
    db 0x90,0x90 ; COM 29D5
    mov al,0x00 ; row 107, slot 7
    out dx,al
    db 0x90,0x90,0x90,0x90,0x90,0x90,0x90,0x90,0x90,0x90,0x90,0x90,0x90 ; COM 29DA
    mov al,0x20 ; row 107, slot 8 (next row lead)
    out dx,al
    db 0x90,0x90,0x90,0x90,0x90,0x90,0x90 ; COM 29EA
row_108:
    mov al,0x28 ; row 108, slot 1
    out dx,al
    db 0x90,0x90 ; COM 29F4
    mov al,0x10 ; row 108, slot 2
    out dx,al
    db 0x90,0x90 ; COM 29F9
    mov al,0x28 ; row 108, slot 3
    out dx,al
    db 0x90,0x90,0x90 ; COM 29FE
    mov al,0x10 ; row 108, slot 4
    out dx,al
    db 0x90,0x90 ; COM 2A04
    mov al,0x20 ; row 108, slot 5
    out dx,al
    db 0x90,0x90 ; COM 2A09
    mov al,0x20 ; row 108, slot 6
    out dx,al
    db 0x90,0x90 ; COM 2A0E
    mov al,0x00 ; row 108, slot 7
    out dx,al
    db 0x90,0x90,0x90,0x90,0x90,0x90,0x90,0x90,0x90,0x90,0x90,0x90,0x90 ; COM 2A13
    mov al,0x20 ; row 108, slot 8 (next row lead)
    out dx,al
    db 0x90,0x90,0x90,0x90,0x90,0x90,0x90 ; COM 2A23
row_109:
    mov al,0x20 ; row 109, slot 1
    out dx,al
    db 0x90,0x90 ; COM 2A2D
    mov al,0x07 ; row 109, slot 2
    out dx,al
    db 0x90,0x90 ; COM 2A32
    mov al,0x1D ; row 109, slot 3
    out dx,al
    db 0x90,0x90,0x90 ; COM 2A37
    mov al,0x28 ; row 109, slot 4
    out dx,al
    db 0x90,0x90 ; COM 2A3D
    mov al,0x20 ; row 109, slot 5
    out dx,al
    db 0x90,0x90 ; COM 2A42
    mov al,0x00 ; row 109, slot 6
    out dx,al
    db 0x90,0x90 ; COM 2A47
    mov al,0x20 ; row 109, slot 7
    out dx,al
    db 0x90,0x90,0x90,0x90,0x90,0x90,0x90,0x90,0x90,0x90,0x90,0x90,0x90 ; COM 2A4C
    mov al,0x00 ; row 109, slot 8 (next row lead)
    out dx,al
    db 0x90,0x90,0x90,0x90,0x90,0x90,0x90 ; COM 2A5C
row_110:
    mov al,0x28 ; row 110, slot 1
    out dx,al
    db 0x90,0x90 ; COM 2A66
    mov al,0x28 ; row 110, slot 2
    out dx,al
    db 0x90,0x90 ; COM 2A6B
    mov al,0x26 ; row 110, slot 3
    out dx,al
    db 0x90,0x90,0x90 ; COM 2A70
    mov al,0x10 ; row 110, slot 4
    out dx,al
    db 0x90,0x90 ; COM 2A76
    mov al,0x00 ; row 110, slot 5
    out dx,al
    db 0x90,0x90 ; COM 2A7B
    mov al,0x20 ; row 110, slot 6
    out dx,al
    db 0x90,0x90 ; COM 2A80
    mov al,0x00 ; row 110, slot 7
    out dx,al
    db 0x90,0x90,0x90,0x90,0x90,0x90,0x90,0x90,0x90,0x90,0x90,0x90,0x90 ; COM 2A85
    mov al,0x20 ; row 110, slot 8 (next row lead)
    out dx,al
    db 0x90,0x90,0x90,0x90,0x90,0x90,0x90 ; COM 2A95
row_111:
    mov al,0x28 ; row 111, slot 1
    out dx,al
    db 0x90,0x90 ; COM 2A9F
    mov al,0x10 ; row 111, slot 2
    out dx,al
    db 0x90,0x90 ; COM 2AA4
    mov al,0x17 ; row 111, slot 3
    out dx,al
    db 0x90,0x90,0x90 ; COM 2AA9
    mov al,0x28 ; row 111, slot 4
    out dx,al
    db 0x90,0x90 ; COM 2AAF
    mov al,0x00 ; row 111, slot 5
    out dx,al
    db 0x90,0x90 ; COM 2AB4
    mov al,0x00 ; row 111, slot 6
    out dx,al
    db 0x90,0x90 ; COM 2AB9
    mov al,0x20 ; row 111, slot 7
    out dx,al
    db 0x90,0x90,0x90,0x90,0x90,0x90,0x90,0x90,0x90,0x90,0x90,0x90,0x90 ; COM 2ABE
    mov al,0x20 ; row 111, slot 8 (next row lead)
    out dx,al
    db 0x90,0x90,0x90,0x90,0x90,0x90,0x90 ; COM 2ACE
row_112:
    mov al,0x00 ; row 112, slot 1
    out dx,al
    db 0x90,0x90 ; COM 2AD8
    mov al,0x28 ; row 112, slot 2
    out dx,al
    db 0x90,0x90 ; COM 2ADD
    mov al,0x26 ; row 112, slot 3
    out dx,al
    db 0x90,0x90,0x90 ; COM 2AE2
    mov al,0x10 ; row 112, slot 4
    out dx,al
    db 0x90,0x90 ; COM 2AE8
    mov al,0x08 ; row 112, slot 5
    out dx,al
    db 0x90,0x90 ; COM 2AED
    mov al,0x20 ; row 112, slot 6
    out dx,al
    db 0x90,0x90 ; COM 2AF2
    mov al,0x00 ; row 112, slot 7
    out dx,al
    db 0x90,0x90,0x90,0x90,0x90,0x90,0x90,0x90,0x90,0x90,0x90,0x90,0x90 ; COM 2AF7
    mov al,0x00 ; row 112, slot 8 (next row lead)
    out dx,al
    db 0x90,0x90,0x90,0x90,0x90,0x90,0x90 ; COM 2B07
row_113:
    mov al,0x28 ; row 113, slot 1
    out dx,al
    db 0x90,0x90 ; COM 2B11
    mov al,0x00 ; row 113, slot 2
    out dx,al
    db 0x90,0x90 ; COM 2B16
    mov al,0x17 ; row 113, slot 3
    out dx,al
    db 0x90,0x90,0x90 ; COM 2B1B
    mov al,0x28 ; row 113, slot 4
    out dx,al
    db 0x90,0x90 ; COM 2B21
    mov al,0x20 ; row 113, slot 5
    out dx,al
    db 0x90,0x90 ; COM 2B26
    mov al,0x28 ; row 113, slot 6
    out dx,al
    db 0x90,0x90 ; COM 2B2B
    mov al,0x20 ; row 113, slot 7
    out dx,al
    db 0x90,0x90,0x90,0x90,0x90,0x90,0x90,0x90,0x90,0x90,0x90,0x90,0x90 ; COM 2B30
    mov al,0x20 ; row 113, slot 8 (next row lead)
    out dx,al
    db 0x90,0x90,0x90,0x90,0x90,0x90,0x90 ; COM 2B40
row_114:
    mov al,0x28 ; row 114, slot 1
    out dx,al
    db 0x90,0x90 ; COM 2B4A
    mov al,0x20 ; row 114, slot 2
    out dx,al
    db 0x90,0x90 ; COM 2B4F
    mov al,0x07 ; row 114, slot 3
    out dx,al
    db 0x90,0x90,0x90 ; COM 2B54
    mov al,0x20 ; row 114, slot 4
    out dx,al
    db 0x90,0x90 ; COM 2B5A
    mov al,0x20 ; row 114, slot 5
    out dx,al
    db 0x90,0x90 ; COM 2B5F
    mov al,0x20 ; row 114, slot 6
    out dx,al
    db 0x90,0x90 ; COM 2B64
    mov al,0x00 ; row 114, slot 7
    out dx,al
    db 0x90,0x90,0x90,0x90,0x90,0x90,0x90,0x90,0x90,0x90,0x90,0x90,0x90 ; COM 2B69
    mov al,0x20 ; row 114, slot 8 (next row lead)
    out dx,al
    db 0x90,0x90,0x90,0x90,0x90,0x90,0x90 ; COM 2B79
row_115:
    mov al,0x28 ; row 115, slot 1
    out dx,al
    db 0x90,0x90 ; COM 2B83
    mov al,0x07 ; row 115, slot 2
    out dx,al
    db 0x90,0x90 ; COM 2B88
    mov al,0x17 ; row 115, slot 3
    out dx,al
    db 0x90,0x90,0x90 ; COM 2B8D
    mov al,0x10 ; row 115, slot 4
    out dx,al
    db 0x90,0x90 ; COM 2B93
    mov al,0x00 ; row 115, slot 5
    out dx,al
    db 0x90,0x90 ; COM 2B98
    mov al,0x20 ; row 115, slot 6
    out dx,al
    db 0x90,0x90 ; COM 2B9D
    mov al,0x20 ; row 115, slot 7
    out dx,al
    db 0x90,0x90,0x90,0x90,0x90,0x90,0x90,0x90,0x90,0x90,0x90,0x90,0x90 ; COM 2BA2
    mov al,0x00 ; row 115, slot 8 (next row lead)
    out dx,al
    db 0x90,0x90,0x90,0x90,0x90,0x90,0x90 ; COM 2BB2
row_116:
    mov al,0x28 ; row 116, slot 1
    out dx,al
    db 0x90,0x90 ; COM 2BBC
    mov al,0x00 ; row 116, slot 2
    out dx,al
    db 0x90,0x90 ; COM 2BC1
    mov al,0x26 ; row 116, slot 3
    out dx,al
    db 0x90,0x90,0x90 ; COM 2BC6
    mov al,0x28 ; row 116, slot 4
    out dx,al
    db 0x90,0x90 ; COM 2BCC
    mov al,0x00 ; row 116, slot 5
    out dx,al
    db 0x90,0x90 ; COM 2BD1
    mov al,0x00 ; row 116, slot 6
    out dx,al
    db 0x90,0x90 ; COM 2BD6
    mov al,0x20 ; row 116, slot 7
    out dx,al
    db 0x90,0x90,0x90,0x90,0x90,0x90,0x90,0x90,0x90,0x90,0x90,0x90,0x90 ; COM 2BDB
    mov al,0x20 ; row 116, slot 8 (next row lead)
    out dx,al
    db 0x90,0x90,0x90,0x90,0x90,0x90,0x90 ; COM 2BEB
row_117:
    mov al,0x00 ; row 117, slot 1
    out dx,al
    db 0x90,0x90 ; COM 2BF5
    mov al,0x38 ; row 117, slot 2
    out dx,al
    db 0x90,0x90 ; COM 2BFA
    mov al,0x17 ; row 117, slot 3
    out dx,al
    db 0x90,0x90,0x90 ; COM 2BFF
    mov al,0x10 ; row 117, slot 4
    out dx,al
    db 0x90,0x90 ; COM 2C05
    mov al,0x28 ; row 117, slot 5
    out dx,al
    db 0x90,0x90 ; COM 2C0A
    mov al,0x20 ; row 117, slot 6
    out dx,al
    db 0x90,0x90 ; COM 2C0F
    mov al,0x00 ; row 117, slot 7
    out dx,al
    db 0x90,0x90,0x90,0x90,0x90,0x90,0x90,0x90,0x90,0x90,0x90,0x90,0x90 ; COM 2C14
    mov al,0x00 ; row 117, slot 8 (next row lead)
    out dx,al
    db 0x90,0x90,0x90,0x90,0x90,0x90,0x90 ; COM 2C24
row_118:
    mov al,0x28 ; row 118, slot 1
    out dx,al
    db 0x90,0x90 ; COM 2C2E
    mov al,0x10 ; row 118, slot 2
    out dx,al
    db 0x90,0x90 ; COM 2C33
    mov al,0x07 ; row 118, slot 3
    out dx,al
    db 0x90,0x90,0x90 ; COM 2C38
    mov al,0x20 ; row 118, slot 4
    out dx,al
    db 0x90,0x90 ; COM 2C3E
    mov al,0x20 ; row 118, slot 5
    out dx,al
    db 0x90,0x90 ; COM 2C43
    mov al,0x00 ; row 118, slot 6
    out dx,al
    db 0x90,0x90 ; COM 2C48
    mov al,0x20 ; row 118, slot 7
    out dx,al
    db 0x90,0x90,0x90,0x90,0x90,0x90,0x90,0x90,0x90,0x90,0x90,0x90,0x90 ; COM 2C4D
    mov al,0x20 ; row 118, slot 8 (next row lead)
    out dx,al
    db 0x90,0x90,0x90,0x90,0x90,0x90,0x90 ; COM 2C5D
row_119:
    mov al,0x28 ; row 119, slot 1
    out dx,al
    db 0x90,0x90 ; COM 2C67
    mov al,0x28 ; row 119, slot 2
    out dx,al
    db 0x90,0x90 ; COM 2C6C
    mov al,0x18 ; row 119, slot 3
    out dx,al
    db 0x90,0x90,0x90 ; COM 2C71
    mov al,0x07 ; row 119, slot 4
    out dx,al
    db 0x90,0x90 ; COM 2C77
    mov al,0x20 ; row 119, slot 5
    out dx,al
    db 0x90,0x90 ; COM 2C7C
    mov al,0x20 ; row 119, slot 6
    out dx,al
    db 0x90,0x90 ; COM 2C81
    mov al,0x00 ; row 119, slot 7
    out dx,al
    db 0x90,0x90,0x90,0x90,0x90,0x90,0x90,0x90,0x90,0x90,0x90,0x90,0x90 ; COM 2C86
    mov al,0x00 ; row 119, slot 8 (next row lead)
    out dx,al
    db 0x90,0x90,0x90,0x90,0x90,0x90,0x90 ; COM 2C96
row_120:
    mov al,0x28 ; row 120, slot 1
    out dx,al
    db 0x90,0x90 ; COM 2CA0
    mov al,0x10 ; row 120, slot 2
    out dx,al
    db 0x90,0x90 ; COM 2CA5
    mov al,0x07 ; row 120, slot 3
    out dx,al
    db 0x90,0x90,0x90 ; COM 2CAA
    mov al,0x10 ; row 120, slot 4
    out dx,al
    db 0x90,0x90 ; COM 2CB0
    mov al,0x08 ; row 120, slot 5
    out dx,al
    db 0x90,0x90 ; COM 2CB5
    mov al,0x28 ; row 120, slot 6
    out dx,al
    db 0x90,0x90 ; COM 2CBA
    mov al,0x20 ; row 120, slot 7
    out dx,al
    db 0x90,0x90,0x90,0x90,0x90,0x90,0x90,0x90,0x90,0x90,0x90,0x90,0x90 ; COM 2CBF
    mov al,0x20 ; row 120, slot 8 (next row lead)
    out dx,al
    db 0x90,0x90,0x90,0x90,0x90,0x90,0x90 ; COM 2CCF
row_121:
    mov al,0x20 ; row 121, slot 1
    out dx,al
    db 0x90,0x90 ; COM 2CD9
    mov al,0x28 ; row 121, slot 2
    out dx,al
    db 0x90,0x90 ; COM 2CDE
    mov al,0x18 ; row 121, slot 3
    out dx,al
    db 0x90,0x90,0x90 ; COM 2CE3
    mov al,0x28 ; row 121, slot 4
    out dx,al
    db 0x90,0x90 ; COM 2CE9
    mov al,0x20 ; row 121, slot 5
    out dx,al
    db 0x90,0x90 ; COM 2CEE
    mov al,0x20 ; row 121, slot 6
    out dx,al
    db 0x90,0x90 ; COM 2CF3
    mov al,0x20 ; row 121, slot 7
    out dx,al
    db 0x90,0x90,0x90,0x90,0x90,0x90,0x90,0x90,0x90,0x90,0x90,0x90,0x90 ; COM 2CF8
    mov al,0x00 ; row 121, slot 8 (next row lead)
    out dx,al
    db 0x90,0x90,0x90,0x90,0x90,0x90,0x90 ; COM 2D08
row_122:
    mov al,0x28 ; row 122, slot 1
    out dx,al
    db 0x90,0x90 ; COM 2D12
    mov al,0x00 ; row 122, slot 2
    out dx,al
    db 0x90,0x90 ; COM 2D17
    mov al,0x07 ; row 122, slot 3
    out dx,al
    db 0x90,0x90,0x90 ; COM 2D1C
    mov al,0x20 ; row 122, slot 4
    out dx,al
    db 0x90,0x90 ; COM 2D22
    mov al,0x20 ; row 122, slot 5
    out dx,al
    db 0x90,0x90 ; COM 2D27
    mov al,0x20 ; row 122, slot 6
    out dx,al
    db 0x90,0x90 ; COM 2D2C
    mov al,0x00 ; row 122, slot 7
    out dx,al
    db 0x90,0x90,0x90,0x90,0x90,0x90,0x90,0x90,0x90,0x90,0x90,0x90,0x90 ; COM 2D31
    mov al,0x20 ; row 122, slot 8 (next row lead)
    out dx,al
    db 0x90,0x90,0x90,0x90,0x90,0x90,0x90 ; COM 2D41
row_123:
    mov al,0x28 ; row 123, slot 1
    out dx,al
    db 0x90,0x90 ; COM 2D4B
    mov al,0x28 ; row 123, slot 2
    out dx,al
    db 0x90,0x90 ; COM 2D50
    mov al,0x18 ; row 123, slot 3
    out dx,al
    db 0x90,0x90,0x90 ; COM 2D55
    mov al,0x07 ; row 123, slot 4
    out dx,al
    db 0x90,0x90 ; COM 2D5B
    mov al,0x00 ; row 123, slot 5
    out dx,al
    db 0x90,0x90 ; COM 2D60
    mov al,0x00 ; row 123, slot 6
    out dx,al
    db 0x90,0x90 ; COM 2D65
    mov al,0x20 ; row 123, slot 7
    out dx,al
    db 0x90,0x90,0x90,0x90,0x90,0x90,0x90,0x90,0x90,0x90,0x90,0x90,0x90 ; COM 2D6A
    mov al,0x00 ; row 123, slot 8 (next row lead)
    out dx,al
    db 0x90,0x90,0x90,0x90,0x90,0x90,0x90 ; COM 2D7A
row_124:
    mov al,0x28 ; row 124, slot 1
    out dx,al
    db 0x90,0x90 ; COM 2D84
    mov al,0x00 ; row 124, slot 2
    out dx,al
    db 0x90,0x90 ; COM 2D89
    mov al,0x07 ; row 124, slot 3
    out dx,al
    db 0x90,0x90,0x90 ; COM 2D8E
    mov al,0x10 ; row 124, slot 4
    out dx,al
    db 0x90,0x90 ; COM 2D94
    mov al,0x20 ; row 124, slot 5
    out dx,al
    db 0x90,0x90 ; COM 2D99
    mov al,0x20 ; row 124, slot 6
    out dx,al
    db 0x90,0x90 ; COM 2D9E
    mov al,0x00 ; row 124, slot 7
    out dx,al
    db 0x90,0x90,0x90,0x90,0x90,0x90,0x90,0x90,0x90,0x90,0x90,0x90,0x90 ; COM 2DA3
    mov al,0x20 ; row 124, slot 8 (next row lead)
    out dx,al
    db 0x90,0x90,0x90,0x90,0x90,0x90,0x90 ; COM 2DB3
row_125:
    mov al,0x20 ; row 125, slot 1
    out dx,al
    db 0x90,0x90 ; COM 2DBD
    mov al,0x18 ; row 125, slot 2
    out dx,al
    db 0x90,0x90 ; COM 2DC2
    mov al,0x18 ; row 125, slot 3
    out dx,al
    db 0x90,0x90,0x90 ; COM 2DC7
    mov al,0x28 ; row 125, slot 4
    out dx,al
    db 0x90,0x90 ; COM 2DCD
    mov al,0x28 ; row 125, slot 5
    out dx,al
    db 0x90,0x90 ; COM 2DD2
    mov al,0x00 ; row 125, slot 6
    out dx,al
    db 0x90,0x90 ; COM 2DD7
    mov al,0x20 ; row 125, slot 7
    out dx,al
    db 0x90,0x90,0x90,0x90,0x90,0x90,0x90,0x90,0x90,0x90,0x90,0x90,0x90 ; COM 2DDC
    mov al,0x00 ; row 125, slot 8 (next row lead)
    out dx,al
    db 0x90,0x90,0x90,0x90,0x90,0x90,0x90 ; COM 2DEC
row_126:
    mov al,0x28 ; row 126, slot 1
    out dx,al
    db 0x90,0x90 ; COM 2DF6
    mov al,0x00 ; row 126, slot 2
    out dx,al
    db 0x90,0x90 ; COM 2DFB
    mov al,0x07 ; row 126, slot 3
    out dx,al
    db 0x90,0x90,0x90 ; COM 2E00
    mov al,0x10 ; row 126, slot 4
    out dx,al
    db 0x90,0x90 ; COM 2E06
    mov al,0x20 ; row 126, slot 5
    out dx,al
    db 0x90,0x90 ; COM 2E0B
    mov al,0x20 ; row 126, slot 6
    out dx,al
    db 0x90,0x90 ; COM 2E10
    mov al,0x20 ; row 126, slot 7
    out dx,al
    db 0x90,0x90,0x90,0x90,0x90,0x90,0x90,0x90,0x90,0x90,0x90,0x90,0x90 ; COM 2E15
    mov al,0x20 ; row 126, slot 8 (next row lead)
    out dx,al
    db 0x90,0x90,0x90,0x90,0x90,0x90,0x90 ; COM 2E25
row_127:
    mov al,0x28 ; row 127, slot 1
    out dx,al
    db 0x90,0x90 ; COM 2E2F
    mov al,0x28 ; row 127, slot 2
    out dx,al
    db 0x90,0x90 ; COM 2E34
    mov al,0x18 ; row 127, slot 3
    out dx,al
    db 0x90,0x90,0x90 ; COM 2E39
    mov al,0x28 ; row 127, slot 4
    out dx,al
    db 0x90,0x90 ; COM 2E3F
    mov al,0x00 ; row 127, slot 5
    out dx,al
    db 0x90,0x90 ; COM 2E44
    mov al,0x00 ; row 127, slot 6
    out dx,al
    db 0x90,0x90 ; COM 2E49
    mov al,0x00 ; row 127, slot 7
    out dx,al
    db 0x90,0x90,0x90,0x90,0x90,0x90,0x90,0x90,0x90,0x90,0x90,0x90,0x90 ; COM 2E4E
    mov al,0x00 ; row 127, slot 8 (next row lead)
    out dx,al
    db 0x90,0x90,0x90,0x90,0x90,0x90,0x90 ; COM 2E5E
row_128:
    mov al,0x00 ; row 128, slot 1
    out dx,al
    db 0x90,0x90 ; COM 2E68
    mov al,0x00 ; row 128, slot 2
    out dx,al
    db 0x90,0x90 ; COM 2E6D
    mov al,0x28 ; row 128, slot 3
    out dx,al
    db 0x90,0x90,0x90 ; COM 2E72
    mov al,0x07 ; row 128, slot 4
    out dx,al
    db 0x90,0x90 ; COM 2E78
    mov al,0x20 ; row 128, slot 5
    out dx,al
    db 0x90,0x90 ; COM 2E7D
    mov al,0x20 ; row 128, slot 6
    out dx,al
    db 0x90,0x90 ; COM 2E82
    mov al,0x20 ; row 128, slot 7
    out dx,al
    db 0x90,0x90,0x90,0x90,0x90,0x90,0x90,0x90,0x90,0x90,0x90,0x90,0x90 ; COM 2E87
    mov al,0x20 ; row 128, slot 8 (next row lead)
    out dx,al
    db 0x90,0x90,0x90,0x90,0x90,0x90,0x90 ; COM 2E97
row_129:
    mov al,0x28 ; row 129, slot 1
    out dx,al
    db 0x90,0x90 ; COM 2EA1
    mov al,0x28 ; row 129, slot 2
    out dx,al
    db 0x90,0x90 ; COM 2EA6
    mov al,0x0C ; row 129, slot 3
    out dx,al
    db 0x90,0x90,0x90 ; COM 2EAB
    mov al,0x10 ; row 129, slot 4
    out dx,al
    db 0x90,0x90 ; COM 2EB1
    mov al,0x00 ; row 129, slot 5
    out dx,al
    db 0x90,0x90 ; COM 2EB6
    mov al,0x28 ; row 129, slot 6
    out dx,al
    db 0x90,0x90 ; COM 2EBB
    mov al,0x00 ; row 129, slot 7
    out dx,al
    db 0x90,0x90,0x90,0x90,0x90,0x90,0x90,0x90,0x90,0x90,0x90,0x90,0x90 ; COM 2EC0
    mov al,0x00 ; row 129, slot 8 (next row lead)
    out dx,al
    db 0x90,0x90,0x90,0x90,0x90,0x90,0x90 ; COM 2ED0
row_130:
    mov al,0x28 ; row 130, slot 1
    out dx,al
    db 0x90,0x90 ; COM 2EDA
    mov al,0x00 ; row 130, slot 2
    out dx,al
    db 0x90,0x90 ; COM 2EDF
    mov al,0x28 ; row 130, slot 3
    out dx,al
    db 0x90,0x90,0x90 ; COM 2EE4
    mov al,0x28 ; row 130, slot 4
    out dx,al
    db 0x90,0x90 ; COM 2EEA
    mov al,0x20 ; row 130, slot 5
    out dx,al
    db 0x90,0x90 ; COM 2EEF
    mov al,0x20 ; row 130, slot 6
    out dx,al
    db 0x90,0x90 ; COM 2EF4
    mov al,0x20 ; row 130, slot 7
    out dx,al
    db 0x90,0x90,0x90,0x90,0x90,0x90,0x90,0x90,0x90,0x90,0x90,0x90,0x90 ; COM 2EF9
    mov al,0x20 ; row 130, slot 8 (next row lead)
    out dx,al
    db 0x90,0x90,0x90,0x90,0x90,0x90,0x90 ; COM 2F09
row_131:
    mov al,0x20 ; row 131, slot 1
    out dx,al
    db 0x90,0x90 ; COM 2F13
    mov al,0x28 ; row 131, slot 2
    out dx,al
    db 0x90,0x90 ; COM 2F18
    mov al,0x0C ; row 131, slot 3
    out dx,al
    db 0x90,0x90,0x90 ; COM 2F1D
    mov al,0x10 ; row 131, slot 4
    out dx,al
    db 0x90,0x90 ; COM 2F23
    mov al,0x08 ; row 131, slot 5
    out dx,al
    db 0x90,0x90 ; COM 2F28
    mov al,0x00 ; row 131, slot 6
    out dx,al
    db 0x90,0x90 ; COM 2F2D
    mov al,0x20 ; row 131, slot 7
    out dx,al
    db 0x90,0x90,0x90,0x90,0x90,0x90,0x90,0x90,0x90,0x90,0x90,0x90,0x90 ; COM 2F32
    mov al,0x00 ; row 131, slot 8 (next row lead)
    out dx,al
    db 0x90,0x90,0x90,0x90,0x90,0x90,0x90 ; COM 2F42
row_132:
    mov al,0x08 ; row 132, slot 1
    out dx,al
    db 0x90,0x90 ; COM 2F4C
    mov al,0x00 ; row 132, slot 2
    out dx,al
    db 0x90,0x90 ; COM 2F51
    mov al,0x08 ; row 132, slot 3
    out dx,al
    db 0x90,0x90,0x90 ; COM 2F56
    mov al,0x28 ; row 132, slot 4
    out dx,al
    db 0x90,0x90 ; COM 2F5C
    mov al,0x20 ; row 132, slot 5
    out dx,al
    db 0x90,0x90 ; COM 2F61
    mov al,0x20 ; row 132, slot 6
    out dx,al
    db 0x90,0x90 ; COM 2F66
    mov al,0x00 ; row 132, slot 7
    out dx,al
    db 0x90,0x90,0x90,0x90,0x90,0x90,0x90,0x90,0x90,0x90,0x90,0x90,0x90 ; COM 2F6B
    mov al,0x20 ; row 132, slot 8 (next row lead)
    out dx,al
    db 0x90,0x90,0x90,0x90,0x90,0x90,0x90 ; COM 2F7B
row_133:
    mov al,0x28 ; row 133, slot 1
    out dx,al
    db 0x90,0x90 ; COM 2F85
    mov al,0x28 ; row 133, slot 2
    out dx,al
    db 0x90,0x90 ; COM 2F8A
    mov al,0x10 ; row 133, slot 3
    out dx,al
    db 0x90,0x90,0x90 ; COM 2F8F
    mov al,0x10 ; row 133, slot 4
    out dx,al
    db 0x90,0x90 ; COM 2F95
    mov al,0x20 ; row 133, slot 5
    out dx,al
    db 0x90,0x90 ; COM 2F9A
    mov al,0x00 ; row 133, slot 6
    out dx,al
    db 0x90,0x90 ; COM 2F9F
    mov al,0x20 ; row 133, slot 7
    out dx,al
    db 0x90,0x90,0x90,0x90,0x90,0x90,0x90,0x90,0x90,0x90,0x90,0x90,0x90 ; COM 2FA4
    mov al,0x00 ; row 133, slot 8 (next row lead)
    out dx,al
    db 0x90,0x90,0x90,0x90,0x90,0x90,0x90 ; COM 2FB4
row_134:
    mov al,0x20 ; row 134, slot 1
    out dx,al
    db 0x90,0x90 ; COM 2FBE
    mov al,0x00 ; row 134, slot 2
    out dx,al
    db 0x90,0x90 ; COM 2FC3
    mov al,0x08 ; row 134, slot 3
    out dx,al
    db 0x90,0x90,0x90 ; COM 2FC8
    mov al,0x08 ; row 134, slot 4
    out dx,al
    db 0x90,0x90 ; COM 2FCE
    mov al,0x00 ; row 134, slot 5
    out dx,al
    db 0x90,0x90 ; COM 2FD3
    mov al,0x20 ; row 134, slot 6
    out dx,al
    db 0x90,0x90 ; COM 2FD8
    mov al,0x00 ; row 134, slot 7
    out dx,al
    db 0x90,0x90,0x90,0x90,0x90,0x90,0x90,0x90,0x90,0x90,0x90,0x90,0x90 ; COM 2FDD
    mov al,0x20 ; row 134, slot 8 (next row lead)
    out dx,al
    db 0x90,0x90,0x90,0x90,0x90,0x90,0x90 ; COM 2FED
row_135:
    mov al,0x28 ; row 135, slot 1
    out dx,al
    db 0x90,0x90 ; COM 2FF7
    mov al,0x28 ; row 135, slot 2
    out dx,al
    db 0x90,0x90 ; COM 2FFC
    mov al,0x10 ; row 135, slot 3
    out dx,al
    db 0x90,0x90,0x90 ; COM 3001
    mov al,0x20 ; row 135, slot 4
    out dx,al
    db 0x90,0x90 ; COM 3007
    mov al,0x20 ; row 135, slot 5
    out dx,al
    db 0x90,0x90 ; COM 300C
    mov al,0x00 ; row 135, slot 6
    out dx,al
    db 0x90,0x90 ; COM 3011
    mov al,0x20 ; row 135, slot 7
    out dx,al
    db 0x90,0x90,0x90,0x90,0x90,0x90,0x90,0x90,0x90,0x90,0x90,0x90,0x90 ; COM 3016
    mov al,0x00 ; row 135, slot 8 (next row lead)
    out dx,al
    db 0x90,0x90,0x90,0x90,0x90,0x90,0x90 ; COM 3026
row_136:
    mov al,0x20 ; row 136, slot 1
    out dx,al
    db 0x90,0x90 ; COM 3030
    mov al,0x00 ; row 136, slot 2
    out dx,al
    db 0x90,0x90 ; COM 3035
    mov al,0x08 ; row 136, slot 3
    out dx,al
    db 0x90,0x90,0x90 ; COM 303A
    mov al,0x00 ; row 136, slot 4
    out dx,al
    db 0x90,0x90 ; COM 3040
    mov al,0x08 ; row 136, slot 5
    out dx,al
    db 0x90,0x90 ; COM 3045
    mov al,0x20 ; row 136, slot 6
    out dx,al
    db 0x90,0x90 ; COM 304A
    mov al,0x20 ; row 136, slot 7
    out dx,al
    db 0x90,0x90,0x90,0x90,0x90,0x90,0x90,0x90,0x90,0x90,0x90,0x90,0x90 ; COM 304F
    mov al,0x20 ; row 136, slot 8 (next row lead)
    out dx,al
    db 0x90,0x90,0x90,0x90,0x90,0x90,0x90 ; COM 305F
row_137:
    mov al,0x28 ; row 137, slot 1
    out dx,al
    db 0x90,0x90 ; COM 3069
    mov al,0x28 ; row 137, slot 2
    out dx,al
    db 0x90,0x90 ; COM 306E
    mov al,0x00 ; row 137, slot 3
    out dx,al
    db 0x90,0x90,0x90 ; COM 3073
    mov al,0x28 ; row 137, slot 4
    out dx,al
    db 0x90,0x90 ; COM 3079
    mov al,0x20 ; row 137, slot 5
    out dx,al
    db 0x90,0x90 ; COM 307E
    mov al,0x28 ; row 137, slot 6
    out dx,al
    db 0x90,0x90 ; COM 3083
    mov al,0x00 ; row 137, slot 7
    out dx,al
    db 0x90,0x90,0x90,0x90,0x90,0x90,0x90,0x90,0x90,0x90,0x90,0x90,0x90 ; COM 3088
    mov al,0x00 ; row 137, slot 8 (next row lead)
    out dx,al
    db 0x90,0x90,0x90,0x90,0x90,0x90,0x90 ; COM 3098
row_138:
    mov al,0x00 ; row 138, slot 1
    out dx,al
    db 0x90,0x90 ; COM 30A2
    mov al,0x00 ; row 138, slot 2
    out dx,al
    db 0x90,0x90 ; COM 30A7
    mov al,0x28 ; row 138, slot 3
    out dx,al
    db 0x90,0x90,0x90 ; COM 30AC
    mov al,0x10 ; row 138, slot 4
    out dx,al
    db 0x90,0x90 ; COM 30B2
    mov al,0x20 ; row 138, slot 5
    out dx,al
    db 0x90,0x90 ; COM 30B7
    mov al,0x20 ; row 138, slot 6
    out dx,al
    db 0x90,0x90 ; COM 30BC
    mov al,0x20 ; row 138, slot 7
    out dx,al
    db 0x90,0x90,0x90,0x90,0x90,0x90,0x90,0x90,0x90,0x90,0x90,0x90,0x90 ; COM 30C1
    mov al,0x20 ; row 138, slot 8 (next row lead)
    out dx,al
    db 0x90,0x90,0x90,0x90,0x90,0x90,0x90 ; COM 30D1
row_139:
    mov al,0x28 ; row 139, slot 1
    out dx,al
    db 0x90,0x90 ; COM 30DB
    mov al,0x28 ; row 139, slot 2
    out dx,al
    db 0x90,0x90 ; COM 30E0
    mov al,0x0C ; row 139, slot 3
    out dx,al
    db 0x90,0x90,0x90 ; COM 30E5
    mov al,0x28 ; row 139, slot 4
    out dx,al
    db 0x90,0x90 ; COM 30EB
    mov al,0x00 ; row 139, slot 5
    out dx,al
    db 0x90,0x90 ; COM 30F0
    mov al,0x00 ; row 139, slot 6
    out dx,al
    db 0x90,0x90 ; COM 30F5
    mov al,0x00 ; row 139, slot 7
    out dx,al
    db 0x90,0x90,0x90,0x90,0x90,0x90,0x90,0x90,0x90,0x90,0x90,0x90,0x90 ; COM 30FA
    mov al,0x00 ; row 139, slot 8 (next row lead)
    out dx,al
    db 0x90,0x90,0x90,0x90,0x90,0x90,0x90 ; COM 310A
row_140:
    mov al,0x00 ; row 140, slot 1
    out dx,al
    db 0x90,0x90 ; COM 3114
    mov al,0x00 ; row 140, slot 2
    out dx,al
    db 0x90,0x90 ; COM 3119
    mov al,0x28 ; row 140, slot 3
    out dx,al
    db 0x90,0x90,0x90 ; COM 311E
    mov al,0x00 ; row 140, slot 4
    out dx,al
    db 0x90,0x90 ; COM 3124
    mov al,0x20 ; row 140, slot 5
    out dx,al
    db 0x90,0x90 ; COM 3129
    mov al,0x20 ; row 140, slot 6
    out dx,al
    db 0x90,0x90 ; COM 312E
    mov al,0x20 ; row 140, slot 7
    out dx,al
    db 0x90,0x90,0x90,0x90,0x90,0x90,0x90,0x90,0x90,0x90,0x90,0x90,0x90 ; COM 3133
    mov al,0x20 ; row 140, slot 8 (next row lead)
    out dx,al
    db 0x90,0x90,0x90,0x90,0x90,0x90,0x90 ; COM 3143
row_141:
    mov al,0x28 ; row 141, slot 1
    out dx,al
    db 0x90,0x90 ; COM 314D
    mov al,0x20 ; row 141, slot 2
    out dx,al
    db 0x90,0x90 ; COM 3152
    mov al,0x18 ; row 141, slot 3
    out dx,al
    db 0x90,0x90,0x90 ; COM 3157
    mov al,0x20 ; row 141, slot 4
    out dx,al
    db 0x90,0x90 ; COM 315D
    mov al,0x28 ; row 141, slot 5
    out dx,al
    db 0x90,0x90 ; COM 3162
    mov al,0x00 ; row 141, slot 6
    out dx,al
    db 0x90,0x90 ; COM 3167
    mov al,0x20 ; row 141, slot 7
    out dx,al
    db 0x90,0x90,0x90,0x90,0x90,0x90,0x90,0x90,0x90,0x90,0x90,0x90,0x90 ; COM 316C
    mov al,0x00 ; row 141, slot 8 (next row lead)
    out dx,al
    db 0x90,0x90,0x90,0x90,0x90,0x90,0x90 ; COM 317C
row_142:
    mov al,0x20 ; row 142, slot 1
    out dx,al
    db 0x90,0x90 ; COM 3186
    mov al,0x08 ; row 142, slot 2
    out dx,al
    db 0x90,0x90 ; COM 318B
    mov al,0x07 ; row 142, slot 3
    out dx,al
    db 0x90,0x90,0x90 ; COM 3190
    mov al,0x07 ; row 142, slot 4
    out dx,al
    db 0x90,0x90 ; COM 3196
    mov al,0x20 ; row 142, slot 5
    out dx,al
    db 0x90,0x90 ; COM 319B
    mov al,0x20 ; row 142, slot 6
    out dx,al
    db 0x90,0x90 ; COM 31A0
    mov al,0x00 ; row 142, slot 7
    out dx,al
    db 0x90,0x90,0x90,0x90,0x90,0x90,0x90,0x90,0x90,0x90,0x90,0x90,0x90 ; COM 31A5
    mov al,0x20 ; row 142, slot 8 (next row lead)
    out dx,al
    db 0x90,0x90,0x90,0x90,0x90,0x90,0x90 ; COM 31B5
row_143:
    mov al,0x08 ; row 143, slot 1
    out dx,al
    db 0x90,0x90 ; COM 31BF
    mov al,0x00 ; row 143, slot 2
    out dx,al
    db 0x90,0x90 ; COM 31C4
    mov al,0x18 ; row 143, slot 3
    out dx,al
    db 0x90,0x90,0x90 ; COM 31C9
    mov al,0x10 ; row 143, slot 4
    out dx,al
    db 0x90,0x90 ; COM 31CF
    mov al,0x20 ; row 143, slot 5
    out dx,al
    db 0x90,0x90 ; COM 31D4
    mov al,0x00 ; row 143, slot 6
    out dx,al
    db 0x90,0x90 ; COM 31D9
    mov al,0x20 ; row 143, slot 7
    out dx,al
    db 0x90,0x90,0x90,0x90,0x90,0x90,0x90,0x90,0x90,0x90,0x90,0x90,0x90 ; COM 31DE
    mov al,0x00 ; row 143, slot 8 (next row lead)
    out dx,al
    db 0x90,0x90,0x90,0x90,0x90,0x90,0x90 ; COM 31EE
row_144:
    mov al,0x20 ; row 144, slot 1
    out dx,al
    db 0x90,0x90 ; COM 31F8
    mov al,0x00 ; row 144, slot 2
    out dx,al
    db 0x90,0x90 ; COM 31FD
    mov al,0x18 ; row 144, slot 3
    out dx,al
    db 0x90,0x90,0x90 ; COM 3202
    mov al,0x28 ; row 144, slot 4
    out dx,al
    db 0x90,0x90 ; COM 3208
    mov al,0x00 ; row 144, slot 5
    out dx,al
    db 0x90,0x90 ; COM 320D
    mov al,0x20 ; row 144, slot 6
    out dx,al
    db 0x90,0x90 ; COM 3212
    mov al,0x00 ; row 144, slot 7
    out dx,al
    db 0x90,0x90,0x90,0x90,0x90,0x90,0x90,0x90,0x90,0x90,0x90,0x90,0x90 ; COM 3217
    mov al,0x20 ; row 144, slot 8 (next row lead)
    out dx,al
    db 0x90,0x90,0x90,0x90,0x90,0x90,0x90 ; COM 3227
row_145:
    mov al,0x28 ; row 145, slot 1
    out dx,al
    db 0x90,0x90 ; COM 3231
    mov al,0x08 ; row 145, slot 2
    out dx,al
    db 0x90,0x90 ; COM 3236
    mov al,0x08 ; row 145, slot 3
    out dx,al
    db 0x90,0x90,0x90 ; COM 323B
    mov al,0x00 ; row 145, slot 4
    out dx,al
    db 0x90,0x90 ; COM 3241
    mov al,0x20 ; row 145, slot 5
    out dx,al
    db 0x90,0x90 ; COM 3246
    mov al,0x28 ; row 145, slot 6
    out dx,al
    db 0x90,0x90 ; COM 324B
    mov al,0x20 ; row 145, slot 7
    out dx,al
    db 0x90,0x90,0x90,0x90,0x90,0x90,0x90,0x90,0x90,0x90,0x90,0x90,0x90 ; COM 3250
    mov al,0x00 ; row 145, slot 8 (next row lead)
    out dx,al
    db 0x90,0x90,0x90,0x90,0x90,0x90,0x90 ; COM 3260
row_146:
    mov al,0x20 ; row 146, slot 1
    out dx,al
    db 0x90,0x90 ; COM 326A
    mov al,0x00 ; row 146, slot 2
    out dx,al
    db 0x90,0x90 ; COM 326F
    mov al,0x28 ; row 146, slot 3
    out dx,al
    db 0x90,0x90,0x90 ; COM 3274
    mov al,0x20 ; row 146, slot 4
    out dx,al
    db 0x90,0x90 ; COM 327A
    mov al,0x00 ; row 146, slot 5
    out dx,al
    db 0x90,0x90 ; COM 327F
    mov al,0x20 ; row 146, slot 6
    out dx,al
    db 0x90,0x90 ; COM 3284
    mov al,0x20 ; row 146, slot 7
    out dx,al
    db 0x90,0x90,0x90,0x90,0x90,0x90,0x90,0x90,0x90,0x90,0x90,0x90,0x90 ; COM 3289
    mov al,0x20 ; row 146, slot 8 (next row lead)
    out dx,al
    db 0x90,0x90,0x90,0x90,0x90,0x90,0x90 ; COM 3299
row_147:
    mov al,0x28 ; row 147, slot 1
    out dx,al
    db 0x90,0x90 ; COM 32A3
    mov al,0x20 ; row 147, slot 2
    out dx,al
    db 0x90,0x90 ; COM 32A8
    mov al,0x00 ; row 147, slot 3
    out dx,al
    db 0x90,0x90,0x90 ; COM 32AD
    mov al,0x07 ; row 147, slot 4
    out dx,al
    db 0x90,0x90 ; COM 32B3
    mov al,0x00 ; row 147, slot 5
    out dx,al
    db 0x90,0x90 ; COM 32B8
    mov al,0x00 ; row 147, slot 6
    out dx,al
    db 0x90,0x90 ; COM 32BD
    mov al,0x00 ; row 147, slot 7
    out dx,al
    db 0x90,0x90,0x90,0x90,0x90,0x90,0x90,0x90,0x90,0x90,0x90,0x90,0x90 ; COM 32C2
    mov al,0x00 ; row 147, slot 8 (next row lead)
    out dx,al
    db 0x90,0x90,0x90,0x90,0x90,0x90,0x90 ; COM 32D2
row_148:
    mov al,0x00 ; row 148, slot 1
    out dx,al
    db 0x90,0x90 ; COM 32DC
    mov al,0x08 ; row 148, slot 2
    out dx,al
    db 0x90,0x90 ; COM 32E1
    mov al,0x28 ; row 148, slot 3
    out dx,al
    db 0x90,0x90,0x90 ; COM 32E6
    mov al,0x20 ; row 148, slot 4
    out dx,al
    db 0x90,0x90 ; COM 32EC
    mov al,0x20 ; row 148, slot 5
    out dx,al
    db 0x90,0x90 ; COM 32F1
    mov al,0x20 ; row 148, slot 6
    out dx,al
    db 0x90,0x90 ; COM 32F6
    mov al,0x20 ; row 148, slot 7
    out dx,al
    db 0x90,0x90,0x90,0x90,0x90,0x90,0x90,0x90,0x90,0x90,0x90,0x90,0x90 ; COM 32FB
    mov al,0x20 ; row 148, slot 8 (next row lead)
    out dx,al
    db 0x90,0x90,0x90,0x90,0x90,0x90,0x90 ; COM 330B
row_149:
    mov al,0x28 ; row 149, slot 1
    out dx,al
    db 0x90,0x90 ; COM 3315
    mov al,0x00 ; row 149, slot 2
    out dx,al
    db 0x90,0x90 ; COM 331A
    mov al,0x00 ; row 149, slot 3
    out dx,al
    db 0x90,0x90,0x90 ; COM 331F
    mov al,0x00 ; row 149, slot 4
    out dx,al
    db 0x90,0x90 ; COM 3325
    mov al,0x00 ; row 149, slot 5
    out dx,al
    db 0x90,0x90 ; COM 332A
    mov al,0x00 ; row 149, slot 6
    out dx,al
    db 0x90,0x90 ; COM 332F
    mov al,0x00 ; row 149, slot 7
    out dx,al
    db 0x90,0x90,0x90,0x90,0x90,0x90,0x90,0x90,0x90,0x90,0x90,0x90,0x90 ; COM 3334
    mov al,0x00 ; row 149, slot 8 (next row lead)
    out dx,al
    db 0x90,0x90,0x90,0x90,0x90,0x90,0x90 ; COM 3344
row_150:
    mov al,0x20 ; row 150, slot 1
    out dx,al
    db 0x90,0x90 ; COM 334E
    mov al,0x00 ; row 150, slot 2
    out dx,al
    db 0x90,0x90 ; COM 3353
    mov al,0x18 ; row 150, slot 3
    out dx,al
    db 0x90,0x90,0x90 ; COM 3358
    mov al,0x28 ; row 150, slot 4
    out dx,al
    db 0x90,0x90 ; COM 335E
    mov al,0x20 ; row 150, slot 5
    out dx,al
    db 0x90,0x90 ; COM 3363
    mov al,0x20 ; row 150, slot 6
    out dx,al
    db 0x90,0x90 ; COM 3368
    mov al,0x20 ; row 150, slot 7
    out dx,al
    db 0x90,0x90,0x90,0x90,0x90,0x90,0x90,0x90,0x90,0x90,0x90,0x90,0x90 ; COM 336D
    mov al,0x20 ; row 150, slot 8 (next row lead)
    out dx,al
    db 0x90,0x90,0x90,0x90,0x90,0x90,0x90 ; COM 337D
row_151:
    mov al,0x00 ; row 151, slot 1
    out dx,al
    db 0x90,0x90 ; COM 3387
    mov al,0x08 ; row 151, slot 2
    out dx,al
    db 0x90,0x90 ; COM 338C
    mov al,0x0C ; row 151, slot 3
    out dx,al
    db 0x90,0x90,0x90 ; COM 3391
    mov al,0x00 ; row 151, slot 4
    out dx,al
    db 0x90,0x90 ; COM 3397
    mov al,0x08 ; row 151, slot 5
    out dx,al
    db 0x90,0x90 ; COM 339C
    mov al,0x00 ; row 151, slot 6
    out dx,al
    db 0x90,0x90 ; COM 33A1
    mov al,0x20 ; row 151, slot 7
    out dx,al
    db 0x90,0x90,0x90,0x90,0x90,0x90,0x90,0x90,0x90,0x90,0x90,0x90,0x90 ; COM 33A6
    mov al,0x00 ; row 151, slot 8 (next row lead)
    out dx,al
    db 0x90,0x90,0x90,0x90,0x90,0x90,0x90 ; COM 33B6
row_152:
    mov al,0x28 ; row 152, slot 1
    out dx,al
    db 0x90,0x90 ; COM 33C0
    mov al,0x00 ; row 152, slot 2
    out dx,al
    db 0x90,0x90 ; COM 33C5
    mov al,0x28 ; row 152, slot 3
    out dx,al
    db 0x90,0x90,0x90 ; COM 33CA
    mov al,0x28 ; row 152, slot 4
    out dx,al
    db 0x90,0x90 ; COM 33D0
    mov al,0x20 ; row 152, slot 5
    out dx,al
    db 0x90,0x90 ; COM 33D5
    mov al,0x20 ; row 152, slot 6
    out dx,al
    db 0x90,0x90 ; COM 33DA
    mov al,0x00 ; row 152, slot 7
    out dx,al
    db 0x90,0x90,0x90,0x90,0x90,0x90,0x90,0x90,0x90,0x90,0x90,0x90,0x90 ; COM 33DF
    mov al,0x20 ; row 152, slot 8 (next row lead)
    out dx,al
    db 0x90,0x90,0x90,0x90,0x90,0x90,0x90 ; COM 33EF
row_153:
    mov al,0x20 ; row 153, slot 1
    out dx,al
    db 0x90,0x90 ; COM 33F9
    mov al,0x20 ; row 153, slot 2
    out dx,al
    db 0x90,0x90 ; COM 33FE
    mov al,0x0C ; row 153, slot 3
    out dx,al
    db 0x90,0x90,0x90 ; COM 3403
    mov al,0x00 ; row 153, slot 4
    out dx,al
    db 0x90,0x90 ; COM 3409
    mov al,0x20 ; row 153, slot 5
    out dx,al
    db 0x90,0x90 ; COM 340E
    mov al,0x28 ; row 153, slot 6
    out dx,al
    db 0x90,0x90 ; COM 3413
    mov al,0x20 ; row 153, slot 7
    out dx,al
    db 0x90,0x90,0x90,0x90,0x90,0x90,0x90,0x90,0x90,0x90,0x90,0x90,0x90 ; COM 3418
    mov al,0x00 ; row 153, slot 8 (next row lead)
    out dx,al
    db 0x90,0x90,0x90,0x90,0x90,0x90,0x90 ; COM 3428
row_154:
    mov al,0x20 ; row 154, slot 1
    out dx,al
    db 0x90,0x90 ; COM 3432
    mov al,0x00 ; row 154, slot 2
    out dx,al
    db 0x90,0x90 ; COM 3437
    mov al,0x28 ; row 154, slot 3
    out dx,al
    db 0x90,0x90,0x90 ; COM 343C
    mov al,0x20 ; row 154, slot 4
    out dx,al
    db 0x90,0x90 ; COM 3442
    mov al,0x00 ; row 154, slot 5
    out dx,al
    db 0x90,0x90 ; COM 3447
    mov al,0x20 ; row 154, slot 6
    out dx,al
    db 0x90,0x90 ; COM 344C
    mov al,0x00 ; row 154, slot 7
    out dx,al
    db 0x90,0x90,0x90,0x90,0x90,0x90,0x90,0x90,0x90,0x90,0x90,0x90,0x90 ; COM 3451
    mov al,0x20 ; row 154, slot 8 (next row lead)
    out dx,al
    db 0x90,0x90,0x90,0x90,0x90,0x90,0x90 ; COM 3461
row_155:
    mov al,0x20 ; row 155, slot 1
    out dx,al
    db 0x90,0x90 ; COM 346B
    mov al,0x28 ; row 155, slot 2
    out dx,al
    db 0x90,0x90 ; COM 3470
    mov al,0x0C ; row 155, slot 3
    out dx,al
    db 0x90,0x90,0x90 ; COM 3475
    mov al,0x18 ; row 155, slot 4
    out dx,al
    db 0x90,0x90 ; COM 347B
    mov al,0x20 ; row 155, slot 5
    out dx,al
    db 0x90,0x90 ; COM 3480
    mov al,0x20 ; row 155, slot 6
    out dx,al
    db 0x90,0x90 ; COM 3485
    mov al,0x20 ; row 155, slot 7
    out dx,al
    db 0x90,0x90,0x90,0x90,0x90,0x90,0x90,0x90,0x90,0x90,0x90,0x90,0x90 ; COM 348A
    mov al,0x20 ; row 155, slot 8 (next row lead)
    out dx,al
    db 0x90,0x90,0x90,0x90,0x90,0x90,0x90 ; COM 349A
row_156:
    mov al,0x00 ; row 156, slot 1
    out dx,al
    db 0x90,0x90 ; COM 34A4
    mov al,0x00 ; row 156, slot 2
    out dx,al
    db 0x90,0x90 ; COM 34A9
    mov al,0x28 ; row 156, slot 3
    out dx,al
    db 0x90,0x90,0x90 ; COM 34AE
    mov al,0x20 ; row 156, slot 4
    out dx,al
    db 0x90,0x90 ; COM 34B4
    mov al,0x08 ; row 156, slot 5
    out dx,al
    db 0x90,0x90 ; COM 34B9
    mov al,0x00 ; row 156, slot 6
    out dx,al
    db 0x90,0x90 ; COM 34BE
    mov al,0x00 ; row 156, slot 7
    out dx,al
    db 0x90,0x90,0x90,0x90,0x90,0x90,0x90,0x90,0x90,0x90,0x90,0x90,0x90 ; COM 34C3
    mov al,0x00 ; row 156, slot 8 (next row lead)
    out dx,al
    db 0x90,0x90,0x90,0x90,0x90,0x90,0x90 ; COM 34D3
row_157:
    mov al,0x20 ; row 157, slot 1
    out dx,al
    db 0x90,0x90 ; COM 34DD
    mov al,0x20 ; row 157, slot 2
    out dx,al
    db 0x90,0x90 ; COM 34E2
    mov al,0x00 ; row 157, slot 3
    out dx,al
    db 0x90,0x90,0x90 ; COM 34E7
    mov al,0x00 ; row 157, slot 4
    out dx,al
    db 0x90,0x90 ; COM 34ED
    mov al,0x20 ; row 157, slot 5
    out dx,al
    db 0x90,0x90 ; COM 34F2
    mov al,0x20 ; row 157, slot 6
    out dx,al
    db 0x90,0x90 ; COM 34F7
    mov al,0x20 ; row 157, slot 7
    out dx,al
    db 0x90,0x90,0x90,0x90,0x90,0x90,0x90,0x90,0x90,0x90,0x90,0x90,0x90 ; COM 34FC
    mov al,0x20 ; row 157, slot 8 (next row lead)
    out dx,al
    db 0x90,0x90,0x90,0x90,0x90,0x90,0x90 ; COM 350C
row_158:
    mov al,0x20 ; row 158, slot 1
    out dx,al
    db 0x90,0x90 ; COM 3516
    mov al,0x00 ; row 158, slot 2
    out dx,al
    db 0x90,0x90 ; COM 351B
    mov al,0x28 ; row 158, slot 3
    out dx,al
    db 0x90,0x90,0x90 ; COM 3520
    mov al,0x20 ; row 158, slot 4
    out dx,al
    db 0x90,0x90 ; COM 3526
    mov al,0x20 ; row 158, slot 5
    out dx,al
    db 0x90,0x90 ; COM 352B
    mov al,0x00 ; row 158, slot 6
    out dx,al
    db 0x90,0x90 ; COM 3530
    mov al,0x20 ; row 158, slot 7
    out dx,al
    db 0x90,0x90,0x90,0x90,0x90,0x90,0x90,0x90,0x90,0x90,0x90,0x90,0x90 ; COM 3535
    mov al,0x00 ; row 158, slot 8 (next row lead)
    out dx,al
    db 0x90,0x90,0x90,0x90,0x90,0x90,0x90 ; COM 3545
row_159:
    mov al,0x00 ; row 159, slot 1
    out dx,al
    db 0x90,0x90 ; COM 354F
    mov al,0x20 ; row 159, slot 2
    out dx,al
    db 0x90,0x90 ; COM 3554
    mov al,0x00 ; row 159, slot 3
    out dx,al
    db 0x90,0x90,0x90 ; COM 3559
    mov al,0x08 ; row 159, slot 4
    out dx,al
    db 0x90,0x90 ; COM 355F
    mov al,0x00 ; row 159, slot 5
    out dx,al
    db 0x90,0x90 ; COM 3564
    mov al,0x20 ; row 159, slot 6
    out dx,al
    db 0x90,0x90 ; COM 3569
    mov al,0x00 ; row 159, slot 7
    out dx,al
    db 0x90,0x90,0x90,0x90,0x90,0x90,0x90,0x90,0x90,0x90,0x90,0x90,0x90 ; COM 356E
    mov al,0x20 ; row 159, slot 8 (next row lead)
    out dx,al
    db 0x90,0x90,0x90,0x90,0x90,0x90,0x90 ; COM 357E
row_160:
    mov al,0x20 ; row 160, slot 1
    out dx,al
    db 0x90,0x90 ; COM 3588
    mov al,0x00 ; row 160, slot 2
    out dx,al
    db 0x90,0x90 ; COM 358D
    mov al,0x08 ; row 160, slot 3
    out dx,al
    db 0x90,0x90,0x90 ; COM 3592
    mov al,0x00 ; row 160, slot 4
    out dx,al
    db 0x90,0x90 ; COM 3598
    mov al,0x20 ; row 160, slot 5
    out dx,al
    db 0x90,0x90 ; COM 359D
    mov al,0x00 ; row 160, slot 6
    out dx,al
    db 0x90,0x90 ; COM 35A2
    mov al,0x20 ; row 160, slot 7
    out dx,al
    db 0x90,0x90,0x90,0x90,0x90,0x90,0x90,0x90,0x90,0x90,0x90,0x90,0x90 ; COM 35A7
    mov al,0x00 ; row 160, slot 8 (next row lead)
    out dx,al
    db 0x90,0x90,0x90,0x90,0x90,0x90,0x90 ; COM 35B7
row_161:
    mov al,0x20 ; row 161, slot 1
    out dx,al
    db 0x90,0x90 ; COM 35C1
    mov al,0x38 ; row 161, slot 2
    out dx,al
    db 0x90,0x90 ; COM 35C6
    mov al,0x00 ; row 161, slot 3
    out dx,al
    db 0x90,0x90,0x90 ; COM 35CB
    mov al,0x20 ; row 161, slot 4
    out dx,al
    db 0x90,0x90 ; COM 35D1
    mov al,0x28 ; row 161, slot 5
    out dx,al
    db 0x90,0x90 ; COM 35D6
    mov al,0x20 ; row 161, slot 6
    out dx,al
    db 0x90,0x90 ; COM 35DB
    mov al,0x00 ; row 161, slot 7
    out dx,al
    db 0x90,0x90,0x90,0x90,0x90,0x90,0x90,0x90,0x90,0x90,0x90,0x90,0x90 ; COM 35E0
    mov al,0x20 ; row 161, slot 8 (next row lead)
    out dx,al
    db 0x90,0x90,0x90,0x90,0x90,0x90,0x90 ; COM 35F0
row_162:
    mov al,0x20 ; row 162, slot 1
    out dx,al
    db 0x90,0x90 ; COM 35FA
    mov al,0x20 ; row 162, slot 2
    out dx,al
    db 0x90,0x90 ; COM 35FF
    mov al,0x28 ; row 162, slot 3
    out dx,al
    db 0x90,0x90,0x90 ; COM 3604
    mov al,0x00 ; row 162, slot 4
    out dx,al
    db 0x90,0x90 ; COM 360A
    mov al,0x20 ; row 162, slot 5
    out dx,al
    db 0x90,0x90 ; COM 360F
    mov al,0x00 ; row 162, slot 6
    out dx,al
    db 0x90,0x90 ; COM 3614
    mov al,0x20 ; row 162, slot 7
    out dx,al
    db 0x90,0x90,0x90,0x90,0x90,0x90,0x90,0x90,0x90,0x90,0x90,0x90,0x90 ; COM 3619
    mov al,0x20 ; row 162, slot 8 (next row lead)
    out dx,al
    db 0x90,0x90,0x90,0x90,0x90,0x90,0x90 ; COM 3629
row_163:
    mov al,0x20 ; row 163, slot 1
    out dx,al
    db 0x90,0x90 ; COM 3633
    mov al,0x20 ; row 163, slot 2
    out dx,al
    db 0x90,0x90 ; COM 3638
    mov al,0x08 ; row 163, slot 3
    out dx,al
    db 0x90,0x90,0x90 ; COM 363D
    mov al,0x28 ; row 163, slot 4
    out dx,al
    db 0x90,0x90 ; COM 3643
    mov al,0x20 ; row 163, slot 5
    out dx,al
    db 0x90,0x90 ; COM 3648
    mov al,0x20 ; row 163, slot 6
    out dx,al
    db 0x90,0x90 ; COM 364D
    mov al,0x20 ; row 163, slot 7
    out dx,al
    db 0x90,0x90,0x90,0x90,0x90,0x90,0x90,0x90,0x90,0x90,0x90,0x90,0x90 ; COM 3652
    mov al,0x00 ; row 163, slot 8 (next row lead)
    out dx,al
    db 0x90,0x90,0x90,0x90,0x90,0x90,0x90 ; COM 3662
row_164:
    mov al,0x00 ; row 164, slot 1
    out dx,al
    db 0x90,0x90 ; COM 366C
    mov al,0x38 ; row 164, slot 2
    out dx,al
    db 0x90,0x90 ; COM 3671
    mov al,0x18 ; row 164, slot 3
    out dx,al
    db 0x90,0x90,0x90 ; COM 3676
    mov al,0x00 ; row 164, slot 4
    out dx,al
    db 0x90,0x90 ; COM 367C
    mov al,0x00 ; row 164, slot 5
    out dx,al
    db 0x90,0x90 ; COM 3681
    mov al,0x00 ; row 164, slot 6
    out dx,al
    db 0x90,0x90 ; COM 3686
    mov al,0x00 ; row 164, slot 7
    out dx,al
    db 0x90,0x90,0x90,0x90,0x90,0x90,0x90,0x90,0x90,0x90,0x90,0x90,0x90 ; COM 368B
    mov al,0x00 ; row 164, slot 8 (next row lead)
    out dx,al
    db 0x90,0x90,0x90,0x90,0x90,0x90,0x90 ; COM 369B
row_165:
    mov al,0x20 ; row 165, slot 1
    out dx,al
    db 0x90,0x90 ; COM 36A5
    mov al,0x20 ; row 165, slot 2
    out dx,al
    db 0x90,0x90 ; COM 36AA
    mov al,0x08 ; row 165, slot 3
    out dx,al
    db 0x90,0x90,0x90 ; COM 36AF
    mov al,0x20 ; row 165, slot 4
    out dx,al
    db 0x90,0x90 ; COM 36B5
    mov al,0x20 ; row 165, slot 5
    out dx,al
    db 0x90,0x90 ; COM 36BA
    mov al,0x00 ; row 165, slot 6
    out dx,al
    db 0x90,0x90 ; COM 36BF
    mov al,0x20 ; row 165, slot 7
    out dx,al
    db 0x90,0x90,0x90,0x90,0x90,0x90,0x90,0x90,0x90,0x90,0x90,0x90,0x90 ; COM 36C4
    mov al,0x20 ; row 165, slot 8 (next row lead)
    out dx,al
    db 0x90,0x90,0x90,0x90,0x90,0x90,0x90 ; COM 36D4
row_166:
    mov al,0x20 ; row 166, slot 1
    out dx,al
    db 0x90,0x90 ; COM 36DE
    mov al,0x08 ; row 166, slot 2
    out dx,al
    db 0x90,0x90 ; COM 36E3
    mov al,0x18 ; row 166, slot 3
    out dx,al
    db 0x90,0x90,0x90 ; COM 36E8
    mov al,0x00 ; row 166, slot 4
    out dx,al
    db 0x90,0x90 ; COM 36EE
    mov al,0x28 ; row 166, slot 5
    out dx,al
    db 0x90,0x90 ; COM 36F3
    mov al,0x20 ; row 166, slot 6
    out dx,al
    db 0x90,0x90 ; COM 36F8
    mov al,0x00 ; row 166, slot 7
    out dx,al
    db 0x90,0x90,0x90,0x90,0x90,0x90,0x90,0x90,0x90,0x90,0x90,0x90,0x90 ; COM 36FD
    mov al,0x20 ; row 166, slot 8 (next row lead)
    out dx,al
    db 0x90,0x90,0x90,0x90,0x90,0x90,0x90 ; COM 370D
row_167:
    mov al,0x20 ; row 167, slot 1
    out dx,al
    db 0x90,0x90 ; COM 3717
    mov al,0x20 ; row 167, slot 2
    out dx,al
    db 0x90,0x90 ; COM 371C
    mov al,0x00 ; row 167, slot 3
    out dx,al
    db 0x90,0x90,0x90 ; COM 3721
    mov al,0x28 ; row 167, slot 4
    out dx,al
    db 0x90,0x90 ; COM 3727
    mov al,0x20 ; row 167, slot 5
    out dx,al
    db 0x90,0x90 ; COM 372C
    mov al,0x00 ; row 167, slot 6
    out dx,al
    db 0x90,0x90 ; COM 3731
    mov al,0x20 ; row 167, slot 7
    out dx,al
    db 0x90,0x90,0x90,0x90,0x90,0x90,0x90,0x90,0x90,0x90,0x90,0x90,0x90 ; COM 3736
    mov al,0x00 ; row 167, slot 8 (next row lead)
    out dx,al
    db 0x90,0x90,0x90,0x90,0x90,0x90,0x90 ; COM 3746
row_168:
    mov al,0x20 ; row 168, slot 1
    out dx,al
    db 0x90,0x90 ; COM 3750
    mov al,0x00 ; row 168, slot 2
    out dx,al
    db 0x90,0x90 ; COM 3755
    mov al,0x28 ; row 168, slot 3
    out dx,al
    db 0x90,0x90,0x90 ; COM 375A
    mov al,0x07 ; row 168, slot 4
    out dx,al
    db 0x90,0x90 ; COM 3760
    mov al,0x20 ; row 168, slot 5
    out dx,al
    db 0x90,0x90 ; COM 3765
    mov al,0x00 ; row 168, slot 6
    out dx,al
    db 0x90,0x90 ; COM 376A
    mov al,0x00 ; row 168, slot 7
    out dx,al
    db 0x90,0x90,0x90,0x90,0x90,0x90,0x90,0x90,0x90,0x90,0x90,0x90,0x90 ; COM 376F
    mov al,0x20 ; row 168, slot 8 (next row lead)
    out dx,al
    db 0x90,0x90,0x90,0x90,0x90,0x90,0x90 ; COM 377F
row_169:
    mov al,0x20 ; row 169, slot 1
    out dx,al
    db 0x90,0x90 ; COM 3789
    mov al,0x08 ; row 169, slot 2
    out dx,al
    db 0x90,0x90 ; COM 378E
    mov al,0x0C ; row 169, slot 3
    out dx,al
    db 0x90,0x90,0x90 ; COM 3793
    mov al,0x2C ; row 169, slot 4
    out dx,al
    db 0x90,0x90 ; COM 3799
    mov al,0x07 ; row 169, slot 5
    out dx,al
    db 0x90,0x90 ; COM 379E
    mov al,0x20 ; row 169, slot 6
    out dx,al
    db 0x90,0x90 ; COM 37A3
    mov al,0x20 ; row 169, slot 7
    out dx,al
    db 0x90,0x90,0x90,0x90,0x90,0x90,0x90,0x90,0x90,0x90,0x90,0x90,0x90 ; COM 37A8
    mov al,0x20 ; row 169, slot 8 (next row lead)
    out dx,al
    db 0x90,0x90,0x90,0x90,0x90,0x90,0x90 ; COM 37B8
row_170:
    mov al,0x20 ; row 170, slot 1
    out dx,al
    db 0x90,0x90 ; COM 37C2
    mov al,0x20 ; row 170, slot 2
    out dx,al
    db 0x90,0x90 ; COM 37C7
    mov al,0x28 ; row 170, slot 3
    out dx,al
    db 0x90,0x90,0x90 ; COM 37CC
    mov al,0x28 ; row 170, slot 4
    out dx,al
    db 0x90,0x90 ; COM 37D2
    mov al,0x20 ; row 170, slot 5
    out dx,al
    db 0x90,0x90 ; COM 37D7
    mov al,0x00 ; row 170, slot 6
    out dx,al
    db 0x90,0x90 ; COM 37DC
    mov al,0x00 ; row 170, slot 7
    out dx,al
    db 0x90,0x90,0x90,0x90,0x90,0x90,0x90,0x90,0x90,0x90,0x90,0x90,0x90 ; COM 37E1
    mov al,0x20 ; row 170, slot 8 (next row lead)
    out dx,al
    db 0x90,0x90,0x90,0x90,0x90,0x90,0x90 ; COM 37F1
row_171:
    mov al,0x00 ; row 171, slot 1
    out dx,al
    db 0x90,0x90 ; COM 37FB
    mov al,0x20 ; row 171, slot 2
    out dx,al
    db 0x90,0x90 ; COM 3800
    mov al,0x10 ; row 171, slot 3
    out dx,al
    db 0x90,0x90,0x90 ; COM 3805
    mov al,0x26 ; row 171, slot 4
    out dx,al
    db 0x90,0x90 ; COM 380B
    mov al,0x20 ; row 171, slot 5
    out dx,al
    db 0x90,0x90 ; COM 3810
    mov al,0x20 ; row 171, slot 6
    out dx,al
    db 0x90,0x90 ; COM 3815
    mov al,0x20 ; row 171, slot 7
    out dx,al
    db 0x90,0x90,0x90,0x90,0x90,0x90,0x90,0x90,0x90,0x90,0x90,0x90,0x90 ; COM 381A
    mov al,0x20 ; row 171, slot 8 (next row lead)
    out dx,al
    db 0x90,0x90,0x90,0x90,0x90,0x90,0x90 ; COM 382A
row_172:
    mov al,0x20 ; row 172, slot 1
    out dx,al
    db 0x90,0x90 ; COM 3834
    mov al,0x08 ; row 172, slot 2
    out dx,al
    db 0x90,0x90 ; COM 3839
    mov al,0x28 ; row 172, slot 3
    out dx,al
    db 0x90,0x90,0x90 ; COM 383E
    mov al,0x18 ; row 172, slot 4
    out dx,al
    db 0x90,0x90 ; COM 3844
    mov al,0x28 ; row 172, slot 5
    out dx,al
    db 0x90,0x90 ; COM 3849
    mov al,0x20 ; row 172, slot 6
    out dx,al
    db 0x90,0x90 ; COM 384E
    mov al,0x00 ; row 172, slot 7
    out dx,al
    db 0x90,0x90,0x90,0x90,0x90,0x90,0x90,0x90,0x90,0x90,0x90,0x90,0x90 ; COM 3853
    mov al,0x00 ; row 172, slot 8 (next row lead)
    out dx,al
    db 0x90,0x90,0x90,0x90,0x90,0x90,0x90 ; COM 3863
row_173:
    mov al,0x20 ; row 173, slot 1
    out dx,al
    db 0x90,0x90 ; COM 386D
    mov al,0x00 ; row 173, slot 2
    out dx,al
    db 0x90,0x90 ; COM 3872
    mov al,0x00 ; row 173, slot 3
    out dx,al
    db 0x90,0x90,0x90 ; COM 3877
    mov al,0x28 ; row 173, slot 4
    out dx,al
    db 0x90,0x90 ; COM 387D
    mov al,0x20 ; row 173, slot 5
    out dx,al
    db 0x90,0x90 ; COM 3882
    mov al,0x00 ; row 173, slot 6
    out dx,al
    db 0x90,0x90 ; COM 3887
    mov al,0x20 ; row 173, slot 7
    out dx,al
    db 0x90,0x90,0x90,0x90,0x90,0x90,0x90,0x90,0x90,0x90,0x90,0x90,0x90 ; COM 388C
    mov al,0x20 ; row 173, slot 8 (next row lead)
    out dx,al
    db 0x90,0x90,0x90,0x90,0x90,0x90,0x90 ; COM 389C
row_174:
    mov al,0x20 ; row 174, slot 1
    out dx,al
    db 0x90,0x90 ; COM 38A6
    mov al,0x28 ; row 174, slot 2
    out dx,al
    db 0x90,0x90 ; COM 38AB
    mov al,0x10 ; row 174, slot 3
    out dx,al
    db 0x90,0x90,0x90 ; COM 38B0
    mov al,0x18 ; row 174, slot 4
    out dx,al
    db 0x90,0x90 ; COM 38B6
    mov al,0x20 ; row 174, slot 5
    out dx,al
    db 0x90,0x90 ; COM 38BB
    mov al,0x00 ; row 174, slot 6
    out dx,al
    db 0x90,0x90 ; COM 38C0
    mov al,0x00 ; row 174, slot 7
    out dx,al
    db 0x90,0x90,0x90,0x90,0x90,0x90,0x90,0x90,0x90,0x90,0x90,0x90,0x90 ; COM 38C5
    mov al,0x20 ; row 174, slot 8 (next row lead)
    out dx,al
    db 0x90,0x90,0x90,0x90,0x90,0x90,0x90 ; COM 38D5
row_175:
    mov al,0x20 ; row 175, slot 1
    out dx,al
    db 0x90,0x90 ; COM 38DF
    mov al,0x20 ; row 175, slot 2
    out dx,al
    db 0x90,0x90 ; COM 38E4
    mov al,0x28 ; row 175, slot 3
    out dx,al
    db 0x90,0x90,0x90 ; COM 38E9
    mov al,0x28 ; row 175, slot 4
    out dx,al
    db 0x90,0x90 ; COM 38EF
    mov al,0x28 ; row 175, slot 5
    out dx,al
    db 0x90,0x90 ; COM 38F4
    mov al,0x20 ; row 175, slot 6
    out dx,al
    db 0x90,0x90 ; COM 38F9
    mov al,0x20 ; row 175, slot 7
    out dx,al
    db 0x90,0x90,0x90,0x90,0x90,0x90,0x90,0x90,0x90,0x90,0x90,0x90,0x90 ; COM 38FE
    mov al,0x00 ; row 175, slot 8 (next row lead)
    out dx,al
    db 0x90,0x90,0x90,0x90,0x90,0x90,0x90 ; COM 390E
row_176:
    mov al,0x00 ; row 176, slot 1
    out dx,al
    db 0x90,0x90 ; COM 3918
    mov al,0x28 ; row 176, slot 2
    out dx,al
    db 0x90,0x90 ; COM 391D
    mov al,0x00 ; row 176, slot 3
    out dx,al
    db 0x90,0x90,0x90 ; COM 3922
    mov al,0x08 ; row 176, slot 4
    out dx,al
    db 0x90,0x90 ; COM 3928
    mov al,0x20 ; row 176, slot 5
    out dx,al
    db 0x90,0x90 ; COM 392D
    mov al,0x00 ; row 176, slot 6
    out dx,al
    db 0x90,0x90 ; COM 3932
    mov al,0x00 ; row 176, slot 7
    out dx,al
    db 0x90,0x90,0x90,0x90,0x90,0x90,0x90,0x90,0x90,0x90,0x90,0x90,0x90 ; COM 3937
    mov al,0x20 ; row 176, slot 8 (next row lead)
    out dx,al
    db 0x90,0x90,0x90,0x90,0x90,0x90,0x90 ; COM 3947
row_177:
    mov al,0x20 ; row 177, slot 1
    out dx,al
    db 0x90,0x90 ; COM 3951
    mov al,0x00 ; row 177, slot 2
    out dx,al
    db 0x90,0x90 ; COM 3956
    mov al,0x20 ; row 177, slot 3
    out dx,al
    db 0x90,0x90,0x90 ; COM 395B
    mov al,0x20 ; row 177, slot 4
    out dx,al
    db 0x90,0x90 ; COM 3961
    mov al,0x28 ; row 177, slot 5
    out dx,al
    db 0x90,0x90 ; COM 3966
    mov al,0x20 ; row 177, slot 6
    out dx,al
    db 0x90,0x90 ; COM 396B
    mov al,0x20 ; row 177, slot 7
    out dx,al
    db 0x90,0x90,0x90,0x90,0x90,0x90,0x90,0x90,0x90,0x90,0x90,0x90,0x90 ; COM 3970
    mov al,0x20 ; row 177, slot 8 (next row lead)
    out dx,al
    db 0x90,0x90,0x90,0x90,0x90,0x90,0x90 ; COM 3980
row_178:
    mov al,0x20 ; row 178, slot 1
    out dx,al
    db 0x90,0x90 ; COM 398A
    mov al,0x08 ; row 178, slot 2
    out dx,al
    db 0x90,0x90 ; COM 398F
    mov al,0x00 ; row 178, slot 3
    out dx,al
    db 0x90,0x90,0x90 ; COM 3994
    mov al,0x18 ; row 178, slot 4
    out dx,al
    db 0x90,0x90 ; COM 399A
    mov al,0x20 ; row 178, slot 5
    out dx,al
    db 0x90,0x90 ; COM 399F
    mov al,0x08 ; row 178, slot 6
    out dx,al
    db 0x90,0x90 ; COM 39A4
    mov al,0x20 ; row 178, slot 7
    out dx,al
    db 0x90,0x90,0x90,0x90,0x90,0x90,0x90,0x90,0x90,0x90,0x90,0x90,0x90 ; COM 39A9
    mov al,0x00 ; row 178, slot 8 (next row lead)
    out dx,al
    db 0x90,0x90,0x90,0x90,0x90,0x90,0x90 ; COM 39B9
row_179:
    mov al,0x20 ; row 179, slot 1
    out dx,al
    db 0x90,0x90 ; COM 39C3
    mov al,0x20 ; row 179, slot 2
    out dx,al
    db 0x90,0x90 ; COM 39C8
    mov al,0x20 ; row 179, slot 3
    out dx,al
    db 0x90,0x90,0x90 ; COM 39CD
    mov al,0x28 ; row 179, slot 4
    out dx,al
    db 0x90,0x90 ; COM 39D3
    mov al,0x28 ; row 179, slot 5
    out dx,al
    db 0x90,0x90 ; COM 39D8
    mov al,0x20 ; row 179, slot 6
    out dx,al
    db 0x90,0x90 ; COM 39DD
    mov al,0x00 ; row 179, slot 7
    out dx,al
    db 0x90,0x90,0x90,0x90,0x90,0x90,0x90,0x90,0x90,0x90,0x90,0x90,0x90 ; COM 39E2
    mov al,0x20 ; row 179, slot 8 (next row lead)
    out dx,al
    db 0x90,0x90,0x90,0x90,0x90,0x90,0x90 ; COM 39F2
row_180:
    mov al,0x00 ; row 180, slot 1
    out dx,al
    db 0x90,0x90 ; COM 39FC
    mov al,0x08 ; row 180, slot 2
    out dx,al
    db 0x90,0x90 ; COM 3A01
    mov al,0x00 ; row 180, slot 3
    out dx,al
    db 0x90,0x90,0x90 ; COM 3A06
    mov al,0x18 ; row 180, slot 4
    out dx,al
    db 0x90,0x90 ; COM 3A0C
    mov al,0x20 ; row 180, slot 5
    out dx,al
    db 0x90,0x90 ; COM 3A11
    mov al,0x20 ; row 180, slot 6
    out dx,al
    db 0x90,0x90 ; COM 3A16
    mov al,0x00 ; row 180, slot 7
    out dx,al
    db 0x90,0x90,0x90,0x90,0x90,0x90,0x90,0x90,0x90,0x90,0x90,0x90,0x90 ; COM 3A1B
    mov al,0x20 ; row 180, slot 8 (next row lead)
    out dx,al
    db 0x90,0x90,0x90,0x90,0x90,0x90,0x90 ; COM 3A2B
row_181:
    mov al,0x20 ; row 181, slot 1
    out dx,al
    db 0x90,0x90 ; COM 3A35
    mov al,0x00 ; row 181, slot 2
    out dx,al
    db 0x90,0x90 ; COM 3A3A
    mov al,0x20 ; row 181, slot 3
    out dx,al
    db 0x90,0x90,0x90 ; COM 3A3F
    mov al,0x28 ; row 181, slot 4
    out dx,al
    db 0x90,0x90 ; COM 3A45
    mov al,0x28 ; row 181, slot 5
    out dx,al
    db 0x90,0x90 ; COM 3A4A
    mov al,0x00 ; row 181, slot 6
    out dx,al
    db 0x90,0x90 ; COM 3A4F
    mov al,0x20 ; row 181, slot 7
    out dx,al
    db 0x90,0x90,0x90,0x90,0x90,0x90,0x90,0x90,0x90,0x90,0x90,0x90,0x90 ; COM 3A54
    mov al,0x20 ; row 181, slot 8 (next row lead)
    out dx,al
    db 0x90,0x90,0x90,0x90,0x90,0x90,0x90 ; COM 3A64
row_182:
    mov al,0x00 ; row 182, slot 1
    out dx,al
    db 0x90,0x90 ; COM 3A6E
    mov al,0x28 ; row 182, slot 2
    out dx,al
    db 0x90,0x90 ; COM 3A73
    mov al,0x00 ; row 182, slot 3
    out dx,al
    db 0x90,0x90,0x90 ; COM 3A78
    mov al,0x08 ; row 182, slot 4
    out dx,al
    db 0x90,0x90 ; COM 3A7E
    mov al,0x28 ; row 182, slot 5
    out dx,al
    db 0x90,0x90 ; COM 3A83
    mov al,0x20 ; row 182, slot 6
    out dx,al
    db 0x90,0x90 ; COM 3A88
    mov al,0x00 ; row 182, slot 7
    out dx,al
    db 0x90,0x90,0x90,0x90,0x90,0x90,0x90,0x90,0x90,0x90,0x90,0x90,0x90 ; COM 3A8D
    mov al,0x00 ; row 182, slot 8 (next row lead)
    out dx,al
    db 0x90,0x90,0x90,0x90,0x90,0x90,0x90 ; COM 3A9D
row_183:
    mov al,0x20 ; row 183, slot 1
    out dx,al
    db 0x90,0x90 ; COM 3AA7
    mov al,0x28 ; row 183, slot 2
    out dx,al
    db 0x90,0x90 ; COM 3AAC
    mov al,0x00 ; row 183, slot 3
    out dx,al
    db 0x90,0x90,0x90 ; COM 3AB1
    mov al,0x20 ; row 183, slot 4
    out dx,al
    db 0x90,0x90 ; COM 3AB7
    mov al,0x28 ; row 183, slot 5
    out dx,al
    db 0x90,0x90 ; COM 3ABC
    mov al,0x20 ; row 183, slot 6
    out dx,al
    db 0x90,0x90 ; COM 3AC1
    mov al,0x20 ; row 183, slot 7
    out dx,al
    db 0x90,0x90,0x90,0x90,0x90,0x90,0x90,0x90,0x90,0x90,0x90,0x90,0x90 ; COM 3AC6
    mov al,0x20 ; row 183, slot 8 (next row lead)
    out dx,al
    db 0x90,0x90,0x90,0x90,0x90,0x90,0x90 ; COM 3AD6
row_184:
    mov al,0x00 ; row 184, slot 1
    out dx,al
    db 0x90,0x90 ; COM 3AE0
    mov al,0x20 ; row 184, slot 2
    out dx,al
    db 0x90,0x90 ; COM 3AE5
    mov al,0x20 ; row 184, slot 3
    out dx,al
    db 0x90,0x90,0x90 ; COM 3AEA
    mov al,0x08 ; row 184, slot 4
    out dx,al
    db 0x90,0x90 ; COM 3AF0
    mov al,0x28 ; row 184, slot 5
    out dx,al
    db 0x90,0x90 ; COM 3AF5
    mov al,0x00 ; row 184, slot 6
    out dx,al
    db 0x90,0x90 ; COM 3AFA
    mov al,0x00 ; row 184, slot 7
    out dx,al
    db 0x90,0x90,0x90,0x90,0x90,0x90,0x90,0x90,0x90,0x90,0x90,0x90,0x90 ; COM 3AFF
    mov al,0x20 ; row 184, slot 8 (next row lead)
    out dx,al
    db 0x90,0x90,0x90,0x90,0x90,0x90,0x90 ; COM 3B0F
row_185:
    mov al,0x20 ; row 185, slot 1
    out dx,al
    db 0x90,0x90 ; COM 3B19
    mov al,0x28 ; row 185, slot 2
    out dx,al
    db 0x90,0x90 ; COM 3B1E
    mov al,0x00 ; row 185, slot 3
    out dx,al
    db 0x90,0x90,0x90 ; COM 3B23
    mov al,0x20 ; row 185, slot 4
    out dx,al
    db 0x90,0x90 ; COM 3B29
    mov al,0x28 ; row 185, slot 5
    out dx,al
    db 0x90,0x90 ; COM 3B2E
    mov al,0x20 ; row 185, slot 6
    out dx,al
    db 0x90,0x90 ; COM 3B33
    mov al,0x20 ; row 185, slot 7
    out dx,al
    db 0x90,0x90,0x90,0x90,0x90,0x90,0x90,0x90,0x90,0x90,0x90,0x90,0x90 ; COM 3B38
    mov al,0x00 ; row 185, slot 8 (next row lead)
    out dx,al
    db 0x90,0x90,0x90,0x90,0x90,0x90,0x90 ; COM 3B48
row_186:
    mov al,0x00 ; row 186, slot 1
    out dx,al
    db 0x90,0x90 ; COM 3B52
    mov al,0x28 ; row 186, slot 2
    out dx,al
    db 0x90,0x90 ; COM 3B57
    mov al,0x00 ; row 186, slot 3
    out dx,al
    db 0x90,0x90,0x90 ; COM 3B5C
    mov al,0x08 ; row 186, slot 4
    out dx,al
    db 0x90,0x90 ; COM 3B62
    mov al,0x28 ; row 186, slot 5
    out dx,al
    db 0x90,0x90 ; COM 3B67
    mov al,0x28 ; row 186, slot 6
    out dx,al
    db 0x90,0x90 ; COM 3B6C
    mov al,0x20 ; row 186, slot 7
    out dx,al
    db 0x90,0x90,0x90,0x90,0x90,0x90,0x90,0x90,0x90,0x90,0x90,0x90,0x90 ; COM 3B71
    mov al,0x20 ; row 186, slot 8 (next row lead)
    out dx,al
    db 0x90,0x90,0x90,0x90,0x90,0x90,0x90 ; COM 3B81
row_187:
    mov al,0x20 ; row 187, slot 1
    out dx,al
    db 0x90,0x90 ; COM 3B8B
    mov al,0x00 ; row 187, slot 2
    out dx,al
    db 0x90,0x90 ; COM 3B90
    mov al,0x20 ; row 187, slot 3
    out dx,al
    db 0x90,0x90,0x90 ; COM 3B95
    mov al,0x20 ; row 187, slot 4
    out dx,al
    db 0x90,0x90 ; COM 3B9B
    mov al,0x28 ; row 187, slot 5
    out dx,al
    db 0x90,0x90 ; COM 3BA0
    mov al,0x20 ; row 187, slot 6
    out dx,al
    db 0x90,0x90 ; COM 3BA5
    mov al,0x20 ; row 187, slot 7
    out dx,al
    db 0x90,0x90,0x90,0x90,0x90,0x90,0x90,0x90,0x90,0x90,0x90,0x90,0x90 ; COM 3BAA
    mov al,0x20 ; row 187, slot 8 (next row lead)
    out dx,al
    db 0x90,0x90,0x90,0x90,0x90,0x90,0x90 ; COM 3BBA
row_188:
    mov al,0x20 ; row 188, slot 1
    out dx,al
    db 0x90,0x90 ; COM 3BC4
    mov al,0x28 ; row 188, slot 2
    out dx,al
    db 0x90,0x90 ; COM 3BC9
    mov al,0x00 ; row 188, slot 3
    out dx,al
    db 0x90,0x90,0x90 ; COM 3BCE
    mov al,0x08 ; row 188, slot 4
    out dx,al
    db 0x90,0x90 ; COM 3BD4
    mov al,0x28 ; row 188, slot 5
    out dx,al
    db 0x90,0x90 ; COM 3BD9
    mov al,0x20 ; row 188, slot 6
    out dx,al
    db 0x90,0x90 ; COM 3BDE
    mov al,0x00 ; row 188, slot 7
    out dx,al
    db 0x90,0x90,0x90,0x90,0x90,0x90,0x90,0x90,0x90,0x90,0x90,0x90,0x90 ; COM 3BE3
    mov al,0x20 ; row 188, slot 8 (next row lead)
    out dx,al
    db 0x90,0x90,0x90,0x90,0x90,0x90,0x90 ; COM 3BF3
row_189:
    mov al,0x00 ; row 189, slot 1
    out dx,al
    db 0x90,0x90 ; COM 3BFD
    mov al,0x28 ; row 189, slot 2
    out dx,al
    db 0x90,0x90 ; COM 3C02
    mov al,0x20 ; row 189, slot 3
    out dx,al
    db 0x90,0x90,0x90 ; COM 3C07
    mov al,0x20 ; row 189, slot 4
    out dx,al
    db 0x90,0x90 ; COM 3C0D
    mov al,0x28 ; row 189, slot 5
    out dx,al
    db 0x90,0x90 ; COM 3C12
    mov al,0x07 ; row 189, slot 6
    out dx,al
    db 0x90,0x90 ; COM 3C17
    mov al,0x20 ; row 189, slot 7
    out dx,al
    db 0x90,0x90,0x90,0x90,0x90,0x90,0x90,0x90,0x90,0x90,0x90,0x90,0x90 ; COM 3C1C
    mov al,0x20 ; row 189, slot 8 (next row lead)
    out dx,al
    db 0x90,0x90,0x90,0x90,0x90,0x90,0x90 ; COM 3C2C
row_190:
    mov al,0x20 ; row 190, slot 1
    out dx,al
    db 0x90,0x90 ; COM 3C36
    mov al,0x28 ; row 190, slot 2
    out dx,al
    db 0x90,0x90 ; COM 3C3B
    mov al,0x20 ; row 190, slot 3
    out dx,al
    db 0x90,0x90,0x90 ; COM 3C40
    mov al,0x20 ; row 190, slot 4
    out dx,al
    db 0x90,0x90 ; COM 3C46
    mov al,0x28 ; row 190, slot 5
    out dx,al
    db 0x90,0x90 ; COM 3C4B
    mov al,0x20 ; row 190, slot 6
    out dx,al
    db 0x90,0x90 ; COM 3C50
    mov al,0x00 ; row 190, slot 7
    out dx,al
    db 0x90,0x90,0x90,0x90,0x90,0x90,0x90,0x90,0x90,0x90,0x90,0x90,0x90 ; COM 3C55
    mov al,0x00 ; row 190, slot 8 (next row lead)
    out dx,al
    db 0x90,0x90,0x90,0x90,0x90,0x90,0x90 ; COM 3C65
row_191:
    mov al,0x00 ; row 191, slot 1
    out dx,al
    db 0x90,0x90 ; COM 3C6F
    mov al,0x20 ; row 191, slot 2
    out dx,al
    db 0x90,0x90 ; COM 3C74
    mov al,0x00 ; row 191, slot 3
    out dx,al
    db 0x90,0x90,0x90 ; COM 3C79
    mov al,0x08 ; row 191, slot 4
    out dx,al
    db 0x90,0x90 ; COM 3C7F
    mov al,0x28 ; row 191, slot 5
    out dx,al
    db 0x90,0x90 ; COM 3C84
    mov al,0x20 ; row 191, slot 6
    out dx,al
    db 0x90,0x90 ; COM 3C89
    mov al,0x20 ; row 191, slot 7
    out dx,al
    db 0x90,0x90,0x90,0x90,0x90,0x90,0x90,0x90,0x90,0x90,0x90,0x90,0x90 ; COM 3C8E
    mov al,0x20 ; row 191, slot 8 (next row lead)
    out dx,al
    db 0x90,0x90,0x90,0x90,0x90,0x90,0x90 ; COM 3C9E
row_192:
    mov al,0x20 ; row 192, slot 1
    out dx,al
    db 0x90,0x90 ; COM 3CA8
    mov al,0x28 ; row 192, slot 2
    out dx,al
    db 0x90,0x90 ; COM 3CAD
    mov al,0x20 ; row 192, slot 3
    out dx,al
    db 0x90,0x90,0x90 ; COM 3CB2
    mov al,0x20 ; row 192, slot 4
    out dx,al
    db 0x90,0x90 ; COM 3CB8
    mov al,0x28 ; row 192, slot 5
    out dx,al
    db 0x90,0x90 ; COM 3CBD
    mov al,0x28 ; row 192, slot 6
    out dx,al
    db 0x90,0x90 ; COM 3CC2
    mov al,0x20 ; row 192, slot 7
    out dx,al
    db 0x90,0x90,0x90,0x90,0x90,0x90,0x90,0x90,0x90,0x90,0x90,0x90,0x90 ; COM 3CC7
    mov al,0x20 ; row 192, slot 8 (next row lead)
    out dx,al
    db 0x90,0x90,0x90,0x90,0x90,0x90,0x90 ; COM 3CD7
row_193:
    mov al,0x00 ; row 193, slot 1
    out dx,al
    db 0x90,0x90 ; COM 3CE1
    mov al,0x28 ; row 193, slot 2
    out dx,al
    db 0x90,0x90 ; COM 3CE6
    mov al,0x00 ; row 193, slot 3
    out dx,al
    db 0x90,0x90,0x90 ; COM 3CEB
    mov al,0x00 ; row 193, slot 4
    out dx,al
    db 0x90,0x90 ; COM 3CF1
    mov al,0x28 ; row 193, slot 5
    out dx,al
    db 0x90,0x90 ; COM 3CF6
    mov al,0x20 ; row 193, slot 6
    out dx,al
    db 0x90,0x90 ; COM 3CFB
    mov al,0x00 ; row 193, slot 7
    out dx,al
    db 0x90,0x90,0x90,0x90,0x90,0x90,0x90,0x90,0x90,0x90,0x90,0x90,0x90 ; COM 3D00
    mov al,0x00 ; row 193, slot 8 (next row lead)
    out dx,al
    db 0x90,0x90,0x90,0x90,0x90,0x90,0x90 ; COM 3D10
row_194:
    mov al,0x20 ; row 194, slot 1
    out dx,al
    db 0x90,0x90 ; COM 3D1A
    mov al,0x00 ; row 194, slot 2
    out dx,al
    db 0x90,0x90 ; COM 3D1F
    mov al,0x28 ; row 194, slot 3
    out dx,al
    db 0x90,0x90,0x90 ; COM 3D24
    mov al,0x20 ; row 194, slot 4
    out dx,al
    db 0x90,0x90 ; COM 3D2A
    mov al,0x28 ; row 194, slot 5
    out dx,al
    db 0x90,0x90 ; COM 3D2F
    mov al,0x20 ; row 194, slot 6
    out dx,al
    db 0x90,0x90 ; COM 3D34
    mov al,0x00 ; row 194, slot 7
    out dx,al
    db 0x90,0x90,0x90,0x90,0x90,0x90,0x90,0x90,0x90,0x90,0x90,0x90,0x90 ; COM 3D39
    mov al,0x20 ; row 194, slot 8 (next row lead)
    out dx,al
    db 0x90,0x90,0x90,0x90,0x90,0x90,0x90 ; COM 3D49
row_195:
    mov al,0x00 ; row 195, slot 1
    out dx,al
    db 0x90,0x90 ; COM 3D53
    mov al,0x28 ; row 195, slot 2
    out dx,al
    db 0x90,0x90 ; COM 3D58
    mov al,0x20 ; row 195, slot 3
    out dx,al
    db 0x90,0x90,0x90 ; COM 3D5D
    mov al,0x20 ; row 195, slot 4
    out dx,al
    db 0x90,0x90 ; COM 3D63
    mov al,0x28 ; row 195, slot 5
    out dx,al
    db 0x90,0x90 ; COM 3D68
    mov al,0x28 ; row 195, slot 6
    out dx,al
    db 0x90,0x90 ; COM 3D6D
    mov al,0x20 ; row 195, slot 7
    out dx,al
    db 0x90,0x90,0x90,0x90,0x90,0x90,0x90,0x90,0x90,0x90,0x90,0x90,0x90 ; COM 3D72
    mov al,0x20 ; row 195, slot 8 (next row lead)
    out dx,al
    db 0x90,0x90,0x90,0x90,0x90,0x90,0x90 ; COM 3D82
row_196:
    mov al,0x28 ; row 196, slot 1
    out dx,al
    db 0x90,0x90 ; COM 3D8C
    mov al,0x28 ; row 196, slot 2
    out dx,al
    db 0x90,0x90 ; COM 3D91
    mov al,0x00 ; row 196, slot 3
    out dx,al
    db 0x90,0x90,0x90 ; COM 3D96
    mov al,0x08 ; row 196, slot 4
    out dx,al
    db 0x90,0x90 ; COM 3D9C
    mov al,0x28 ; row 196, slot 5
    out dx,al
    db 0x90,0x90 ; COM 3DA1
    mov al,0x20 ; row 196, slot 6
    out dx,al
    db 0x90,0x90 ; COM 3DA6
    mov al,0x00 ; row 196, slot 7
    out dx,al
    db 0x90,0x90,0x90,0x90,0x90,0x90,0x90,0x90,0x90,0x90,0x90,0x90,0x90 ; COM 3DAB
    mov al,0x20 ; row 196, slot 8 (next row lead)
    out dx,al
    db 0x90,0x90,0x90,0x90,0x90,0x90,0x90 ; COM 3DBB
row_197:
    mov al,0x20 ; row 197, slot 1
    out dx,al
    db 0x90,0x90 ; COM 3DC5
    mov al,0x28 ; row 197, slot 2
    out dx,al
    db 0x90,0x90 ; COM 3DCA
    mov al,0x20 ; row 197, slot 3
    out dx,al
    db 0x90,0x90,0x90 ; COM 3DCF
    mov al,0x20 ; row 197, slot 4
    out dx,al
    db 0x90,0x90 ; COM 3DD5
    mov al,0x28 ; row 197, slot 5
    out dx,al
    db 0x90,0x90 ; COM 3DDA
    mov al,0x20 ; row 197, slot 6
    out dx,al
    db 0x90,0x90 ; COM 3DDF
    mov al,0x20 ; row 197, slot 7
    out dx,al
    db 0x90,0x90,0x90,0x90,0x90,0x90,0x90,0x90,0x90,0x90,0x90,0x90,0x90 ; COM 3DE4
    mov al,0x20 ; row 197, slot 8 (next row lead)
    out dx,al
    db 0x90,0x90,0x90,0x90,0x90,0x90,0x90 ; COM 3DF4
row_198:
    mov al,0x00 ; row 198, slot 1
    out dx,al
    db 0x90,0x90 ; COM 3DFE
    mov al,0x28 ; row 198, slot 2
    out dx,al
    db 0x90,0x90 ; COM 3E03
    mov al,0x00 ; row 198, slot 3
    out dx,al
    db 0x90,0x90,0x90 ; COM 3E08
    mov al,0x20 ; row 198, slot 4
    out dx,al
    db 0x90,0x90 ; COM 3E0E
    mov al,0x28 ; row 198, slot 5
    out dx,al
    db 0x90,0x90 ; COM 3E13
    mov al,0x08 ; row 198, slot 6
    out dx,al
    db 0x90,0x90 ; COM 3E18
    mov al,0x20 ; row 198, slot 7
    out dx,al
    db 0x90,0x90,0x90,0x90,0x90,0x90,0x90,0x90,0x90,0x90,0x90,0x90,0x90 ; COM 3E1D
    mov al,0x20 ; row 198, slot 8 (next row lead)
    out dx,al
    db 0x90,0x90,0x90,0x90,0x90,0x90,0x90 ; COM 3E2D
row_199:
    mov al,0x20 ; row 199, slot 1
    out dx,al
    db 0x90,0x90 ; COM 3E37
    mov al,0x20 ; row 199, slot 2
    out dx,al
    db 0x90,0x90 ; COM 3E3C
    mov al,0x28 ; row 199, slot 3
    out dx,al
    db 0x90,0x90,0x90 ; COM 3E41
    mov al,0x08 ; row 199, slot 4
    out dx,al
    db 0x90,0x90 ; COM 3E47
    mov al,0x28 ; row 199, slot 5
    out dx,al
    db 0x90,0x90 ; COM 3E4C
    mov al,0x20 ; row 199, slot 6
    out dx,al
    db 0x90,0x90 ; COM 3E51
    mov al,0x00 ; row 199, slot 7
    out dx,al
    db 0x90,0x90,0x90,0x90,0x90,0x90,0x90,0x90,0x90,0x90,0x90,0x90,0x90 ; COM 3E56
    mov al,0x00 ; row 199, slot 8 (next row lead)
    out dx,al
    db 0x90,0x90,0x90,0x90,0x90,0x90 ; COM 3E66

; Vertical blanking: keyboard and frame control
    db 0xE4,0x60,0x3C,0x01,0x74,0x1E,0xE4,0x61,0x88,0xC4,0x0C,0x80,0xE6,0x61,0x88,0xE0 ; COM 3E6C
    db 0xE6,0x61,0x2E,0xFF,0x0E,0x13,0x0E,0x74,0x0B,0xB0,0x20,0xE6,0x20,0xBC,0x94,0xEC ; COM 3E7C
    db 0xFB,0xF4,0xEB,0xFC,0xE9,0x6D,0xCD,0xB0,0x70,0xE6,0x43,0x30,0xC0,0xE6,0x41,0xE6 ; COM 3E8C
    db 0x41,0xB8,0x30,0x4D,0xE6,0x40,0x88,0xE0,0xE6,0x40,0x31,0xC0,0x8E,0xC0,0x26,0xC7 ; COM 3E9C
    db 0x06,0x20,0x00,0x00,0x10,0xB0,0x20,0xE6,0x20,0xBC,0x94,0xEC,0xFB,0xF4,0xEB,0xFE ; COM 3EAC
    db 0x00,0x00,0x00,0x00,0x00,0x00,0x00,0x00,0x00,0x00,0x00,0x00,0x00,0x00,0x00,0x00 ; COM 3EBC
    db 0x00,0x00,0x00,0x00,0x00,0x00,0x00,0x00,0x00,0x00,0x00,0x00,0x00,0x00,0x00,0x00 ; COM 3ECC
    db 0x00,0x00,0x00,0x00,0x00,0x00,0x00,0x00,0x00,0x00,0x00,0x00,0x00,0x00,0x00,0x00 ; COM 3EDC
    db 0x00,0x00,0x00,0x00,0x00,0x00,0x00,0x00,0x00,0x00,0x00,0x00,0x00,0x00,0x00,0x00 ; COM 3EEC
    db 0x00,0x00,0x00,0x00,0x00,0x00,0x00,0x00,0x00,0x00,0x00,0x00,0x00,0x00,0x00,0x00 ; COM 3EFC
    db 0x00,0x00,0x00,0x00,0x00,0x00,0x00,0x00,0x00,0x00,0x00,0x00,0x00,0x00,0x00,0x00 ; COM 3F0C
    db 0x00,0x00,0x00,0x00,0x00,0x00,0x00,0x00,0x00,0x00,0x00,0x00,0x00,0x00,0x00,0x00 ; COM 3F1C
    db 0x00,0x00,0x00,0x00,0x00,0x00,0x00,0x00,0x00,0x00,0x00,0x00,0x00,0x00,0x00,0x00 ; COM 3F2C
    db 0x00,0x00,0x00,0x00,0x00,0x00,0x00,0x00,0x00,0x00,0x00,0x00,0x00,0x00,0x00,0x00 ; COM 3F3C
    db 0x00,0x00,0x00,0x00,0x00,0x00,0x00,0x00,0x00,0x00,0x00,0x00,0x00,0x00,0x00,0x00 ; COM 3F4C
    db 0x00,0x00,0x00,0x00,0x00,0x00,0x00,0x00,0x00,0x00,0x00,0x00,0x00,0x00,0x00,0x00 ; COM 3F5C
    db 0x00,0x00,0x00,0x00,0x00,0x00,0x00,0x00,0x00,0x00,0x00,0x00,0x00,0x00,0x00,0x00 ; COM 3F6C
    db 0x00,0x00,0x00,0x00,0x00,0x00,0x00,0x00,0x00,0x00,0x00,0x00,0x00,0x00,0x00,0x00 ; COM 3F7C
    db 0x00,0x00,0x00,0x00,0x00,0x00,0x00,0x00,0x00,0x00,0x00,0x00,0x00,0x00,0x00,0x00 ; COM 3F8C
    db 0x00,0x00,0x00,0x00,0x00,0x00,0x00,0x00,0x00,0x00,0x00,0x00,0x00,0x00,0x00,0x00 ; COM 3F9C
    db 0x00,0x00,0x00,0x00,0x00,0x00,0x00,0x00,0x00,0x00,0x00,0x00,0x00,0x00,0x00,0x00 ; COM 3FAC
    db 0x00,0x00,0x00,0x00,0x00,0x00,0x00,0x00,0x00,0x00,0x00,0x00,0x00,0x00,0x00,0x00 ; COM 3FBC
    db 0x00,0x00,0x00,0x00,0x00,0x00,0x00,0x00,0x00,0x00,0x00,0x00,0x00,0x00,0x00,0x00 ; COM 3FCC
    db 0x00,0x00,0x00,0x00,0x00,0x00,0x00,0x00,0x00,0x00,0x00,0x00,0x00,0x00,0x00,0x00 ; COM 3FDC
    db 0x00,0x00,0x00,0x00,0x00,0x00,0x00,0x00,0x00,0x00,0x00,0x00,0x00,0x00,0x00,0x00 ; COM 3FEC
    db 0x00,0x00,0x00,0x00,0x00,0x00,0x00,0x00,0x00,0x00,0x00,0x00,0x00,0x00,0x00,0x00 ; COM 3FFC
    db 0x00,0x00,0x00,0x00,0x00,0x00,0x00,0x00,0x00,0x00,0x00,0x00,0x00,0x00,0x00,0x00 ; COM 400C
    db 0x00,0x00,0x00,0x00,0x00,0x00,0x00,0x00,0x00,0x00,0x00,0x00,0x00,0x00,0x00,0x00 ; COM 401C
    db 0x00,0x00,0x00,0x00,0x00,0x00,0x00,0x00,0x00,0x00,0x00,0x00,0x00,0x00,0x00,0x00 ; COM 402C
    db 0x00,0x00,0x00,0x00,0x00,0x00,0x00,0x00,0x00,0x00,0x00,0x00,0x00,0x00,0x00,0x00 ; COM 403C
    db 0x00,0x00,0x00,0x00,0x00,0x00,0x00,0x00,0x00,0x00,0x00,0x00,0x00,0x00,0x00,0x00 ; COM 404C
    db 0x00,0x00,0x00,0x00,0x00,0x00,0x00,0x00,0x00,0x00,0x00,0x00,0x00,0x00,0x00,0x00 ; COM 405C
    db 0x00,0x00,0x00,0x00,0x00,0x00,0x00,0x00,0x00,0x00,0x00,0x00,0x00,0x00,0x00,0x00 ; COM 406C
    db 0x00,0x00,0x00,0x00,0x00,0x00,0x00,0x00,0x00,0x00,0x00,0x00,0x00,0x00,0x00,0x00 ; COM 407C
    db 0x00,0x00,0x00,0x00,0x00,0x00,0x00,0x00,0x00,0x00,0x00,0x00,0x00,0x00,0x00,0x00 ; COM 408C
    db 0x00,0x00,0x00,0x00,0x00,0x00,0x00,0x00,0x00,0x00,0x00,0x00,0x00,0x00,0x00,0x00 ; COM 409C
    db 0x00,0x00,0x00,0x00,0x00,0x00,0x00,0x00,0x00,0x00,0x00,0x00,0x00,0x00,0x00,0x00 ; COM 40AC
    db 0x00,0x00,0x00,0x00,0x00,0x00,0x00,0x00,0x00,0x00,0x00,0x00,0x00,0x00,0x00,0x00 ; COM 40BC
    db 0x00,0x00,0x00,0x00,0x00,0x00,0x00,0x00,0x00,0x00,0x00,0x00,0x00,0x00,0x00,0x00 ; COM 40CC
    db 0x00,0x00,0x00,0x00,0x00,0x00,0x00,0x00,0x00,0x00,0x00,0x00,0x00,0x00,0x00,0x00 ; COM 40DC
    db 0x00,0x00,0x00,0x00,0x00,0x00,0x00,0x00,0x00,0x00,0x00,0x00,0x00,0x00,0x00,0x00 ; COM 40EC
    db 0x00,0x00,0x00,0x00,0x00,0x00,0x00,0x00,0x00,0x00,0x00,0x00,0x00,0x00,0x00,0x00 ; COM 40FC
    db 0x00,0x00,0x00,0x00,0x00,0x00,0x00,0x00,0x00,0x00,0x00,0x00,0x00,0x00,0x00,0x00 ; COM 410C
    db 0x00,0x00,0x00,0x00,0x00,0x00,0x00,0x00,0x00,0x00,0x00,0x00,0x00,0x00,0x00,0x00 ; COM 411C
    db 0x00,0x00,0x00,0x00,0x00,0x00,0x00,0x00,0x00,0x00,0x00,0x00,0x00,0x00,0x00,0x00 ; COM 412C
    db 0x00,0x00,0x00,0x00,0x00,0x00,0x00,0x00,0x00,0x00,0x00,0x00,0x00,0x00,0x00,0x00 ; COM 413C
    db 0x00,0x00,0x00,0x00,0x00,0x00,0x00,0x00,0x00,0x00,0x00,0x00,0x00,0x00,0x00,0x00 ; COM 414C
    db 0x00,0x00,0x00,0x00,0x00,0x00,0x00,0x00,0x00,0x00,0x00,0x00,0x00,0x00,0x00,0x00 ; COM 415C
    db 0x00,0x00,0x00,0x00,0x00,0x00,0x00,0x00,0x00,0x00,0x00,0x00,0x00,0x00,0x00,0x00 ; COM 416C
    db 0x00,0x00,0x00,0x00,0x00,0x00,0x00,0x00,0x00,0x00,0x00,0x00,0x00,0x00,0x00,0x00 ; COM 417C
    db 0x00,0x00,0x00,0x00,0x00,0x00,0x00,0x00,0x00,0x00,0x00,0x00,0x00,0x00,0x00,0x00 ; COM 418C
    db 0x00,0x00,0x00,0x00,0x00,0x00,0x00,0x00,0x00,0x00,0x00,0x00,0x00,0x00,0x00,0x00 ; COM 419C
    db 0x00,0x00,0x00,0x00,0x00,0x00,0x00,0x00,0x00,0x00,0x00,0x00,0x00,0x00,0x00,0x00 ; COM 41AC
    db 0x00,0x00,0x00,0x00,0x00,0x00,0x00,0x00,0x00,0x00,0x00,0x00,0x00,0x00,0x00,0x00 ; COM 41BC
    db 0x00,0x00,0x00,0x00,0x00,0x00,0x00,0x00,0x00,0x00,0x00,0x00,0x00,0x00,0x00,0x00 ; COM 41CC
    db 0x00,0x00,0x00,0x00,0x00,0x00,0x00,0x00,0x00,0x00,0x00,0x00,0x00,0x00,0x00,0x00 ; COM 41DC
    db 0x00,0x00,0x00,0x00,0x00,0x00,0x00,0x00,0x00,0x00,0x00,0x00,0x00,0x00,0x00,0x00 ; COM 41EC
    db 0x00,0x00,0x00,0x00,0x00,0x00,0x00,0x00,0x00,0x00,0x00,0x00,0x00,0x00,0x00,0x00 ; COM 41FC
    db 0x00,0x00,0x00,0x00,0x00,0x00,0x00,0x00,0x00,0x00,0x00,0x00,0x00,0x00,0x00,0x00 ; COM 420C
    db 0x00,0x00,0x00,0x00,0x00,0x00,0x00,0x00,0x00,0x00,0x00,0x00,0x00,0x00,0x00,0x00 ; COM 421C
    db 0x00,0x00,0x00,0x00,0x00,0x00,0x00,0x00,0x00,0x00,0x00,0x00,0x00,0x00,0x00,0x00 ; COM 422C
    db 0x00,0x00,0x00,0x00,0x00,0x00,0x00,0x00,0x00,0x00,0x00,0x00,0x00,0x00,0x00,0x00 ; COM 423C
    db 0x00,0x00,0x00,0x00,0x00,0x00,0x00,0x00,0x00,0x00,0x00,0x00,0x00,0x00,0x00,0x00 ; COM 424C
    db 0x00,0x00,0x00,0x00,0x00,0x00,0x00,0x00,0x00,0x00,0x00,0x00,0x00,0x00,0x00,0x00 ; COM 425C
    db 0x00,0x00,0x00,0x00,0x00,0x00,0x00,0x00,0x00,0x00,0x00,0x00,0x00,0x00,0x00,0x00 ; COM 426C
    db 0x00,0x00,0x00,0x00,0x00,0x00,0x00,0x00,0x00,0x00,0x00,0x00,0x00,0x00,0x00,0x00 ; COM 427C
    db 0x00,0x00,0x00,0x00,0x00,0x00,0x00,0x00,0x00,0x00,0x00,0x00,0x00,0x00,0x00,0x00 ; COM 428C
    db 0x00,0x00,0x00,0x00,0x00,0x00,0x00,0x00,0x00,0x00,0x00,0x00,0x00,0x00,0x00,0x00 ; COM 429C
    db 0x00,0x00,0x00,0x00,0x00,0x00,0x00,0x00,0x00,0x00,0x00,0x00,0x00,0x00,0x00,0x00 ; COM 42AC
    db 0x00,0x00,0x00,0x00,0x00,0x00,0x00,0x00,0x00,0x00,0x00,0x00,0x00,0x00,0x00,0x00 ; COM 42BC
    db 0x00,0x00,0x00,0x00,0x00,0x00,0x00,0x00,0x00,0x00,0x00,0x00,0x00,0x00,0x00,0x00 ; COM 42CC
    db 0x00,0x00,0x00,0x00,0x00,0x00,0x00,0x00,0x00,0x00,0x00,0x00,0x00,0x00,0x00,0x00 ; COM 42DC
    db 0x00,0x00,0x00,0x00,0x00,0x00,0x00,0x00,0x00,0x00,0x00,0x00,0x00,0x00,0x00,0x00 ; COM 42EC
    db 0x00,0x00,0x00,0x00,0x00,0x00,0x00,0x00,0x00,0x00,0x00,0x00,0x00,0x00,0x00,0x00 ; COM 42FC
    db 0x00,0x00,0x00,0x00,0x00,0x00,0x00,0x00,0x00,0x00,0x00,0x00,0x00,0x00,0x00,0x00 ; COM 430C
    db 0x00,0x00,0x00,0x00,0x00,0x00,0x00,0x00,0x00,0x00,0x00,0x00,0x00,0x00,0x00,0x00 ; COM 431C
    db 0x00,0x00,0x00,0x00,0x00,0x00,0x00,0x00,0x00,0x00,0x00,0x00,0x00,0x00,0x00,0x00 ; COM 432C
    db 0x00,0x00,0x00,0x00,0x00,0x00,0x00,0x00,0x00,0x00,0x00,0x00,0x00,0x00,0x00,0x00 ; COM 433C
    db 0x00,0x00,0x00,0x00,0x00,0x00,0x00,0x00,0x00,0x00,0x00,0x00,0x00,0x00,0x00,0x00 ; COM 434C
    db 0x00,0x00,0x00,0x00,0x00,0x00,0x00,0x00,0x00,0x00,0x00,0x00,0x00,0x00,0x00,0x00 ; COM 435C
    db 0x00,0x00,0x00,0x00,0x00,0x00,0x00,0x00,0x00,0x00,0x00,0x00,0x00,0x00,0x00,0x00 ; COM 436C
    db 0x00,0x00,0x00,0x00,0x00,0x00,0x00,0x00,0x00,0x00,0x00,0x00,0x00,0x00,0x00,0x00 ; COM 437C
    db 0x00,0x00,0x00,0x00,0x00,0x00,0x00,0x00,0x00,0x00,0x00,0x00,0x00,0x00,0x00,0x00 ; COM 438C
    db 0x00,0x00,0x00,0x00,0x00,0x00,0x00,0x00,0x00,0x00,0x00,0x00,0x00,0x00,0x00,0x00 ; COM 439C
    db 0x00,0x00,0x00,0x00,0x00,0x00,0x00,0x00,0x00,0x00,0x00,0x00,0x00,0x00,0x00,0x00 ; COM 43AC
    db 0x00,0x00,0x00,0x00,0x00,0x00,0x00,0x00,0x00,0x00,0x00,0x00,0x00,0x00,0x00,0x00 ; COM 43BC
    db 0x00,0x00,0x00,0x00,0x00,0x00,0x00,0x00,0x00,0x00,0x00,0x00,0x00,0x00,0x00,0x00 ; COM 43CC
    db 0x00,0x00,0x00,0x00,0x00,0x00,0x00,0x00,0x00,0x00,0x00,0x00,0x00,0x00,0x00,0x00 ; COM 43DC
    db 0x00,0x00,0x00,0x00,0x00,0x00,0x00,0x00,0x00,0x00,0x00,0x00,0x00,0x00,0x00,0x00 ; COM 43EC
    db 0x00,0x00,0x00,0x00,0x00,0x00,0x00,0x00,0x00,0x00,0x00,0x00,0x00,0x00,0x00,0x00 ; COM 43FC
    db 0x00,0x00,0x00,0x00,0x00,0x00,0x00,0x00,0x00,0x00,0x00,0x00,0x00,0x00,0x00,0x00 ; COM 440C
    db 0x00,0x00,0x00,0x00,0x00,0x00,0x00,0x00,0x00,0x00,0x00,0x00,0x00,0x00,0x00,0x00 ; COM 441C
    db 0x00,0x00,0x00,0x00,0x00,0x00,0x00,0x00,0x00,0x00,0x00,0x00,0x00,0x00,0x00,0x00 ; COM 442C
    db 0x00,0x00,0x00,0x00,0x00,0x00,0x00,0x00,0x00,0x00,0x00,0x00,0x00,0x00,0x00,0x00 ; COM 443C
    db 0x00,0x00,0x00,0x00,0x00,0x00,0x00,0x00,0x00,0x00,0x00,0x00,0x00,0x00,0x00,0x00 ; COM 444C
    db 0x00,0x00,0x00,0x00,0x00,0x00,0x00,0x00,0x00,0x00,0x00,0x00,0x00,0x00,0x00,0x00 ; COM 445C
    db 0x00,0x00,0x00,0x00,0x00,0x00,0x00,0x00,0x00,0x00,0x00,0x00,0x00,0x00,0x00,0x00 ; COM 446C
    db 0x00,0x00,0x00,0x00,0x00,0x00,0x00,0x00,0x00,0x00,0x00,0x00,0x00,0x00,0x00,0x00 ; COM 447C
    db 0x00,0x00,0x00,0x00,0x00,0x00,0x00,0x00,0x00,0x00,0x00,0x00,0x00,0x00,0x00,0x00 ; COM 448C
    db 0x00,0x00,0x00,0x00,0x00,0x00,0x00,0x00,0x00,0x00,0x00,0x00,0x00,0x00,0x00,0x00 ; COM 449C
    db 0x00,0x00,0x00,0x00,0x00,0x00,0x00,0x00,0x00,0x00,0x00,0x00,0x00,0x00,0x00,0x00 ; COM 44AC
    db 0x00,0x00,0x00,0x00,0x00,0x00,0x00,0x00,0x00,0x00,0x00,0x00,0x00,0x00,0x00,0x00 ; COM 44BC
    db 0x00,0x00,0x00,0x00,0x00,0x00,0x00,0x00,0x00,0x00,0x00,0x00,0x00,0x00,0x00,0x00 ; COM 44CC
    db 0x00,0x00,0x00,0x00,0x00,0x00,0x00,0x00,0x00,0x00,0x00,0x00,0x00,0x00,0x00,0x00 ; COM 44DC
    db 0x00,0x00,0x00,0x00,0x00,0x00,0x00,0x00,0x00,0x00,0x00,0x00,0x00,0x00,0x00,0x00 ; COM 44EC
    db 0x00,0x00,0x00,0x00,0x00,0x00,0x00,0x00,0x00,0x00,0x00,0x00,0x00,0x00,0x00,0x00 ; COM 44FC
    db 0x00,0x00,0x00,0x00,0x00,0x00,0x00,0x00,0x00,0x00,0x00,0x00,0x00,0x00,0x00,0x00 ; COM 450C
    db 0x00,0x00,0x00,0x00,0x00,0x00,0x00,0x00,0x00,0x00,0x00,0x00,0x00,0x00,0x00,0x00 ; COM 451C
    db 0x00,0x00,0x00,0x00,0x00,0x00,0x00,0x00,0x00,0x00,0x00,0x00,0x00,0x00,0x00,0x00 ; COM 452C
    db 0x00,0x00,0x00,0x00,0x00,0x00,0x00,0x00,0x00,0x00,0x00,0x00,0x00,0x00,0x00,0x00 ; COM 453C
    db 0x00,0x00,0x00,0x00,0x00,0x00,0x00,0x00,0x00,0x00,0x00,0x00,0x00,0x00,0x00,0x00 ; COM 454C
    db 0x00,0x00,0x00,0x00,0x00,0x00,0x00,0x00,0x00,0x00,0x00,0x00,0x00,0x00,0x00,0x00 ; COM 455C
    db 0x00,0x00,0x00,0x00,0x00,0x00,0x00,0x00,0x00,0x00,0x00,0x00,0x00,0x00,0x00,0x00 ; COM 456C
    db 0x00,0x00,0x00,0x00,0x00,0x00,0x00,0x00,0x00,0x00,0x00,0x00,0x00,0x00,0x00,0x00 ; COM 457C
    db 0x00,0x00,0x00,0x00,0x00,0x00,0x00,0x00,0x00,0x00,0x00,0x00,0x00,0x00,0x00,0x00 ; COM 458C
    db 0x00,0x00,0x00,0x00,0x00,0x00,0x00,0x00,0x00,0x00,0x00,0x00,0x00,0x00,0x00,0x00 ; COM 459C
    db 0x00,0x00,0x00,0x00,0x00,0x00,0x00,0x00,0x00,0x00,0x00,0x00,0x00,0x00,0x00,0x00 ; COM 45AC
    db 0x00,0x00,0x00,0x00,0x00,0x00,0x00,0x00,0x00,0x00,0x00,0x00,0x00,0x00,0x00,0x00 ; COM 45BC
    db 0x00,0x00,0x00,0x00,0x00,0x00,0x00,0x00,0x00,0x00,0x00,0x00,0x00,0x00,0x00,0x00 ; COM 45CC
    db 0x00,0x00,0x00,0x00,0x00,0x00,0x00,0x00,0xFD,0x13,0x45,0x00,0x00,0x00,0x00,0x00 ; COM 45DC
    db 0x00,0x00,0x00,0x00,0x00,0x00,0x00,0x00,0x00,0x00,0x00,0x00,0x00,0x00,0x00,0x00 ; COM 45EC
    db 0x00,0x00,0x00,0x00,0x00,0x00,0x00,0x00,0x00,0x00,0x00,0x00,0x00,0x00,0x00,0x00 ; COM 45FC
    db 0x00,0x00,0x00,0x00,0x00,0x00,0x00,0x00,0x00,0x00,0x00,0x00,0x00,0x00,0x00,0x00 ; COM 460C
    db 0x00,0x00,0x00,0x00,0x00,0x00,0x00,0x00,0x00,0x00,0x00,0x00,0x00,0x00,0x00,0x00 ; COM 461C
    db 0x00,0x00,0x00,0x00,0x00,0x00,0x00,0x00,0x00,0x00,0x00,0x00,0x00,0x00,0x00,0x00 ; COM 462C
    db 0x00,0x00,0x00,0x00,0x00,0x00,0x00,0x00,0x00,0x00,0x00,0x00,0x00,0x00,0x00,0x00 ; COM 463C
    db 0x00,0x00,0x00,0x00,0x00,0x00,0x00,0x00,0x00,0x00,0x00,0x00,0x00,0x00,0x00,0x00 ; COM 464C
    db 0x00,0x00,0x00,0x00,0x00,0x00,0x00,0x00,0x00,0x00,0x00,0x00,0x00,0x00,0x00,0x00 ; COM 465C
    db 0x00,0x00,0x00,0x00,0x00,0x00,0x00,0x00,0x00,0x00,0x00,0x00,0x00,0x00,0x00,0x00 ; COM 466C
    db 0x00,0x00,0x00,0x00,0x00,0x00,0x00,0x00,0x00,0x00,0x00,0x00,0x00,0x00,0x00,0x00 ; COM 467C
    db 0x00,0x00,0x00,0x00,0x00,0x00,0x00,0x00,0x00,0x00,0x00,0x00,0x00,0x00,0x00,0x00 ; COM 468C
    db 0x00,0x00,0x00,0x00,0x00,0x00,0x00,0x00,0x00,0x00,0x00,0x00,0x00,0x00,0x00,0x00 ; COM 469C
    db 0x00,0x00,0x00,0x00,0x00,0x00,0x00,0x00,0x00,0x00,0x00,0x00,0x00,0x00,0x00,0x00 ; COM 46AC
    db 0x00,0x00,0x00,0x00,0x00,0x00,0x00,0x00,0x00,0x00,0x00,0x00,0x00,0x00,0x00,0x00 ; COM 46BC
    db 0x00,0x00,0x00,0x00,0x00,0x00,0x00,0x00,0x00,0x00,0x00,0x00,0x00,0x00,0x00,0x00 ; COM 46CC
    db 0x00,0x00,0x00,0x00,0x00,0x00,0x00,0x00,0x00,0x00,0x00,0x00,0x00,0x00,0x00,0x00 ; COM 46DC
    db 0x00,0x00,0x00,0x00,0x00,0x00,0x00,0x00,0x00,0x00,0x00,0x00,0x00,0x00,0x00,0x00 ; COM 46EC
    db 0x00,0x00,0x00,0x00,0x00,0x00,0x00,0x00,0x00,0x00,0x00,0x00,0x00,0x00,0x00,0x00 ; COM 46FC
    db 0x00,0x00,0x00,0x00,0x00,0x00,0x00,0x00,0x00,0x00,0x00,0x00,0x00,0x00,0x00,0x00 ; COM 470C
    db 0x00,0x00,0x00,0x00,0x00,0x00,0x00,0x00,0x00,0x00,0x00,0x00,0x00,0x00,0x00,0x00 ; COM 471C
    db 0x00,0x00,0x00,0x00,0x00,0x00,0x00,0x00,0x00,0x00,0x00,0x00,0x00,0x00,0x00,0x00 ; COM 472C
    db 0x00,0x00,0x00,0x00,0x00,0x00,0x00,0x00,0x00,0x00,0x00,0x00,0x00,0x00,0x00,0x00 ; COM 473C
    db 0x00,0x00,0x00,0x00,0x00,0x00,0x00,0x00,0x00,0x00,0x00,0x00,0x00,0x00,0x00,0x00 ; COM 474C
    db 0x00,0x00,0x00,0x00,0x00,0x00,0x00,0x00,0x00,0x00,0x00,0x00,0x00,0x00,0x00,0x00 ; COM 475C
    db 0x00,0x00,0x00,0x00,0x00,0x00,0x00,0x00,0x00,0x00,0x00,0x00,0x00,0x00,0x00,0x00 ; COM 476C
    db 0x00,0x00,0x00,0x00,0x00,0x00,0x00,0x00,0x00,0x00,0x00,0x00,0x00,0x00,0x00,0x00 ; COM 477C
    db 0x00,0x00,0x00,0x00,0x00,0x00,0x00,0x00,0x00,0x00,0x00,0x00,0x00,0x00,0x00,0x00 ; COM 478C
    db 0x00,0x00,0x00,0x00,0x00,0x00,0x00,0x00,0x00,0x00,0x00,0x00,0x00,0x00,0x00,0x00 ; COM 479C
    db 0x00,0x00,0x00,0x00,0x00,0x00,0x00,0x00,0x00,0x00,0x00,0x00,0x00,0x00,0x00,0x00 ; COM 47AC
    db 0x00,0x00,0x00,0x00,0x00,0x00,0x00,0x00,0x00,0x00,0x00,0x00,0x00,0x00,0x00,0x00 ; COM 47BC
    db 0x00,0x00,0x00,0x00,0x00,0x00,0x00,0x00,0x00,0x00,0x00,0x00,0x00,0x00,0x00,0x00 ; COM 47CC
    db 0x00,0x00,0x00,0x00,0x00,0x00,0x00,0x00,0x00,0x00,0x00,0x00,0x00,0x00,0x00,0x00 ; COM 47DC
    db 0x00,0x00,0x00,0x00,0x00,0x00,0x00,0x00,0x00,0x00,0x00,0x00,0x00,0x00,0x00,0x00 ; COM 47EC
    db 0x00,0x00,0x00,0x00,0x00,0x00,0x00,0x00,0x00,0x00,0x00,0x00,0x00,0x00,0x00,0x00 ; COM 47FC
    db 0x00,0x00,0x00,0x00,0x00,0x00,0x00,0x00,0x00,0x00,0x00,0x00,0x00,0x00,0x00,0x00 ; COM 480C
    db 0x00,0x00,0x00,0x00,0x00,0x00,0x00,0x00,0x00,0x00,0x00,0x00,0x00,0x00,0x00,0x00 ; COM 481C
    db 0x00,0x00,0x00,0x00,0x00,0x00,0x00,0x00,0x00,0x00,0x00,0x00,0x00,0x00,0x00,0x00 ; COM 482C
    db 0x00,0x00,0x00,0x00,0x00,0x00,0x00,0x00,0x00,0x00,0x00,0x00,0x00,0x00,0x00,0x00 ; COM 483C
    db 0x00,0x00,0x00,0x00,0x00,0x00,0x00,0x00,0x00,0x00,0x00,0x00,0x00,0x00,0x00,0x00 ; COM 484C
    db 0x00,0x00,0x00,0x00,0x00,0x00,0x00,0x00,0x00,0x00,0x00,0x00,0x00,0x00,0x00,0x00 ; COM 485C
    db 0x00,0x00,0x00,0x00,0x00,0x00,0x00,0x00,0x00,0x00,0x00,0x00,0x00,0x00,0x00,0x00 ; COM 486C
    db 0x00,0x00,0x00,0x00,0x00,0x00,0x00,0x00,0x00,0x00,0x00,0x00,0x00,0x00,0x00,0x00 ; COM 487C
    db 0x00,0x00,0x00,0x00,0x00,0x00,0x00,0x00,0x00,0x00,0x00,0x00,0x00,0x00,0x00,0x00 ; COM 488C
    db 0x00,0x00,0x00,0x00,0x00,0x00,0x00,0x00,0x00,0x00,0x00,0x00,0x00,0x00,0x00,0x00 ; COM 489C
    db 0x00,0x00,0x00,0x00,0x00,0x00,0x00,0x00,0x00,0x00,0x00,0x00,0x00,0x00,0x00,0x00 ; COM 48AC
    db 0x00,0x00,0x00,0x00,0x00,0x00,0x00,0x00,0x00,0x00,0x00,0x00,0x00,0x00,0x00,0x00 ; COM 48BC
    db 0x00,0x00,0x00,0x00,0x00,0x00,0x00,0x00,0x00,0x00,0x00,0x00,0x00,0x00,0x00,0x00 ; COM 48CC
    db 0x00,0x00,0x00,0x00,0x00,0x00,0x00,0x00,0x00,0x00,0x00,0x00,0x00,0x00,0x00,0x00 ; COM 48DC
    db 0x00,0x00,0x00,0x00,0x00,0x00,0x00,0x00,0x00,0x00,0x00,0x00,0x00,0x00,0x00,0x00 ; COM 48EC
    db 0x00,0x00,0x00,0x00,0x00,0x00,0x00,0x00,0x00,0x00,0x00,0x00,0x00,0x00,0x00,0x00 ; COM 48FC
    db 0x00,0x00,0x00,0x00,0x00,0x00,0x00,0x00,0x00,0x00,0x00,0x00,0x00,0x00,0x00,0x00 ; COM 490C
    db 0x00,0x00,0x00,0x00,0x00,0x00,0x00,0x00,0x00,0x00,0x00,0x00,0x00,0x00,0x00,0x00 ; COM 491C
    db 0x00,0x00,0x00,0x00,0x00,0x00,0x00,0x00,0x00,0x00,0x00,0x00,0x00,0x00,0x00,0x00 ; COM 492C
    db 0x00,0x00,0x00,0x00,0x00,0x00,0x00,0x00,0x00,0x00,0x00,0x00,0x00,0x00,0x00,0x00 ; COM 493C
    db 0x00,0x00,0x00,0x00,0x00,0x00,0x00,0x00,0x00,0x00,0x00,0x00,0x00,0x00,0x00,0x00 ; COM 494C
    db 0x00,0x00,0x00,0x00,0x00,0x00,0x00,0x00,0x00,0x00,0x00,0x00,0x00,0x00,0x00,0x00 ; COM 495C
    db 0x00,0x00,0x00,0x00,0x00,0x00,0x00,0x00,0x00,0x00,0x00,0x00,0x00,0x00,0x00,0x00 ; COM 496C
    db 0x00,0x00,0x00,0x00,0x00,0x00,0x00,0x00,0x00,0x00,0x00,0x00,0x00,0x00,0x00,0x00 ; COM 497C
    db 0x00,0x00,0x00,0x00,0x00,0x00,0x00,0x00,0x00,0x00,0x00,0x00,0x00,0x00,0x00,0x00 ; COM 498C
    db 0x00,0x00,0x00,0x00,0x00,0x00,0x00,0x00,0x00,0x00,0x00,0x00,0x00,0x00,0x00,0x00 ; COM 499C
    db 0x00,0x00,0x00,0x00,0x00,0x00,0x00,0x00,0x00,0x00,0x00,0x00,0x00,0x00,0x00,0x00 ; COM 49AC
    db 0x00,0x00,0x00,0x00,0x00,0x00,0x00,0x00,0x00,0x00,0x00,0x00,0x00,0x00,0x00,0x00 ; COM 49BC
    db 0x00,0x00,0x00,0x00,0x00,0x00,0x00,0x00,0x00,0x00,0x00,0x00,0x00,0x00,0x00,0x00 ; COM 49CC
    db 0x00,0x00,0x00,0x00,0x00,0x00,0x00,0x00,0x00,0x00,0x00,0x00,0x00,0x00,0x00,0x00 ; COM 49DC
    db 0x00,0x00,0x00,0x00,0x00,0x00,0x00,0x00,0x00,0x00,0x00,0x00,0x00,0x00,0x00,0x00 ; COM 49EC
    db 0x00,0x00,0x00,0x00,0x00,0x00,0x00,0x00,0x00,0x00,0x00,0x00,0x00,0x00,0x00,0x00 ; COM 49FC
    db 0x00,0x00,0x00,0x00,0x00,0x00,0x00,0x00,0x00,0x00,0x00,0x00,0x00,0x00,0x00,0x00 ; COM 4A0C
    db 0x00,0x00,0x00,0x00,0x00,0x00,0x00,0x00,0x00,0x00,0x00,0x00,0x00,0x00,0x00,0x00 ; COM 4A1C
    db 0x00,0x00,0x00,0x00,0x00,0x00,0x00,0x00,0x00,0x00,0x00,0x00,0x00,0x00,0x00,0x00 ; COM 4A2C
    db 0x00,0x00,0x00,0x00,0x00,0x00,0x00,0x00,0x00,0x00,0x00,0x00,0x00,0x00,0x00,0x00 ; COM 4A3C
    db 0x00,0x00,0x00,0x00,0x00,0x00,0x00,0x00,0x00,0x00,0x00,0x00,0x00,0x00,0x00,0x00 ; COM 4A4C
    db 0x00,0x00,0x00,0x00,0x00,0x00,0x00,0x00,0x00,0x00,0x00,0x00,0x00,0x00,0x00,0x00 ; COM 4A5C
    db 0x00,0x00,0x00,0x00,0x00,0x00,0x00,0x00,0x00,0x00,0x00,0x00,0x00,0x00,0x00,0x00 ; COM 4A6C
    db 0x00,0x00,0x00,0x00,0x00,0x00,0x00,0x00,0x00,0x00,0x00,0x00,0x00,0x00,0x00,0x00 ; COM 4A7C
    db 0x00,0x00,0x00,0x00,0x00,0x00,0x00,0x00,0x00,0x00,0x00,0x00,0x00,0x00,0x00,0x00 ; COM 4A8C
    db 0x00,0x00,0x00,0x00,0x00,0x00,0x00,0x00,0x00,0x00,0x00,0x00,0x00,0x00,0x00,0x00 ; COM 4A9C
    db 0x00,0x00,0x00,0x00,0x00,0x00,0x00,0x00,0x00,0x00,0x00,0x00,0x00,0x00,0x00,0x00 ; COM 4AAC
    db 0x00,0x00,0x00,0x00,0x00,0x00,0x00,0x00,0x00,0x00,0x00,0x00,0x00,0x00,0x00,0x00 ; COM 4ABC
    db 0x00,0x00,0x00,0x00,0x00,0x00,0x00,0x00,0x00,0x00,0x00,0x00,0x00,0x00,0x00,0x00 ; COM 4ACC
    db 0x00,0x00,0x00,0x00,0x00,0x00,0x00,0x00,0x00,0x00,0x00,0x00,0x00,0x00,0x00,0x00 ; COM 4ADC
    db 0x00,0x00,0x00,0x00,0x00,0x00,0x00,0x00,0x00,0x00,0x00,0x00,0x00,0x00,0x00,0x00 ; COM 4AEC
    db 0x00,0x00,0x00,0x00,0x00,0x00,0x00,0x00,0x00,0x00,0x00,0x00,0x00,0x00,0x00,0x00 ; COM 4AFC
    db 0x00,0x00,0x00,0x00,0x00,0x00,0x00,0x00,0x00,0x00,0x00,0x00,0x00,0x00,0x00,0x00 ; COM 4B0C
    db 0x00,0x00,0x00,0x00,0x00,0x00,0x00,0x00,0x00,0x00,0x00,0x00,0x00,0x00,0x00,0x00 ; COM 4B1C
    db 0x00,0x00,0x00,0x00,0x00,0x00,0x00,0x00,0x00,0x00,0x00,0x00,0x00,0x00,0x00,0x00 ; COM 4B2C
    db 0x00,0x00,0x00,0x00,0x00,0x00,0x00,0x00,0x00,0x00,0x00,0x00,0x00,0x00,0x00,0x00 ; COM 4B3C
    db 0x00,0x00,0x00,0x00,0x00,0x00,0x00,0x00,0x00,0x00,0x00,0x00,0x00,0x00,0x00,0x00 ; COM 4B4C
    db 0x00,0x00,0x00,0x00,0x00,0x00,0x00,0x00,0x00,0x00,0x00,0x00,0x00,0x00,0x00,0x00 ; COM 4B5C
    db 0x00,0x00,0x00,0x00,0x00,0x00,0x00,0x00,0x00,0x00,0x00,0x00,0x00,0x00,0x00,0x00 ; COM 4B6C
    db 0x00,0x00,0x00,0x00,0x00,0x00,0x00,0x00,0x00,0x00,0x00,0x00,0x00,0x00,0x00,0x00 ; COM 4B7C
    db 0x00,0x00,0x00,0x00,0x00,0x00,0x00,0x00,0x00,0x00,0x00,0x00,0x00,0x00,0x00,0x00 ; COM 4B8C
    db 0x00,0x00,0x00,0x00,0x00,0x00,0x00,0x00,0x00,0x00,0x00,0x00,0x00,0x00,0x00,0x00 ; COM 4B9C
    db 0x00,0x00,0x00,0x00,0x00,0x00,0x00,0x00,0x00,0x00,0x00,0x00,0x00,0x00,0x00,0x00 ; COM 4BAC
    db 0x00,0x00,0x00,0x00,0x00,0x00,0x00,0x00,0x00,0x00,0x00,0x00,0x00,0x00,0x00,0x00 ; COM 4BBC
    db 0x00,0x00,0x00,0x00,0x00,0x00,0x00,0x00,0x00,0x00,0x00,0x00,0x00,0x00,0x00,0x00 ; COM 4BCC
    db 0x00,0x00,0x00,0x00,0x00,0x00,0x00,0x00,0x00,0x00,0x00,0x00,0x00,0x00,0x00,0x00 ; COM 4BDC
    db 0x00,0x00,0x00,0x00,0x00,0x00,0x00,0x00,0x00,0x00,0x00,0x00,0x00,0x00,0x00,0x00 ; COM 4BEC
    db 0x00,0x00,0x00,0x00,0x00,0x00,0x00,0x00,0x00,0x00,0x00,0x00,0x00,0x00,0x00,0x00 ; COM 4BFC
    db 0x00,0x00,0x00,0x00,0x00,0x00,0x00,0x00,0x00,0x00,0x00,0x00,0x00,0x00,0x00,0x00 ; COM 4C0C
    db 0x00,0x00,0x00,0x00,0x00,0x00,0x00,0x00,0x00,0x00,0x00,0x00,0x00,0x00,0x00,0x00 ; COM 4C1C
    db 0x00,0x00,0x00,0x00,0x00,0x00,0x00,0x00,0x00,0x00,0x00,0x00,0x00,0x00,0x00,0x00 ; COM 4C2C
    db 0x00,0x00,0x00,0x00,0x00,0x00,0x00,0x00,0x00,0x00,0x00,0x00,0x00,0x00,0x00,0x00 ; COM 4C3C
    db 0x00,0x00,0x00,0x00,0x00,0x00,0x00,0x00,0x00,0x00,0x00,0x00,0x00,0x00,0x00,0x00 ; COM 4C4C
    db 0x00,0x00,0x00,0x00,0x00,0x00,0x00,0x00,0x00,0x00,0x00,0x00,0x00,0x00,0x00,0x00 ; COM 4C5C
    db 0x00,0x00,0x00,0x00,0x00,0x00,0x00,0x00,0x00,0x00,0x00,0x00,0x00,0x00,0x00,0x00 ; COM 4C6C
    db 0x00,0x00,0x00,0x00,0x00,0x00,0x00,0x00,0x00,0x00,0x00,0x00,0x00,0x00,0x00,0x00 ; COM 4C7C
    db 0x00,0x00,0x00,0x00,0x00,0x00,0x00,0x00,0x00,0x00,0x00,0x00,0x00,0x00,0x00,0x00 ; COM 4C8C
    db 0x00,0x00,0x00,0x00,0x00,0x00,0x00,0x00,0x00,0x00,0x00,0x00,0x00,0x00,0x00,0x00 ; COM 4C9C
    db 0x00,0x00,0x00,0x00,0x00,0x00,0x00,0x00,0x00,0x00,0x00,0x00,0x00,0x00,0x00,0x00 ; COM 4CAC
    db 0x00,0x00,0x00,0x00,0x00,0x00,0x00,0x00,0x00,0x00,0x00,0x00,0x00,0x00,0x00,0x00 ; COM 4CBC
    db 0x00,0x00,0x00,0x00,0x00,0x00,0x00,0x00,0x00,0x00,0x00,0x00,0x00,0x00,0x00,0x00 ; COM 4CCC
    db 0x00,0x00,0x00,0x00,0x00,0x00,0x00,0x00,0x00,0x00,0x00,0x00,0x00,0x00,0x00,0x00 ; COM 4CDC
    db 0x00,0x00,0x00,0x00,0x00,0x00,0x00,0x00,0x00,0x00,0x00,0x00,0x00,0x00,0x00,0x00 ; COM 4CEC
    db 0x00,0x00,0x00,0x00,0x00,0x00,0x00,0x00,0x00,0x00,0x00,0x00,0x00,0x00,0x00,0x00 ; COM 4CFC
    db 0x00,0x00,0x00,0x00,0x00,0x00,0x00,0x00,0x00,0x00,0x00,0x00,0x00,0x00,0x00,0x00 ; COM 4D0C
    db 0x00,0x00,0x00,0x00,0x00,0x00,0x00,0x00,0x00,0x00,0x00,0x00,0x00,0x00,0x00,0x00 ; COM 4D1C
    db 0x00,0x00,0x00,0x00,0x00,0x00,0x00,0x00,0x00,0x00,0x00,0x00,0x00,0x00,0x00,0x00 ; COM 4D2C
    db 0x00,0x00,0x00,0x00,0x00,0x00,0x00,0x00,0x00,0x00,0x00,0x00,0x00,0x00,0x00,0x00 ; COM 4D3C
    db 0x00,0x00,0x00,0x00,0x00,0x00,0x00,0x00,0x00,0x00,0x00,0x00,0x00,0x00,0x00,0x00 ; COM 4D4C
    db 0x00,0x00,0x00,0x00,0x00,0x00,0x00,0x00,0x00,0x00,0x00,0x00,0x00,0x00,0x00,0x00 ; COM 4D5C
    db 0x00,0x00,0x00,0x00,0x00,0x00,0x00,0x00,0x00,0x00,0x00,0x00,0x00,0x00,0x00,0x00 ; COM 4D6C
    db 0x00,0x00,0x00,0x00,0x00,0x00,0x00,0x00,0x00,0x00,0x00,0x00,0x00,0x00,0x00,0x00 ; COM 4D7C
    db 0x00,0x00,0x00,0x00,0x00,0x00,0x00,0x00,0x00,0x00,0x00,0x00,0x00,0x00,0x00,0x00 ; COM 4D8C
    db 0x00,0x00,0x00,0x00,0x00,0x00,0x00,0x00,0x00,0x00,0x00,0x00,0x00,0x00,0x00,0x00 ; COM 4D9C
    db 0x00,0x00,0x00,0x00,0x00,0x00,0x00,0x00,0x00,0x00,0x00,0x00,0x00,0x00,0x00,0x00 ; COM 4DAC
    db 0x00,0x00,0x00,0x00,0x00,0x00,0x00,0x00,0x00,0x00,0x00,0x00,0x00,0x00,0x00,0x00 ; COM 4DBC
    db 0x00,0x00,0x00,0x00,0x00,0x00,0x00,0x00,0x00,0x00,0x00,0x00,0x00,0x00,0x00,0x00 ; COM 4DCC
    db 0x00,0x00,0x00,0x00,0x00,0x00,0x00,0x00,0x00,0x00,0x00,0x00,0x00,0x00,0x00,0x00 ; COM 4DDC
    db 0x00,0x00,0x00,0x00,0x00,0x00,0x00,0x00,0x00,0x00,0x00,0x00,0x00,0x00,0x00,0x00 ; COM 4DEC
    db 0x00,0x00,0x00,0x00,0x00,0x00,0x00,0x00,0x00,0x00,0x00,0x00,0x00,0x00,0x00,0x00 ; COM 4DFC
    db 0x00,0x00,0x00,0x00,0x00,0x00,0x00,0x00,0x00,0x00,0x00,0x00,0x00,0x00,0x00,0x00 ; COM 4E0C
    db 0x00,0x00,0x00,0x00,0x00,0x00,0x00,0x00,0x00,0x00,0x00,0x00,0x00,0x00,0x00,0x00 ; COM 4E1C
    db 0x00,0x00,0x00,0x00,0x00,0x00,0x00,0x00,0x00,0x00,0x00,0x00,0x00,0x00,0x00,0x00 ; COM 4E2C
    db 0x00,0x00,0x00,0x00,0x00,0x00,0x00,0x00,0x00,0x00,0x00,0x00,0x00,0x00,0x00,0x00 ; COM 4E3C
    db 0x00,0x00,0x00,0x00,0x00,0x00,0x00,0x00,0x00,0x00,0x00,0x00,0x00,0x00,0x00,0x00 ; COM 4E4C
    db 0x00,0x00,0x00,0x00,0x00,0x00,0x00,0x00,0x00,0x00,0x00,0x00,0x00,0x00,0x00,0x00 ; COM 4E5C
    db 0x00,0x00,0x00,0x00,0x00,0x00,0x00,0x00,0x00,0x00,0x00,0x00,0x00,0x00,0x00,0x00 ; COM 4E6C
    db 0x00,0x00,0x00,0x00,0x00,0x00,0x00,0x00,0x00,0x00,0x00,0x00,0x00,0x00,0x00,0x00 ; COM 4E7C
    db 0x00,0x00,0x00,0x00,0x00,0x00,0x00,0x00,0x00,0x00,0x00,0x00,0x00,0x00,0x00,0x00 ; COM 4E8C
    db 0x00,0x00,0x00,0x00,0x00,0x00,0x00,0x00,0x00,0x00,0x00,0x00,0x00,0x00,0x00,0x00 ; COM 4E9C
    db 0x00,0x00,0x00,0x00,0x00,0x00,0x00,0x00,0x00,0x00,0x00,0x00,0x00,0x00,0x00,0x00 ; COM 4EAC
    db 0x00,0x00,0x00,0x00,0x00,0x00,0x00,0x00,0x00,0x00,0x00,0x00,0x00,0x00,0x00,0x00 ; COM 4EBC
    db 0x00,0x00,0x00,0x00,0x00,0x00,0x00,0x00,0x00,0x00,0x00,0x00,0x00,0x00,0x00,0x00 ; COM 4ECC
    db 0x00,0x00,0x00,0x00,0x00,0x00,0x00,0x00,0x00,0x00,0x00,0x00,0x00,0x00,0x00,0x00 ; COM 4EDC
    db 0x00,0x00,0x00,0x00,0x00,0x00,0x00,0x00,0x00,0x00,0x00,0x00,0x00,0x00,0x00,0x00 ; COM 4EEC
    db 0x00,0x00,0x00,0x00,0x00,0x00,0x00,0x00,0x00,0x00,0x00,0x00,0x00,0x00,0x00,0x00 ; COM 4EFC
    db 0x00,0x00,0x00,0x00,0x00,0x00,0x00,0x00,0x00,0x00,0x00,0x00,0x00,0x00,0x00,0x00 ; COM 4F0C
    db 0x00,0x00,0x00,0x00,0x00,0x00,0x00,0x00,0x00,0x00,0x00,0x00,0x00,0x00,0x00,0x00 ; COM 4F1C
    db 0x00,0x00,0x00,0x00,0x00,0x00,0x00,0x00,0x00,0x00,0x00,0x00,0x00,0x00,0x00,0x00 ; COM 4F2C
    db 0x00,0x00,0x00,0x00,0x00,0x00,0x00,0x00,0x00,0x00,0x00,0x00,0x00,0x00,0x00,0x00 ; COM 4F3C
    db 0x00,0x00,0x00,0x00,0x00,0x00,0x00,0x00,0x00,0x00,0x00,0x00,0x00,0x00,0x00,0x00 ; COM 4F4C
    db 0x00,0x00,0x00,0x00,0x00,0x00,0x00,0x00,0x00,0x00,0x00,0x00,0x00,0x00,0x00,0x00 ; COM 4F5C
    db 0x00,0x00,0x00,0x00,0x00,0x00,0x00,0x00,0x00,0x00,0x00,0x00,0x00,0x00,0x00,0x00 ; COM 4F6C
    db 0x00,0x00,0x00,0x00,0x00,0x00,0x00,0x00,0x00,0x00,0x00,0x00,0x00,0x00,0x00,0x00 ; COM 4F7C
    db 0x00,0x00,0x00,0x00,0x00,0x00,0x00,0x00,0x00,0x00,0x00,0x00,0x00,0x00,0x00,0x00 ; COM 4F8C
    db 0x00,0x00,0x00,0x00,0x00,0x00,0x00,0x00,0x00,0x00,0x00,0x00,0x00,0x00,0x00,0x00 ; COM 4F9C
    db 0x00,0x00,0x00,0x00,0x00,0x00,0x00,0x00,0x00,0x00,0x00,0x00,0x00,0x00,0x00,0x00 ; COM 4FAC
    db 0x00,0x00,0x00,0x00,0x00,0x00,0x00,0x00,0x00,0x00,0x00,0x00,0x00,0x00,0x00,0x00 ; COM 4FBC
    db 0x00,0x00,0x00,0x00,0x00,0x00,0x00,0x00,0x00,0x00,0x00,0x00,0x00,0x00,0x00,0x00 ; COM 4FCC
    db 0x00,0x00,0x00,0x00,0x00,0x00,0x00,0x00,0x00,0x00,0x00,0x00,0x00,0x00,0x00,0x00 ; COM 4FDC
    db 0x00,0x00,0x00,0x00,0x00,0x00,0x00,0x00,0x00,0x00,0x00,0x00,0x00,0x00,0x00,0x00 ; COM 4FEC
    db 0x00,0x00,0x00,0x00,0x00,0x00,0x00,0x00,0x00,0x00,0x00,0x00,0x00,0x00,0x00,0x00 ; COM 4FFC
    db 0x00,0x00,0x00,0x00,0x00,0x00,0x00,0x00,0x00,0x00,0x00,0x00,0x00,0x00,0x00,0x00 ; COM 500C
    db 0x00,0x00,0x00,0x00,0x00,0x00,0x00,0x00,0x00,0x00,0x00,0x00,0x00,0x00,0x00,0x00 ; COM 501C
    db 0x00,0x00,0x00,0x00,0x00,0x00,0x00,0x00,0x00,0x00,0x00,0x00,0x00,0x00,0x00,0x00 ; COM 502C
    db 0x00,0x00,0x00,0x00,0x00,0x00,0x00,0x00,0x00,0x00,0x00,0x00,0x00,0x00,0x00,0x00 ; COM 503C
    db 0x00,0x00,0x00,0x00,0x00,0x00,0x00,0x00,0x00,0x00,0x00,0x00,0x00,0x00,0x00,0x00 ; COM 504C
    db 0x00,0x00,0x00,0x00,0x00,0x00,0x00,0x00,0x00,0x00,0x00,0x00,0x00,0x00,0x00,0x00 ; COM 505C
    db 0x00,0x00,0x00,0x00,0x00,0x00,0x00,0x00,0x00,0x00,0x00,0x00,0x00,0x00,0x00,0x00 ; COM 506C
    db 0x00,0x00,0x00,0x00,0x00,0x00,0x00,0x00,0x00,0x00,0x00,0x00,0x00,0x00,0x00,0x00 ; COM 507C
    db 0x00,0x00,0x00,0x00,0x00,0x00,0x00,0x00,0x00,0x00,0x00,0x00,0x00,0x00,0x00,0x00 ; COM 508C
    db 0x00,0x00,0x00,0x00,0x00,0x00,0x00,0x00,0x00,0x00,0x00,0x00,0x00,0x00,0x00,0x00 ; COM 509C
    db 0x00,0x00,0x00,0x00,0x00,0x00,0x00,0x00,0x00,0x00,0x00,0x00,0x00,0x00,0x00,0x00 ; COM 50AC
    db 0x00,0x00,0x00,0x00,0x00,0x00,0x00,0x00,0x00,0x00,0x00,0x00,0x00,0x00,0x00,0x00 ; COM 50BC
    db 0x00,0x00,0x00,0x00,0x00,0x00,0x00,0x00,0x00,0x00,0x00,0x00,0x00,0x00,0x00,0x00 ; COM 50CC
    db 0x00,0x00,0x00,0x00,0x00,0x00,0x00,0x00,0x00,0x00,0x00,0x00,0x00,0x00,0x00,0x00 ; COM 50DC
    db 0x00,0x00,0x00,0x00,0x00,0x00,0x00,0x00,0x00,0x00,0x00,0x00,0x00,0x00,0x00,0x00 ; COM 50EC
    db 0x00,0x00,0x00,0x00,0x00,0x00,0x00,0x00,0x00,0x00,0x00,0x00,0x00,0x00,0x00,0x00 ; COM 50FC
    db 0x00,0x00,0x00,0x00,0x00,0x00,0x00,0x00,0x00,0x00,0x00,0x00,0x00,0x00,0x00,0x00 ; COM 510C
    db 0x00,0x00,0x00,0x00,0x00,0x00,0x00,0x00,0x00,0x00,0x00,0x00,0x00,0x00,0x00,0x00 ; COM 511C
    db 0x00,0x00,0x00,0x00,0x00,0x00,0x00,0x00,0x00,0x00,0x00,0x00,0x00,0x00,0x00,0x00 ; COM 512C
    db 0x00,0x00,0x00,0x00,0x00,0x00,0x00,0x00,0x00,0x00,0x00,0x00,0x00,0x00,0x00,0x00 ; COM 513C
    db 0x00,0x00,0x00,0x00,0x00,0x00,0x00,0x00,0x00,0x00,0x00,0x00,0x00,0x00,0x00,0x00 ; COM 514C
    db 0x00,0x00,0x00,0x00,0x00,0x00,0x00,0x00,0x00,0x00,0x00,0x00,0x00,0x00,0x00,0x00 ; COM 515C
    db 0x00,0x00,0x00,0x00,0x00,0x00,0x00,0x00,0x00,0x00,0x00,0x00,0x00,0x00,0x00,0x00 ; COM 516C
    db 0x00,0x00,0x00,0x00,0x00,0x00,0x00,0x00,0x00,0x00,0x00,0x00,0x00,0x00,0x00,0x00 ; COM 517C
    db 0x00,0x00,0x00,0x00,0x00,0x00,0x00,0x00,0x00,0x00,0x00,0x00,0x00,0x00,0x00,0x00 ; COM 518C
    db 0x00,0x00,0x00,0x00,0x00,0x00,0x00,0x00,0x00,0x00,0x00,0x00,0x00,0x00,0x00,0x00 ; COM 519C
    db 0x00,0x00,0x00,0x00,0x00,0x00,0x00,0x00,0x00,0x00,0x00,0x00,0x00,0x00,0x00,0x00 ; COM 51AC
    db 0x00,0x00,0x00,0x00,0x00,0x00,0x00,0x00,0x00,0x00,0x00,0x00,0x00,0x00,0x00,0x00 ; COM 51BC
    db 0x00,0x00,0x00,0x00,0x00,0x00,0x00,0x00,0x00,0x00,0x00,0x00,0x00,0x00,0x00,0x00 ; COM 51CC
    db 0x00,0x00,0x00,0x00,0x00,0x00,0x00,0x00,0x00,0x00,0x00,0x00,0x00,0x00,0x00,0x00 ; COM 51DC
    db 0x00,0x00,0x00,0x00,0x00,0x00,0x00,0x00,0x00,0x00,0x00,0x00,0x00,0x00,0x00,0x00 ; COM 51EC
    db 0x00,0x00,0x00,0x00,0x00,0x00,0x00,0x00,0x00,0x00,0x00,0x00,0x00,0x00,0x00,0x00 ; COM 51FC
    db 0x00,0x00,0x00,0x00,0x00,0x00,0x00,0x00,0x00,0x00,0x00,0x00,0x00,0x00,0x00,0x00 ; COM 520C
    db 0x00,0x00,0x00,0x00,0x00,0x00,0x00,0x00,0x00,0x00,0x00,0x00,0x00,0x00,0x00,0x00 ; COM 521C
    db 0x00,0x00,0x00,0x00,0x00,0x00,0x00,0x00,0x00,0x00,0x00,0x00,0x00,0x00,0x00,0x00 ; COM 522C
    db 0x00,0x00,0x00,0x00,0x00,0x00,0x00,0x00,0x00,0x00,0x00,0x00,0x00,0x00,0x00,0x00 ; COM 523C
    db 0x00,0x00,0x00,0x00,0x00,0x00,0x00,0x00,0x00,0x00,0x00,0x00,0x00,0x00,0x00,0x00 ; COM 524C
    db 0x00,0x00,0x00,0x00,0x00,0x00,0x00,0x00,0x00,0x00,0x00,0x00,0x00,0x00,0x00,0x00 ; COM 525C
    db 0x00,0x00,0x00,0x00,0x00,0x00,0x00,0x00,0x00,0x00,0x00,0x00,0x00,0x00,0x00,0x00 ; COM 526C
    db 0x00,0x00,0x00,0x00,0x00,0x00,0x00,0x00,0x00,0x00,0x00,0x00,0x00,0x00,0x00,0x00 ; COM 527C
    db 0x00,0x00,0x00,0x00,0x00,0x00,0x00,0x00,0x00,0x00,0x00,0x00,0x00,0x00,0x00,0x00 ; COM 528C
    db 0x00,0x00,0x00,0x00,0x00,0x00,0x00,0x00,0x00,0x00,0x00,0x00,0x00,0x00,0x00,0x00 ; COM 529C
    db 0x00,0x00,0x00,0x00,0x00,0x00,0x00,0x00,0x00,0x00,0x00,0x00,0x00,0x00,0x00,0x00 ; COM 52AC
    db 0x00,0x00,0x00,0x00,0x00,0x00,0x00,0x00,0x00,0x00,0x00,0x00,0x00,0x00,0x00,0x00 ; COM 52BC
    db 0x00,0x00,0x00,0x00,0x00,0x00,0x00,0x00,0x00,0x00,0x00,0x00,0x00,0x00,0x00,0x00 ; COM 52CC
    db 0x00,0x00,0x00,0x00,0x00,0x00,0x00,0x00,0x00,0x00,0x00,0x00,0x00,0x00,0x00,0x00 ; COM 52DC
    db 0x00,0x00,0x00,0x00,0x00,0x00,0x00,0x00,0x00,0x00,0x00,0x00,0x00,0x00,0x00,0x00 ; COM 52EC
    db 0x00,0x00,0x00,0x00,0x00,0x00,0x00,0x00,0x00,0x00,0x00,0x00,0x00,0x00,0x00,0x00 ; COM 52FC
    db 0x00,0x00,0x00,0x00,0x00,0x00,0x00,0x00,0x00,0x00,0x00,0x00,0x00,0x00,0x00,0x00 ; COM 530C
    db 0x00,0x00,0x00,0x00,0x00,0x00,0x00,0x00,0x00,0x00,0x00,0x00,0x00,0x00,0x00,0x00 ; COM 531C
    db 0x00,0x00,0x00,0x00,0x00,0x00,0x00,0x00,0x00,0x00,0x00,0x00,0x00,0x00,0x00,0x00 ; COM 532C
    db 0x00,0x00,0x00,0x00,0x00,0x00,0x00,0x00,0x00,0x00,0x00,0x00,0x00,0x00,0x00,0x00 ; COM 533C
    db 0x00,0x00,0x00,0x00,0x00,0x00,0x00,0x00,0x00,0x00,0x00,0x00,0x00,0x00,0x00,0x00 ; COM 534C
    db 0x00,0x00,0x00,0x00,0x00,0x00,0x00,0x00,0x00,0x00,0x00,0x00,0x00,0x00,0x00,0x00 ; COM 535C
    db 0x00,0x00,0x00,0x00,0x00,0x00,0x00,0x00,0x00,0x00,0x00,0x00,0x00,0x00,0x00,0x00 ; COM 536C
    db 0x00,0x00,0x00,0x00,0x00,0x00,0x00,0x00,0x00,0x00,0x00,0x00,0x00,0x00,0x00,0x00 ; COM 537C
    db 0x00,0x00,0x00,0x00,0x00,0x00,0x00,0x00,0x00,0x00,0x00,0x00,0x00,0x00,0x00,0x00 ; COM 538C
    db 0x00,0x00,0x00,0x00,0x00,0x00,0x00,0x00,0x00,0x00,0x00,0x00,0x00,0x00,0x00,0x00 ; COM 539C
    db 0x00,0x00,0x00,0x00,0x00,0x00,0x00,0x00,0x00,0x00,0x00,0x00,0x00,0x00,0x00,0x00 ; COM 53AC
    db 0x00,0x00,0x00,0x00,0x00,0x00,0x00,0x00,0x00,0x00,0x00,0x00,0x00,0x00,0x00,0x00 ; COM 53BC
    db 0x00,0x00,0x00,0x00,0x00,0x00,0x00,0x00,0x00,0x00,0x00,0x00,0x00,0x00,0x00,0x00 ; COM 53CC
    db 0x00,0x00,0x00,0x00,0x00,0x00,0x00,0x00,0x00,0x00,0x00,0x00,0x00,0x00,0x00,0x00 ; COM 53DC
    db 0x00,0x00,0x00,0x00,0x00,0x00,0x00,0x00,0x00,0x00,0x00,0x00,0x00,0x00,0x00,0x00 ; COM 53EC
    db 0x00,0x00,0x00,0x00,0x00,0x00,0x00,0x00,0x00,0x00,0x00,0x00,0x00,0x00,0x00,0x00 ; COM 53FC
    db 0x00,0x00,0x00,0x00,0x00,0x00,0x00,0x00,0x00,0x00,0x00,0x00,0x00,0x00,0x00,0x00 ; COM 540C
    db 0x00,0x00,0x00,0x00,0x00,0x00,0x00,0x00,0x00,0x00,0x00,0x00,0x00,0x00,0x00,0x00 ; COM 541C
    db 0x00,0x00,0x00,0x00,0x00,0x00,0x00,0x00,0x00,0x00,0x00,0x00,0x00,0x00,0x00,0x00 ; COM 542C
    db 0x00,0x00,0x00,0x00,0x00,0x00,0x00,0x00,0x00,0x00,0x00,0x00,0x00,0x00,0x00,0x00 ; COM 543C
    db 0x00,0x00,0x00,0x00,0x00,0x00,0x00,0x00,0x00,0x00,0x00,0x00,0x00,0x00,0x00,0x00 ; COM 544C
    db 0x00,0x00,0x00,0x00,0x00,0x00,0x00,0x00,0x00,0x00,0x00,0x00,0x00,0x00,0x00,0x00 ; COM 545C
    db 0x00,0x00,0x00,0x00,0x00,0x00,0x00,0x00,0x00,0x00,0x00,0x00,0x00,0x00,0x00,0x00 ; COM 546C
    db 0x00,0x00,0x00,0x00,0x00,0x00,0x00,0x00,0x00,0x00,0x00,0x00,0x00,0x00,0x00,0x00 ; COM 547C
    db 0x00,0x00,0x00,0x00,0x00,0x00,0x00,0x00,0x00,0x00,0x00,0x00,0x00,0x00,0x00,0x00 ; COM 548C
    db 0x00,0x00,0x00,0x00,0x00,0x00,0x00,0x00,0x00,0x00,0x00,0x00,0x00,0x00,0x00,0x00 ; COM 549C
    db 0x00,0x00,0x00,0x00,0x00,0x00,0x00,0x00,0x00,0x00,0x00,0x00,0x00,0x00,0x00,0x00 ; COM 54AC
    db 0x00,0x00,0x00,0x00,0x00,0x00,0x00,0x00,0x00,0x00,0x00,0x00,0x00,0x00,0x00,0x00 ; COM 54BC
    db 0x00,0x00,0x00,0x00,0x00,0x00,0x00,0x00,0x00,0x00,0x00,0x00,0x00,0x00,0x00,0x00 ; COM 54CC
    db 0x00,0x00,0x00,0x00,0x00,0x00,0x00,0x00,0x00,0x00,0x00,0x00,0x00,0x00,0x00,0x00 ; COM 54DC
    db 0x00,0x00,0x00,0x00,0x00,0x00,0x00,0x00,0x00,0x00,0x00,0x00,0x00,0x00,0x00,0x00 ; COM 54EC
    db 0x00,0x00,0x00,0x00,0x00,0x00,0x00,0x00,0x00,0x00,0x00,0x00,0x00,0x00,0x00,0x00 ; COM 54FC
    db 0x00,0x00,0x00,0x00,0x00,0x00,0x00,0x00,0x00,0x00,0x00,0x00,0x00,0x00,0x00,0x00 ; COM 550C
    db 0x00,0x00,0x00,0x00,0x00,0x00,0x00,0x00,0x00,0x00,0x00,0x00,0x00,0x00,0x00,0x00 ; COM 551C
    db 0x00,0x00,0x00,0x00,0x00,0x00,0x00,0x00,0x00,0x00,0x00,0x00,0x00,0x00,0x00,0x00 ; COM 552C
    db 0x00,0x00,0x00,0x00,0x00,0x00,0x00,0x00,0x00,0x00,0x00,0x00,0x00,0x00,0x00,0x00 ; COM 553C
    db 0x00,0x00,0x00,0x00,0x00,0x00,0x00,0x00,0x00,0x00,0x00,0x00,0x00,0x00,0x00,0x00 ; COM 554C
    db 0x00,0x00,0x00,0x00,0x00,0x00,0x00,0x00,0x00,0x00,0x00,0x00,0x00,0x00,0x00,0x00 ; COM 555C
    db 0x00,0x00,0x00,0x00,0x00,0x00,0x00,0x00,0x00,0x00,0x00,0x00,0x00,0x00,0x00,0x00 ; COM 556C
    db 0x00,0x00,0x00,0x00,0x00,0x00,0x00,0x00,0x00,0x00,0x00,0x00,0x00,0x00,0x00,0x00 ; COM 557C
    db 0x00,0x00,0x00,0x00,0x00,0x00,0x00,0x00,0x00,0x00,0x00,0x00,0x00,0x00,0x00,0x00 ; COM 558C
    db 0x00,0x00,0x00,0x00,0x00,0x00,0x00,0x00,0x00,0x00,0x00,0x00,0x00,0x00,0x00,0x00 ; COM 559C
    db 0x00,0x00,0x00,0x00,0x00,0x00,0x00,0x00,0x00,0x00,0x00,0x00,0x00,0x00,0x00,0x00 ; COM 55AC
    db 0x00,0x00,0x00,0x00,0x00,0x00,0x00,0x00,0x00,0x00,0x00,0x00,0x00,0x00,0x00,0x00 ; COM 55BC
    db 0x00,0x00,0x00,0x00,0x00,0x00,0x00,0x00,0x00,0x00,0x00,0x00,0x00,0x00,0x00,0x00 ; COM 55CC
    db 0x00,0x00,0x00,0x00,0x00,0x00,0x00,0x00,0x00,0x00,0x00,0x00,0x00,0x00,0x00,0x00 ; COM 55DC
    db 0x00,0x00,0x00,0x00,0x00,0x00,0x00,0x00,0x00,0x00,0x00,0x00,0x00,0x00,0x00,0x00 ; COM 55EC
    db 0x00,0x00,0x00,0x00,0x00,0x00,0x00,0x00,0x00,0x00,0x00,0x00,0x00,0x00,0x00,0x00 ; COM 55FC
    db 0x00,0x00,0x00,0x00,0x00,0x00,0x00,0x00,0x00,0x00,0x00,0x00,0x00,0x00,0x00,0x00 ; COM 560C
    db 0x00,0x00,0x00,0x00,0x00,0x00,0x00,0x00,0x00,0x00,0x00,0x00,0x00,0x00,0x00,0x00 ; COM 561C
    db 0x00,0x00,0x00,0x00,0x00,0x00,0x00,0x00,0x00,0x00,0x00,0x00,0x00,0x00,0x00,0x00 ; COM 562C
    db 0x00,0x00,0x00,0x00,0x00,0x00,0x00,0x00,0x00,0x00,0x00,0x00,0x00,0x00,0x00,0x00 ; COM 563C
    db 0x00,0x00,0x00,0x00,0x00,0x00,0x00,0x00,0x00,0x00,0x00,0x00,0x00,0x00,0x00,0x00 ; COM 564C
    db 0x00,0x00,0x00,0x00,0x00,0x00,0x00,0x00,0x00,0x00,0x00,0x00,0x00,0x00,0x00,0x00 ; COM 565C
    db 0x00,0x00,0x00,0x00,0x00,0x00,0x00,0x00,0x00,0x00,0x00,0x00,0x00,0x00,0x00,0x00 ; COM 566C
    db 0x00,0x00,0x00,0x00,0x00,0x00,0x00,0x00,0x00,0x00,0x00,0x00,0x00,0x00,0x00,0x00 ; COM 567C
    db 0x00,0x00,0x00,0x00,0x00,0x00,0x00,0x00,0x00,0x00,0x00,0x00,0x00,0x00,0x00,0x00 ; COM 568C
    db 0x00,0x00,0x00,0x00,0x00,0x00,0x00,0x00,0x00,0x00,0x00,0x00,0x00,0x00,0x00,0x00 ; COM 569C
    db 0x00,0x00,0x00,0x00,0x00,0x00,0x00,0x00,0x00,0x00,0x00,0x00,0x00,0x00,0x00,0x00 ; COM 56AC
    db 0x00,0x00,0x00,0x00,0x00,0x00,0x00,0x00,0x00,0x00,0x00,0x00,0x00,0x00,0x00,0x00 ; COM 56BC
    db 0x00,0x00,0x00,0x00,0x00,0x00,0x00,0x00,0x00,0x00,0x00,0x00,0x00,0x00,0x00,0x00 ; COM 56CC
    db 0x00,0x00,0x00,0x00,0x00,0x00,0x00,0x00,0x00,0x00,0x00,0x00,0x00,0x00,0x00,0x00 ; COM 56DC
    db 0x00,0x00,0x00,0x00,0x00,0x00,0x00,0x00,0x00,0x00,0x00,0x00,0x00,0x00,0x00,0x00 ; COM 56EC
    db 0x00,0x00,0x00,0x00,0x00,0x00,0x00,0x00,0x00,0x00,0x00,0x00,0x00,0x00,0x00,0x00 ; COM 56FC
    db 0x00,0x00,0x00,0x00,0x00,0x00,0x00,0x00,0x00,0x00,0x00,0x00,0x00,0x00,0x00,0x00 ; COM 570C
    db 0x00,0x00,0x00,0x00,0x00,0x00,0x00,0x00,0x00,0x00,0x00,0x00,0x00,0x00,0x00,0x00 ; COM 571C
    db 0x00,0x00,0x00,0x00,0x00,0x00,0x00,0x00,0x00,0x00,0x00,0x00,0x00,0x00,0x00,0x00 ; COM 572C
    db 0x00,0x00,0x00,0x00,0x00,0x00,0x00,0x00,0x00,0x00,0x00,0x00,0x00,0x00,0x00,0x00 ; COM 573C
    db 0x00,0x00,0x00,0x00,0x00,0x00,0x00,0x00,0x00,0x00,0x00,0x00,0x00,0x00,0x00,0x00 ; COM 574C
    db 0x00,0x00,0x00,0x00,0x00,0x00,0x00,0x00,0x00,0x00,0x00,0x00,0x00,0x00,0x00,0x00 ; COM 575C
    db 0x00,0x00,0x00,0x00,0x00,0x00,0x00,0x00,0x00,0x00,0x00,0x00,0x00,0x00,0x00,0x00 ; COM 576C
    db 0x00,0x00,0x00,0x00,0x00,0x00,0x00,0x00,0x00,0x00,0x00,0x00,0x00,0x00,0x00,0x00 ; COM 577C
    db 0x00,0x00,0x00,0x00,0x00,0x00,0x00,0x00,0x00,0x00,0x00,0x00,0x00,0x00,0x00,0x00 ; COM 578C
    db 0x00,0x00,0x00,0x00,0x00,0x00,0x00,0x00,0x00,0x00,0x00,0x00,0x00,0x00,0x00,0x00 ; COM 579C
    db 0x00,0x00,0x00,0x00,0x00,0x00,0x00,0x00,0x00,0x00,0x00,0x00,0x00,0x00,0x00,0x00 ; COM 57AC
    db 0x00,0x00,0x00,0x00,0x00,0x00,0x00,0x00,0x00,0x00,0x00,0x00,0x00,0x00,0x00,0x00 ; COM 57BC
    db 0x00,0x00,0x00,0x00,0x00,0x00,0x00,0x00,0x00,0x00,0x00,0x00,0x00,0x00,0x00,0x00 ; COM 57CC
    db 0x00,0x00,0x00,0x00,0x00,0x00,0x00,0x00,0x00,0x00,0x00,0x00,0x00,0x00,0x00,0x00 ; COM 57DC
    db 0x00,0x00,0x00,0x00,0x00,0x00,0x00,0x00,0x00,0x00,0x00,0x00,0x00,0x00,0x00,0x00 ; COM 57EC
    db 0x00,0x00,0x00,0x00,0x00,0x00,0x00,0x00,0x00,0x00,0x00,0x00,0x00,0x00,0x00,0x00 ; COM 57FC
    db 0x00,0x00,0x00,0x00,0x00,0x00,0x00,0x00,0x00,0x00,0x00,0x00,0x00,0x00,0x00,0x00 ; COM 580C
    db 0x00,0x00,0x00,0x00,0x00,0x00,0x00,0x00,0x00,0x00,0x00,0x00,0x00,0x00,0x00,0x00 ; COM 581C
    db 0x00,0x00,0x00,0x00,0x00,0x00,0x00,0x00,0x00,0x00,0x00,0x00,0x00,0x00,0x00,0x00 ; COM 582C
    db 0x00,0x00,0x00,0x00,0x00,0x00,0x00,0x00,0x00,0x00,0x00,0x00,0x00,0x00,0x00,0x00 ; COM 583C
    db 0x00,0x00,0x00,0x00,0x00,0x00,0x00,0x00,0x00,0x00,0x00,0x00,0x00,0x00,0x00,0x00 ; COM 584C
    db 0x00,0x00,0x00,0x00,0x00,0x00,0x00,0x00,0x00,0x00,0x00,0x00,0x00,0x00,0x00,0x00 ; COM 585C
    db 0x00,0x00,0x00,0x00,0x00,0x00,0x00,0x00,0x00,0x00,0x00,0x00,0x00,0x00,0x00,0x00 ; COM 586C
    db 0x00,0x00,0x00,0x00,0x00,0x00,0x00,0x00,0x00,0x00,0x00,0x00,0x00,0x00,0x00,0x00 ; COM 587C
    db 0x00,0x00,0x00,0x00,0x00,0x00,0x00,0x00,0x00,0x00,0x00,0x00,0x00,0x00,0x00,0x00 ; COM 588C
    db 0x00,0x00,0x00,0x00,0x00,0x00,0x00,0x00,0x00,0x00,0x00,0x00,0x00,0x00,0x00,0x00 ; COM 589C
    db 0x00,0x00,0x00,0x00,0x00,0x00,0x00,0x00,0x00,0x00,0x00,0x00,0x00,0x00,0x00,0x00 ; COM 58AC
    db 0x00,0x00,0x00,0x00,0x00,0x00,0x00,0x00,0x00,0x00,0x00,0x00,0x00,0x00,0x00,0x00 ; COM 58BC
    db 0x00,0x00,0x00,0x00,0x00,0x00,0x00,0x00,0x00,0x00,0x00,0x00,0x00,0x00,0x00,0x00 ; COM 58CC
    db 0x00,0x00,0x00,0x00,0x00,0x00,0x00,0x00,0x00,0x00,0x00,0x00,0x00,0x00,0x00,0x00 ; COM 58DC
    db 0x00,0x00,0x00,0x00,0x00,0x00,0x00,0x00,0x00,0x00,0x00,0x00,0x00,0x00,0x00,0x00 ; COM 58EC
    db 0x00,0x00,0x00,0x00,0x00,0x00,0x00,0x00,0x00,0x00,0x00,0x00,0x00,0x00,0x00,0x00 ; COM 58FC
    db 0x00,0x00,0x00,0x00,0x00,0x00,0x00,0x00,0x00,0x00,0x00,0x00,0x00,0x00,0x00,0x00 ; COM 590C
    db 0x00,0x00,0x00,0x00,0x00,0x00,0x00,0x00,0x00,0x00,0x00,0x00,0x00,0x00,0x00,0x00 ; COM 591C
    db 0x00,0x00,0x00,0x00,0x00,0x00,0x00,0x00,0x00,0x00,0x00,0x00,0x00,0x00,0x00,0x00 ; COM 592C
    db 0x00,0x00,0x00,0x00,0x00,0x00,0x00,0x00,0x00,0x00,0x00,0x00,0x00,0x00,0x00,0x00 ; COM 593C
    db 0x00,0x00,0x00,0x00,0x00,0x00,0x00,0x00,0x00,0x00,0x00,0x00,0x00,0x00,0x00,0x00 ; COM 594C
    db 0x00,0x00,0x00,0x00,0x00,0x00,0x00,0x00,0x00,0x00,0x00,0x00,0x00,0x00,0x00,0x00 ; COM 595C
    db 0x00,0x00,0x00,0x00,0x00,0x00,0x00,0x00,0x00,0x00,0x00,0x00,0x00,0x00,0x00,0x00 ; COM 596C
    db 0x00,0x00,0x00,0x00,0x00,0x00,0x00,0x00,0x00,0x00,0x00,0x00,0x00,0x00,0x00,0x00 ; COM 597C
    db 0x00,0x00,0x00,0x00,0x00,0x00,0x00,0x00,0x00,0x00,0x00,0x00,0x00,0x00,0x00,0x00 ; COM 598C
    db 0x00,0x00,0x00,0x00,0x00,0x00,0x00,0x00,0x00,0x00,0x00,0x00,0x00,0x00,0x00,0x00 ; COM 599C
    db 0x00,0x00,0x00,0x00,0x00,0x00,0x00,0x00,0x00,0x00,0x00,0x00,0x00,0x00,0x00,0x00 ; COM 59AC
    db 0x00,0x00,0x00,0x00,0x00,0x00,0x00,0x00,0x00,0x00,0x00,0x00,0x00,0x00,0x00,0x00 ; COM 59BC
    db 0x00,0x00,0x00,0x00,0x00,0x00,0x00,0x00,0x00,0x00,0x00,0x00,0x00,0x00,0x00,0x00 ; COM 59CC
    db 0x00,0x00,0x00,0x00,0x00,0x00,0x00,0x00,0x00,0x00,0x00,0x00,0x00,0x00,0x00,0x00 ; COM 59DC
    db 0x00,0x00,0x00,0x00,0x00,0x00,0x00,0x00,0x00,0x00,0x00,0x00,0x00,0x00,0x00,0x00 ; COM 59EC
    db 0x00,0x00,0x00,0x00,0x00,0x00,0x00,0x00,0x00,0x00,0x00,0x00,0x00,0x00,0x00,0x00 ; COM 59FC
    db 0x00,0x00,0x00,0x00,0x00,0x00,0x00,0x00,0x00,0x00,0x00,0x00,0x00,0x00,0x00,0x00 ; COM 5A0C
    db 0x00,0x00,0x00,0x00,0x00,0x00,0x00,0x00,0x00,0x00,0x00,0x00,0x00,0x00,0x00,0x00 ; COM 5A1C
    db 0x00,0x00,0x00,0x00,0x00,0x00,0x00,0x00,0x00,0x00,0x00,0x00,0x00,0x00,0x00,0x00 ; COM 5A2C
    db 0x00,0x00,0x00,0x00,0x00,0x00,0x00,0x00,0x00,0x00,0x00,0x00,0x00,0x00,0x00,0x00 ; COM 5A3C
    db 0x00,0x00,0x00,0x00,0x00,0x00,0x00,0x00,0x00,0x00,0x00,0x00,0x00,0x00,0x00,0x00 ; COM 5A4C
    db 0x00,0x00,0x00,0x00,0x00,0x00,0x00,0x00,0x00,0x00,0x00,0x00,0x00,0x00,0x00,0x00 ; COM 5A5C
    db 0x00,0x00,0x00,0x00,0x00,0x00,0x00,0x00,0x00,0x00,0x00,0x00,0x00,0x00,0x00,0x00 ; COM 5A6C
    db 0x00,0x00,0x00,0x00,0x00,0x00,0x00,0x00,0x00,0x00,0x00,0x00,0x00,0x00,0x00,0x00 ; COM 5A7C
    db 0x00,0x00,0x00,0x00,0x00,0x00,0x00,0x00,0x00,0x00,0x00,0x00,0x00,0x00,0x00,0x00 ; COM 5A8C
    db 0x00,0x00,0x00,0x00,0x00,0x00,0x00,0x00,0x00,0x00,0x00,0x00,0x00,0x00,0x00,0x00 ; COM 5A9C
    db 0x00,0x00,0x00,0x00,0x00,0x00,0x00,0x00,0x00,0x00,0x00,0x00,0x00,0x00,0x00,0x00 ; COM 5AAC
    db 0x00,0x00,0x00,0x00,0x00,0x00,0x00,0x00,0x00,0x00,0x00,0x00,0x00,0x00,0x00,0x00 ; COM 5ABC
    db 0x00,0x00,0x00,0x00,0x00,0x00,0x00,0x00,0x00,0x00,0x00,0x00,0x00,0x00,0x00,0x00 ; COM 5ACC
    db 0x00,0x00,0x00,0x00,0x00,0x00,0x00,0x00,0x00,0x00,0x00,0x00,0x00,0x00,0x00,0x00 ; COM 5ADC
    db 0x00,0x00,0x00,0x00,0x00,0x00,0x00,0x00,0x00,0x00,0x00,0x00,0x00,0x00,0x00,0x00 ; COM 5AEC
    db 0x00,0x00,0x00,0x00,0x00,0x00,0x00,0x00,0x00,0x00,0x00,0x00,0x00,0x00,0x00,0x00 ; COM 5AFC
    db 0x00,0x00,0x00,0x00,0x00,0x00,0x00,0x00,0x00,0x00,0x00,0x00,0x00,0x00,0x00,0x00 ; COM 5B0C
    db 0x00,0x00,0x00,0x00,0x00,0x00,0x00,0x00,0x00,0x00,0x00,0x00,0x00,0x00,0x00,0x00 ; COM 5B1C
    db 0x00,0x00,0x00,0x00,0x00,0x00,0x00,0x00,0x00,0x00,0x00,0x00,0x00,0x00,0x00,0x00 ; COM 5B2C
    db 0x00,0x00,0x00,0x00,0x00,0x00,0x00,0x00,0x00,0x00,0x00,0x00,0x00,0x00,0x00,0x00 ; COM 5B3C
    db 0x00,0x00,0x00,0x00,0x00,0x00,0x00,0x00,0x00,0x00,0x00,0x00,0x00,0x00,0x00,0x00 ; COM 5B4C
    db 0x00,0x00,0x00,0x00,0x00,0x00,0x00,0x00,0x00,0x00,0x00,0x00,0x00,0x00,0x00,0x00 ; COM 5B5C
    db 0x00,0x00,0x00,0x00,0x00,0x00,0x00,0x00,0x00,0x00,0x00,0x00,0x00,0x00,0x00,0x00 ; COM 5B6C
    db 0x00,0x00,0x00,0x00,0x00,0x00,0x00,0x00,0x00,0x00,0x00,0x00,0x00,0x00,0x00,0x00 ; COM 5B7C
    db 0x00,0x00,0x00,0x00,0x00,0x00,0x00,0x00,0x00,0x00,0x00,0x00,0x00,0x00,0x00,0x00 ; COM 5B8C
    db 0x00,0x00,0x00,0x00,0x00,0x00,0x00,0x00,0x00,0x00,0x00,0x00,0x00,0x00,0x00,0x00 ; COM 5B9C
    db 0x00,0x00,0x00,0x00,0x00,0x00,0x00,0x00,0x00,0x00,0x00,0x00,0x00,0x00,0x00,0x00 ; COM 5BAC
    db 0x00,0x00,0x00,0x00,0x00,0x00,0x00,0x00,0x00,0x00,0x00,0x00,0x00,0x00,0x00,0x00 ; COM 5BBC
    db 0x00,0x00,0x00,0x00,0x00,0x00,0x00,0x00,0x00,0x00,0x00,0x00,0x00,0x00,0x00,0x00 ; COM 5BCC
    db 0x00,0x00,0x00,0x00,0x00,0x00,0x00,0x00,0x00,0x00,0x00,0x00,0x00,0x00,0x00,0x00 ; COM 5BDC
    db 0x00,0x00,0x00,0x00,0x00,0x00,0x00,0x00,0x00,0x00,0x00,0x00,0x00,0x00,0x00,0x00 ; COM 5BEC
    db 0x00,0x00,0x00,0x00,0x00,0x00,0x00,0x00,0x00,0x00,0x00,0x00,0x00,0x00,0x00,0x00 ; COM 5BFC
    db 0x00,0x00,0x00,0x00,0x00,0x00,0x00,0x00,0x00,0x00,0x00,0x00,0x00,0x00,0x00,0x00 ; COM 5C0C
    db 0x00,0x00,0x00,0x00,0x00,0x00,0x00,0x00,0x00,0x00,0x00,0x00,0x00,0x00,0x00,0x00 ; COM 5C1C
    db 0x00,0x00,0x00,0x00,0x00,0x00,0x00,0x00,0x00,0x00,0x00,0x00,0x00,0x00,0x00,0x00 ; COM 5C2C
    db 0x00,0x00,0x00,0x00,0x00,0x00,0x00,0x00,0x00,0x00,0x00,0x00,0x00,0x00,0x00,0x00 ; COM 5C3C
    db 0x00,0x00,0x00,0x00,0x00,0x00,0x00,0x00,0x00,0x00,0x00,0x00,0x00,0x00,0x00,0x00 ; COM 5C4C
    db 0x00,0x00,0x00,0x00,0x00,0x00,0x00,0x00,0x00,0x00,0x00,0x00,0x00,0x00,0x00,0x00 ; COM 5C5C
    db 0x00,0x00,0x00,0x00,0x00,0x00,0x00,0x00,0x00,0x00,0x00,0x00,0x00,0x00,0x00,0x00 ; COM 5C6C
    db 0x00,0x00,0x00,0x00,0x00,0x00,0x00,0x00,0x00,0x00,0x00,0x00,0x00,0x00,0x00,0x00 ; COM 5C7C
    db 0x00,0x00,0x00,0x00,0x00,0x00,0x00,0x00,0x00,0x00,0x00,0x00,0x00,0x00,0x00,0x00 ; COM 5C8C
    db 0x00,0x00,0x00,0x00,0x00,0x00,0x00,0x00,0x00,0x00,0x00,0x00,0x00,0x00,0x00,0x00 ; COM 5C9C
    db 0x00,0x00,0x00,0x00,0x00,0x00,0x00,0x00,0x00,0x00,0x00,0x00,0x00,0x00,0x00,0x00 ; COM 5CAC
    db 0x00,0x00,0x00,0x00,0x00,0x00,0x00,0x00,0x00,0x00,0x00,0x00,0x00,0x00,0x00,0x00 ; COM 5CBC
    db 0x00,0x00,0x00,0x00,0x00,0x00,0x00,0x00,0x00,0x00,0x00,0x00,0x00,0x00,0x00,0x00 ; COM 5CCC
    db 0x00,0x00,0x00,0x00,0x00,0x00,0x00,0x00,0x00,0x00,0x00,0x00,0x00,0x00,0x00,0x00 ; COM 5CDC
    db 0x00,0x00,0x00,0x00,0x00,0x00,0x00,0x00,0x00,0x00,0x00,0x00,0x00,0x00,0x00,0x00 ; COM 5CEC
    db 0x00,0x00,0x00,0x00,0x00,0x00,0x00,0x00,0x00,0x00,0x00,0x00,0x00,0x00,0x00,0x00 ; COM 5CFC
    db 0x00,0x00,0x00,0x00,0x00,0x00,0x00,0x00,0x00,0x00,0x00,0x00,0x00,0x00,0x00,0x00 ; COM 5D0C
    db 0x00,0x00,0x00,0x00,0x00,0x00,0x00,0x00,0x00,0x00,0x00,0x00,0x00,0x00,0x00,0x00 ; COM 5D1C
    db 0x00,0x00,0x00,0x00,0x00,0x00,0x00,0x00,0x00,0x00,0x00,0x00,0x00,0x00,0x00,0x00 ; COM 5D2C
    db 0x00,0x00,0x00,0x00,0x00,0x00,0x00,0x00,0x00,0x00,0x00,0x00,0x00,0x00,0x00,0x00 ; COM 5D3C
    db 0x00,0x00,0x00,0x00,0x00,0x00,0x00,0x00,0x00,0x00,0x00,0x00,0x00,0x00,0x00,0x00 ; COM 5D4C
    db 0x00,0x00,0x00,0x00,0x00,0x00,0x00,0x00,0x00,0x00,0x00,0x00,0x00,0x00,0x00,0x00 ; COM 5D5C
    db 0x00,0x00,0x00,0x00,0x00,0x00,0x00,0x00,0x00,0x00,0x00,0x00,0x00,0x00,0x00,0x00 ; COM 5D6C
    db 0x00,0x00,0x00,0x00,0x00,0x00,0x00,0x00,0x00,0x00,0x00,0x00,0x00,0x00,0x00,0x00 ; COM 5D7C
    db 0x00,0x00,0x00,0x00,0x00,0x00,0x00,0x00,0x00,0x00,0x00,0x00,0x00,0x00,0x00,0x00 ; COM 5D8C
    db 0x00,0x00,0x00,0x00,0x00,0x00,0x00,0x00,0x00,0x00,0x00,0x00,0x00,0x00,0x00,0x00 ; COM 5D9C
    db 0x00,0x00,0x00,0x00,0x00,0x00,0x00,0x00,0x00,0x00,0x00,0x00,0x00,0x00,0x00,0x00 ; COM 5DAC
    db 0x00,0x00,0x00,0x00,0x00,0x00,0x00,0x00,0x00,0x00,0x00,0x00,0x00,0x00,0x00,0x00 ; COM 5DBC
    db 0x00,0x00,0x00,0x00,0x00,0x00,0x00,0x00,0x00,0x00,0x00,0x00,0x00,0x00,0x00,0x00 ; COM 5DCC
    db 0x00,0x00,0x00,0x00,0x00,0x00,0x00,0x00,0x00,0x00,0x00,0x00,0x00,0x00,0x00,0x00 ; COM 5DDC
    db 0x00,0x00,0x00,0x00,0x00,0x00,0x00,0x00,0x00,0x00,0x00,0x00,0x00,0x00,0x00,0x00 ; COM 5DEC
    db 0x00,0x00,0x00,0x00,0x00,0x00,0x00,0x00,0x00,0x00,0x00,0x00,0x00,0x00,0x00,0x00 ; COM 5DFC
    db 0x00,0x00,0x00,0x00,0x00,0x00,0x00,0x00,0x00,0x00,0x00,0x00,0x00,0x00,0x00,0x00 ; COM 5E0C
    db 0x00,0x00,0x00,0x00,0x00,0x00,0x00,0x00,0x00,0x00,0x00,0x00,0x00,0x00,0x00,0x00 ; COM 5E1C
    db 0x00,0x00,0x00,0x00,0x00,0x00,0x00,0x00,0x00,0x00,0x00,0x00,0x00,0x00,0x00,0x00 ; COM 5E2C
    db 0x00,0x00,0x00,0x00,0x00,0x00,0x00,0x00,0x00,0x00,0x00,0x00,0x00,0x00,0x00,0x00 ; COM 5E3C
    db 0x00,0x00,0x00,0x00,0x00,0x00,0x00,0x00,0x00,0x00,0x00,0x00,0x00,0x00,0x00,0x00 ; COM 5E4C
    db 0x00,0x00,0x00,0x00,0x00,0x00,0x00,0x00,0x00,0x00,0x00,0x00,0x00,0x00,0x00,0x00 ; COM 5E5C
    db 0x00,0x00,0x00,0x00,0x00,0x00,0x00,0x00,0x00,0x00,0x00,0x00,0x00,0x00,0x00,0x00 ; COM 5E6C
    db 0x00,0x00,0x00,0x00,0x00,0x00,0x00,0x00,0x00,0x00,0x00,0x00,0x00,0x00,0x00,0x00 ; COM 5E7C
    db 0x00,0x00,0x00,0x00,0x00,0x00,0x00,0x00,0x00,0x00,0x00,0x00,0x00,0x00,0x00,0x00 ; COM 5E8C
    db 0x00,0x00,0x00,0x00,0x00,0x00,0x00,0x00,0x00,0x00,0x00,0x00,0x00,0x00,0x00,0x00 ; COM 5E9C
    db 0x00,0x00,0x00,0x00,0x00,0x00,0x00,0x00,0x00,0x00,0x00,0x00,0x00,0x00,0x00,0x00 ; COM 5EAC
    db 0x00,0x00,0x00,0x00,0x00,0x00,0x00,0x00,0x00,0x00,0x00,0x00,0x00,0x00,0x00,0x00 ; COM 5EBC
    db 0x00,0x00,0x00,0x00,0x00,0x00,0x00,0x00,0x00,0x00,0x00,0x00,0x00,0x00,0x00,0x00 ; COM 5ECC
    db 0x00,0x00,0x00,0x00,0x00,0x00,0x00,0x00,0x00,0x00,0x00,0x00,0x00,0x00,0x00,0x00 ; COM 5EDC
    db 0x00,0x00,0x00,0x00,0x00,0x00,0x00,0x00,0x00,0x00,0x00,0x00,0x00,0x00,0x00,0x00 ; COM 5EEC
    db 0x00,0x00,0x00,0x00,0x00,0x00,0x00,0x00,0x00,0x00,0x00,0x00,0x00,0x00,0x00,0x00 ; COM 5EFC
    db 0x00,0x00,0x00,0x00,0x00,0x00,0x00,0x00,0x00,0x00,0x00,0x00,0x00,0x00,0x00,0x00 ; COM 5F0C
    db 0x00,0x00,0x00,0x00,0x00,0x00,0x00,0x00,0x00,0x00,0x00,0x00,0x00,0x00,0x00,0x00 ; COM 5F1C
    db 0x00,0x00,0x00,0x00,0x00,0x00,0x00,0x00,0x00,0x00,0x00,0x00,0x00,0x00,0x00,0x00 ; COM 5F2C
    db 0x00,0x00,0x00,0x00,0x00,0x00,0x00,0x00,0x00,0x00,0x00,0x00,0x00,0x00,0x00,0x00 ; COM 5F3C
    db 0x00,0x00,0x00,0x00,0x00,0x00,0x00,0x00,0x00,0x00,0x00,0x00,0x00,0x00,0x00,0x00 ; COM 5F4C
    db 0x00,0x00,0x00,0x00,0x00,0x00,0x00,0x00,0x00,0x00,0x00,0x00,0x00,0x00,0x00,0x00 ; COM 5F5C
    db 0x00,0x00,0x00,0x00,0x00,0x00,0x00,0x00,0x00,0x00,0x00,0x00,0x00,0x00,0x00,0x00 ; COM 5F6C
    db 0x00,0x00,0x00,0x00,0x00,0x00,0x00,0x00,0x00,0x00,0x00,0x00,0x00,0x00,0x00,0x00 ; COM 5F7C
    db 0x00,0x00,0x00,0x00,0x00,0x00,0x00,0x00,0x00,0x00,0x00,0x00,0x00,0x00,0x00,0x00 ; COM 5F8C
    db 0x00,0x00,0x00,0x00,0x00,0x00,0x00,0x00,0x00,0x00,0x00,0x00,0x00,0x00,0x00,0x00 ; COM 5F9C
    db 0x00,0x00,0x00,0x00,0x00,0x00,0x00,0x00,0x00,0x00,0x00,0x00,0x00,0x00,0x00,0x00 ; COM 5FAC
    db 0x00,0x00,0x00,0x00,0x00,0x00,0x00,0x00,0x00,0x00,0x00,0x00,0x00,0x00,0x00,0x00 ; COM 5FBC
    db 0x00,0x00,0x00,0x00,0x00,0x00,0x00,0x00,0x00,0x00,0x00,0x00,0x00,0x00,0x00,0x00 ; COM 5FCC
    db 0x00,0x00,0x00,0x00,0x00,0x00,0x00,0x00,0x00,0x00,0x00,0x00,0x00,0x00,0x00,0x00 ; COM 5FDC
    db 0x00,0x00,0x00,0x00,0x00,0x00,0x00,0x00,0x00,0x00,0x00,0x00,0x00,0x00,0x00,0x00 ; COM 5FEC
    db 0x00,0x00,0x00,0x00,0x00,0x00,0x00,0x00,0x00,0x00,0x00,0x00,0x00,0x00,0x00,0x00 ; COM 5FFC
    db 0x00,0x00,0x00,0x00,0x00,0x00,0x00,0x00,0x00,0x00,0x00,0x00,0x00,0x00,0x00,0x00 ; COM 600C
    db 0x00,0x00,0x00,0x00,0x00,0x00,0x00,0x00,0x00,0x00,0x00,0x00,0x00,0x00,0x00,0x00 ; COM 601C
    db 0x00,0x00,0x00,0x00,0x00,0x00,0x00,0x00,0x00,0x00,0x00,0x00,0x00,0x00,0x00,0x00 ; COM 602C
    db 0x00,0x00,0x00,0x00,0x00,0x00,0x00,0x00,0x00,0x00,0x00,0x00,0x00,0x00,0x00,0x00 ; COM 603C
    db 0x00,0x00,0x00,0x00,0x00,0x00,0x00,0x00,0x00,0x00,0x00,0x00,0x00,0x00,0x00,0x00 ; COM 604C
    db 0x00,0x00,0x00,0x00,0x00,0x00,0x00,0x00,0x00,0x00,0x00,0x00,0x00,0x00,0x00,0x00 ; COM 605C
    db 0x00,0x00,0x00,0x00,0x00,0x00,0x00,0x00,0x00,0x00,0x00,0x00,0x00,0x00,0x00,0x00 ; COM 606C
    db 0x00,0x00,0x00,0x00,0x00,0x00,0x00,0x00,0x00,0x00,0x00,0x00,0x00,0x00,0x00,0x00 ; COM 607C
    db 0x00,0x00,0x00,0x00,0x00,0x00,0x00,0x00,0x00,0x00,0x00,0x00,0x00,0x00,0x00,0x00 ; COM 608C
    db 0x00,0x00,0x00,0x00,0x00,0x00,0x00,0x00,0x00,0x00,0x00,0x00,0x00,0x00,0x00,0x00 ; COM 609C
    db 0x00,0x00,0x00,0x00,0x00,0x00,0x00,0x00,0x00,0x00,0x00,0x00,0x00,0x00,0x00,0x00 ; COM 60AC
    db 0x00,0x00,0x00,0x00,0x00,0x00,0x00,0x00,0x00,0x00,0x00,0x00,0x00,0x00,0x00,0x00 ; COM 60BC
    db 0x00,0x00,0x00,0x00,0x00,0x00,0x00,0x00,0x00,0x00,0x00,0x00,0x00,0x00,0x00,0x00 ; COM 60CC
    db 0x00,0x00,0x00,0x00,0x00,0x00,0x00,0x00,0x00,0x00,0x00,0x00,0x00,0x00,0x00,0x00 ; COM 60DC
    db 0x00,0x00,0x00,0x00,0x00,0x00,0x00,0x00,0x00,0x00,0x00,0x00,0x00,0x00,0x00,0x00 ; COM 60EC
    db 0x00,0x00,0x00,0x00,0x00,0x00,0x00,0x00,0x00,0x00,0x00,0x00,0x00,0x00,0x00,0x00 ; COM 60FC
    db 0x00,0x00,0x00,0x00,0x00,0x00,0x00,0x00,0x00,0x00,0x00,0x00,0x00,0x00,0x00,0x00 ; COM 610C
    db 0x00,0x00,0x00,0x00,0x00,0x00,0x00,0x00,0x00,0x00,0x00,0x00,0x00,0x00,0x00,0x00 ; COM 611C
    db 0x00,0x00,0x00,0x00,0x00,0x00,0x00,0x00,0x00,0x00,0x00,0x00,0x00,0x00,0x00,0x00 ; COM 612C
    db 0x00,0x00,0x00,0x00,0x00,0x00,0x00,0x00,0x00,0x00,0x00,0x00,0x00,0x00,0x00,0x00 ; COM 613C
    db 0x00,0x00,0x00,0x00,0x00,0x00,0x00,0x00,0x00,0x00,0x00,0x00,0x00,0x00,0x00,0x00 ; COM 614C
    db 0x00,0x00,0x00,0x00,0x00,0x00,0x00,0x00,0x00,0x00,0x00,0x00,0x00,0x00,0x00,0x00 ; COM 615C
    db 0x00,0x00,0x00,0x00,0x00,0x00,0x00,0x00,0x00,0x00,0x00,0x00,0x00,0x00,0x00,0x00 ; COM 616C
    db 0x00,0x00,0x00,0x00,0x00,0x00,0x00,0x00,0x00,0x00,0x00,0x00,0x00,0x00,0x00,0x00 ; COM 617C
    db 0x00,0x00,0x00,0x00,0x00,0x00,0x00,0x00,0x00,0x00,0x00,0x00,0x00,0x00,0x00,0x00 ; COM 618C
    db 0x00,0x00,0x00,0x00,0x00,0x00,0x00,0x00,0x00,0x00,0x00,0x00,0x00,0x00,0x00,0x00 ; COM 619C
    db 0x00,0x00,0x00,0x00,0x00,0x00,0x00,0x00,0x00,0x00,0x00,0x00,0x00,0x00,0x00,0x00 ; COM 61AC
    db 0x00,0x00,0x00,0x00,0x00,0x00,0x00,0x00,0x00,0x00,0x00,0x00,0x00,0x00,0x00,0x00 ; COM 61BC
    db 0x00,0x00,0x00,0x00,0x00,0x00,0x00,0x00,0x00,0x00,0x00,0x00,0x00,0x00,0x00,0x00 ; COM 61CC
    db 0x00,0x00,0x00,0x00,0x00,0x00,0x00,0x00,0x00,0x00,0x00,0x00,0x00,0x00,0x00,0x00 ; COM 61DC
    db 0x00,0x00,0x00,0x00,0x00,0x00,0x00,0x00,0x00,0x00,0x00,0x00,0x00,0x00,0x00,0x00 ; COM 61EC
    db 0x00,0x00,0x00,0x00,0x00,0x00,0x00,0x00,0x00,0x00,0x00,0x00,0x00,0x00,0x00,0x00 ; COM 61FC
    db 0x00,0x00,0x00,0x00,0x00,0x00,0x00,0x00,0x00,0x00,0x00,0x00,0x00,0x00,0x00,0x00 ; COM 620C
    db 0x00,0x00,0x00,0x00,0x00,0x00,0x00,0x00,0x00,0x00,0x00,0x00,0x00,0x00,0x00,0x00 ; COM 621C
    db 0x00,0x00,0x00,0x00,0x00,0x00,0x00,0x00,0x00,0x00,0x00,0x00,0x00,0x00,0x00,0x00 ; COM 622C
    db 0x00,0x00,0x00,0x00,0x00,0x00,0x00,0x00,0x00,0x00,0x00,0x00,0x00,0x00,0x00,0x00 ; COM 623C
    db 0x00,0x00,0x00,0x00,0x00,0x00,0x00,0x00,0x00,0x00,0x00,0x00,0x00,0x00,0x00,0x00 ; COM 624C
    db 0x00,0x00,0x00,0x00,0x00,0x00,0x00,0x00,0x00,0x00,0x00,0x00,0x00,0x00,0x00,0x00 ; COM 625C
    db 0x00,0x00,0x00,0x00,0x00,0x00,0x00,0x00,0x00,0x00,0x00,0x00,0x00,0x00,0x00,0x00 ; COM 626C
    db 0x00,0x00,0x00,0x00,0x00,0x00,0x00,0x00,0x00,0x00,0x00,0x00,0x00,0x00,0x00,0x00 ; COM 627C
    db 0x00,0x00,0x00,0x00,0x00,0x00,0x00,0x00,0x00,0x00,0x00,0x00,0x00,0x00,0x00,0x00 ; COM 628C
    db 0x00,0x00,0x00,0x00,0x00,0x00,0x00,0x00,0x00,0x00,0x00,0x00,0x00,0x00,0x00,0x00 ; COM 629C
    db 0x00,0x00,0x00,0x00,0x00,0x00,0x00,0x00,0x00,0x00,0x00,0x00,0x00,0x00,0x00,0x00 ; COM 62AC
    db 0x00,0x00,0x00,0x00,0x00,0x00,0x00,0x00,0x00,0x00,0x00,0x00,0x00,0x00,0x00,0x00 ; COM 62BC
    db 0x00,0x00,0x00,0x00,0x00,0x00,0x00,0x00,0x00,0x00,0x00,0x00,0x00,0x00,0x00,0x00 ; COM 62CC
    db 0x00,0x00,0x00,0x00,0x00,0x00,0x00,0x00,0x00,0x00,0x00,0x00,0x00,0x00,0x00,0x00 ; COM 62DC
    db 0x00,0x00,0x00,0x00,0x00,0x00,0x00,0x00,0x00,0x00,0x00,0x00,0x00,0x00,0x00,0x00 ; COM 62EC
    db 0x00,0x00,0x00,0x00,0x00,0x00,0x00,0x00,0x00,0x00,0x00,0x00,0x00,0x00,0x00,0x00 ; COM 62FC
    db 0x00,0x00,0x00,0x00,0x00,0x00,0x00,0x00,0x00,0x00,0x00,0x00,0x00,0x00,0x00,0x00 ; COM 630C
    db 0x00,0x00,0x00,0x00,0x00,0x00,0x00,0x00,0x00,0x00,0x00,0x00,0x00,0x00,0x00,0x00 ; COM 631C
    db 0x00,0x00,0x00,0x00,0x00,0x00,0x00,0x00,0x00,0x00,0x00,0x00,0x00,0x00,0x00,0x00 ; COM 632C
    db 0x00,0x00,0x00,0x00,0x00,0x00,0x00,0x00,0x00,0x00,0x00,0x00,0x00,0x00,0x00,0x00 ; COM 633C
    db 0x00,0x00,0x00,0x00,0x00,0x00,0x00,0x00,0x00,0x00,0x00,0x00,0x00,0x00,0x00,0x00 ; COM 634C
    db 0x00,0x00,0x00,0x00,0x00,0x00,0x00,0x00,0x00,0x00,0x00,0x00,0x00,0x00,0x00,0x00 ; COM 635C
    db 0x00,0x00,0x00,0x00,0x00,0x00,0x00,0x00,0x00,0x00,0x00,0x00,0x00,0x00,0x00,0x00 ; COM 636C
    db 0x00,0x00,0x00,0x00,0x00,0x00,0x00,0x00,0x00,0x00,0x00,0x00,0x00,0x00,0x00,0x00 ; COM 637C
    db 0x00,0x00,0x00,0x00,0x00,0x00,0x00,0x00,0x00,0x00,0x00,0x00,0x00,0x00,0x00,0x00 ; COM 638C
    db 0x00,0x00,0x00,0x00,0x00,0x00,0x00,0x00,0x00,0x00,0x00,0x00,0x00,0x00,0x00,0x00 ; COM 639C
    db 0x00,0x00,0x00,0x00,0x00,0x00,0x00,0x00,0x00,0x00,0x00,0x00,0x00,0x00,0x00,0x00 ; COM 63AC
    db 0x00,0x00,0x00,0x00,0x00,0x00,0x00,0x00,0x00,0x00,0x00,0x00,0x00,0x00,0x00,0x00 ; COM 63BC
    db 0x00,0x00,0x00,0x00,0x00,0x00,0x00,0x00,0x00,0x00,0x00,0x00,0x00,0x00,0x00,0x00 ; COM 63CC
    db 0x00,0x00,0x00,0x00,0x00,0x00,0x00,0x00,0x00,0x00,0x00,0x00,0x00,0x00,0x00,0x00 ; COM 63DC
    db 0x00,0x00,0x00,0x00,0x00,0x00,0x00,0x00,0x00,0x00,0x00,0x00,0x00,0x00,0x00,0x00 ; COM 63EC
    db 0x00,0x00,0x00,0x00,0x00,0x00,0x00,0x00,0x00,0x00,0x00,0x00,0x00,0x00,0x00,0x00 ; COM 63FC
    db 0x00,0x00,0x00,0x00,0x00,0x00,0x00,0x00,0x00,0x00,0x00,0x00,0x00,0x00,0x00,0x00 ; COM 640C
    db 0x00,0x00,0x00,0x00,0x00,0x00,0x00,0x00,0x00,0x00,0x00,0x00,0x00,0x00,0x00,0x00 ; COM 641C
    db 0x00,0x00,0x00,0x00,0x00,0x00,0x00,0x00,0x00,0x00,0x00,0x00,0x00,0x00,0x00,0x00 ; COM 642C
    db 0x00,0x00,0x00,0x00,0x00,0x00,0x00,0x00,0x00,0x00,0x00,0x00,0x00,0x00,0x00,0x00 ; COM 643C
    db 0x00,0x00,0x00,0x00,0x00,0x00,0x00,0x00,0x00,0x00,0x00,0x00,0x00,0x00,0x00,0x00 ; COM 644C
    db 0x00,0x00,0x00,0x00,0x00,0x00,0x00,0x00,0x00,0x00,0x00,0x00,0x00,0x00,0x00,0x00 ; COM 645C
    db 0x00,0x00,0x00,0x00,0x00,0x00,0x00,0x00,0x00,0x00,0x00,0x00,0x00,0x00,0x00,0x00 ; COM 646C
    db 0x00,0x00,0x00,0x00,0x00,0x00,0x00,0x00,0x00,0x00,0x00,0x00,0x00,0x00,0x00,0x00 ; COM 647C
    db 0x00,0x00,0x00,0x00,0x00,0x00,0x00,0x00,0x00,0x00,0x00,0x00,0x00,0x00,0x00,0x00 ; COM 648C
    db 0x00,0x00,0x00,0x00,0x00,0x00,0x00,0x00,0x00,0x00,0x00,0x00,0x00,0x00,0x00,0x00 ; COM 649C
    db 0x00,0x00,0x00,0x00,0x00,0x00,0x00,0x00,0x00,0x00,0x00,0x00,0x00,0x00,0x00,0x00 ; COM 64AC
    db 0x00,0x00,0x00,0x00,0x00,0x00,0x00,0x00,0x00,0x00,0x00,0x00,0x00,0x00,0x00,0x00 ; COM 64BC
    db 0x00,0x00,0x00,0x00,0x00,0x00,0x00,0x00,0x00,0x00,0x00,0x00,0x00,0x00,0x00,0x00 ; COM 64CC
    db 0x00,0x00,0x00,0x00,0x00,0x00,0x00,0x00,0x00,0x00,0x00,0x00,0x00,0x00,0x00,0x00 ; COM 64DC
    db 0x00,0x00,0x00,0x00,0x00,0x00,0x00,0x00,0x00,0x00,0x00,0x00,0x00,0x00,0x00,0x00 ; COM 64EC
    db 0x00,0x00,0x00,0x00,0x00,0x00,0x00,0x00,0x00,0x00,0x00,0x00,0x00,0x00,0x00,0x00 ; COM 64FC
    db 0x00,0x00,0x00,0x00,0x00,0x00,0x00,0x00,0x00,0x00,0x00,0x00,0x00,0x00,0x00,0x00 ; COM 650C
    db 0x00,0x00,0x00,0x00,0x00,0x00,0x00,0x00,0x00,0x00,0x00,0x00,0x00,0x00,0x00,0x00 ; COM 651C
    db 0x00,0x00,0x00,0x00,0x00,0x00,0x00,0x00,0x00,0x00,0x00,0x00,0x00,0x00,0x00,0x00 ; COM 652C
    db 0x00,0x00,0x00,0x00,0x00,0x00,0x00,0x00,0x00,0x00,0x00,0x00,0x00,0x00,0x00,0x00 ; COM 653C
    db 0x00,0x00,0x00,0x00,0x00,0x00,0x00,0x00,0x00,0x00,0x00,0x00,0x00,0x00,0x00,0x00 ; COM 654C
    db 0x00,0x00,0x00,0x00,0x00,0x00,0x00,0x00,0x00,0x00,0x00,0x00,0x00,0x00,0x00,0x00 ; COM 655C
    db 0x00,0x00,0x00,0x00,0x00,0x00,0x00,0x00,0x00,0x00,0x00,0x00,0x00,0x00,0x00,0x00 ; COM 656C
    db 0x00,0x00,0x00,0x00,0x00,0x00,0x00,0x00,0x00,0x00,0x00,0x00,0x00,0x00,0x00,0x00 ; COM 657C
    db 0x00,0x00,0x00,0x00,0x00,0x00,0x00,0x00,0x00,0x00,0x00,0x00,0x00,0x00,0x00,0x00 ; COM 658C
    db 0x00,0x00,0x00,0x00,0x00,0x00,0x00,0x00,0x00,0x00,0x00,0x00,0x00,0x00,0x00,0x00 ; COM 659C
    db 0x00,0x00,0x00,0x00,0x00,0x00,0x00,0x00,0x00,0x00,0x00,0x00,0x00,0x00,0x00,0x00 ; COM 65AC
    db 0x00,0x00,0x00,0x00,0x00,0x00,0x00,0x00,0x00,0x00,0x00,0x00,0x00,0x00,0x00,0x00 ; COM 65BC
    db 0x00,0x00,0x00,0x00,0x00,0x00,0x00,0x00,0x00,0x00,0x00,0x00,0x00,0x00,0x00,0x00 ; COM 65CC
    db 0x00,0x00,0x00,0x00,0x00,0x00,0x00,0x00,0x00,0x00,0x00,0x00,0x00,0x00,0x00,0x00 ; COM 65DC
    db 0x00,0x00,0x00,0x00,0x00,0x00,0x00,0x00,0x00,0x00,0x00,0x00,0x00,0x00,0x00,0x00 ; COM 65EC
    db 0x00,0x00,0x00,0x00,0x00,0x00,0x00,0x00,0x00,0x00,0x00,0x00,0x00,0x00,0x00,0x00 ; COM 65FC
    db 0x00,0x00,0x00,0x00,0x00,0x00,0x00,0x00,0x00,0x00,0x00,0x00,0x00,0x00,0x00,0x00 ; COM 660C
    db 0x00,0x00,0x00,0x00,0x00,0x00,0x00,0x00,0x00,0x00,0x00,0x00,0x00,0x00,0x00,0x00 ; COM 661C
    db 0x00,0x00,0x00,0x00,0x00,0x00,0x00,0x00,0x00,0x00,0x00,0x00,0x00,0x00,0x00,0x00 ; COM 662C
    db 0x00,0x00,0x00,0x00,0x00,0x00,0x00,0x00,0x00,0x00,0x00,0x00,0x00,0x00,0x00,0x00 ; COM 663C
    db 0x00,0x00,0x00,0x00,0x00,0x00,0x00,0x00,0x00,0x00,0x00,0x00,0x00,0x00,0x00,0x00 ; COM 664C
    db 0x00,0x00,0x00,0x00,0x00,0x00,0x00,0x00,0x00,0x00,0x00,0x00,0x00,0x00,0x00,0x00 ; COM 665C
    db 0x00,0x00,0x00,0x00,0x00,0x00,0x00,0x00,0x00,0x00,0x00,0x00,0x00,0x00,0x00,0x00 ; COM 666C
    db 0x00,0x00,0x00,0x00,0x00,0x00,0x00,0x00,0x00,0x00,0x00,0x00,0x00,0x00,0x00,0x00 ; COM 667C
    db 0x00,0x00,0x00,0x00,0x00,0x00,0x00,0x00,0x00,0x00,0x00,0x00,0x00,0x00,0x00,0x00 ; COM 668C
    db 0x00,0x00,0x00,0x00,0x00,0x00,0x00,0x00,0x00,0x00,0x00,0x00,0x00,0x00,0x00,0x00 ; COM 669C
    db 0x00,0x00,0x00,0x00,0x00,0x00,0x00,0x00,0x00,0x00,0x00,0x00,0x00,0x00,0x00,0x00 ; COM 66AC
    db 0x00,0x00,0x00,0x00,0x00,0x00,0x00,0x00,0x00,0x00,0x00,0x00,0x00,0x00,0x00,0x00 ; COM 66BC
    db 0x00,0x00,0x00,0x00,0x00,0x00,0x00,0x00,0x00,0x00,0x00,0x00,0x00,0x00,0x00,0x00 ; COM 66CC
    db 0x00,0x00,0x00,0x00,0x00,0x00,0x00,0x00,0x00,0x00,0x00,0x00,0x00,0x00,0x00,0x00 ; COM 66DC
    db 0x00,0x00,0x00,0x00,0x00,0x00,0x00,0x00,0x00,0x00,0x00,0x00,0x00,0x00,0x00,0x00 ; COM 66EC
    db 0x00,0x00,0x00,0x00,0x00,0x00,0x00,0x00,0x00,0x00,0x00,0x00,0x00,0x00,0x00,0x00 ; COM 66FC
    db 0x00,0x00,0x00,0x00,0x00,0x00,0x00,0x00,0x00,0x00,0x00,0x00,0x00,0x00,0x00,0x00 ; COM 670C
    db 0x00,0x00,0x00,0x00,0x00,0x00,0x00,0x00,0x00,0x00,0x00,0x00,0x00,0x00,0x00,0x00 ; COM 671C
    db 0x00,0x00,0x00,0x00,0x00,0x00,0x00,0x00,0x00,0x00,0x00,0x00,0x00,0x00,0x00,0x00 ; COM 672C
    db 0x00,0x00,0x00,0x00,0x00,0x00,0x00,0x00,0x00,0x00,0x00,0x00,0x00,0x00,0x00,0x00 ; COM 673C
    db 0x00,0x00,0x00,0x00,0x00,0x00,0x00,0x00,0x00,0x00,0x00,0x00,0x00,0x00,0x00,0x00 ; COM 674C
    db 0x00,0x00,0x00,0x00,0x00,0x00,0x00,0x00,0x00,0x00,0x00,0x00,0x00,0x00,0x00,0x00 ; COM 675C
    db 0x00,0x00,0x00,0x00,0x00,0x00,0x00,0x00,0x00,0x00,0x00,0x00,0x00,0x00,0x00,0x00 ; COM 676C
    db 0x00,0x00,0x00,0x00,0x00,0x00,0x00,0x00,0x00,0x00,0x00,0x00,0x00,0x00,0x00,0x00 ; COM 677C
    db 0x00,0x00,0x00,0x00,0x00,0x00,0x00,0x00,0x00,0x00,0x00,0x00,0x00,0x00,0x00,0x00 ; COM 678C
    db 0x00,0x00,0x00,0x00,0x00,0x00,0x00,0x00,0x00,0x00,0x00,0x00,0x00,0x00,0x00,0x00 ; COM 679C
    db 0x00,0x00,0x00,0x00,0x00,0x00,0x00,0x00,0x00,0x00,0x00,0x00,0x00,0x00,0x00,0x00 ; COM 67AC
    db 0x00,0x00,0x00,0x00,0x00,0x00,0x00,0x00,0x00,0x00,0x00,0x00,0x00,0x00,0x00,0x00 ; COM 67BC
    db 0x00,0x00,0x00,0x00,0x00,0x00,0x00,0x00,0x00,0x00,0x00,0x00,0x00,0x00,0x00,0x00 ; COM 67CC
    db 0x00,0x00,0x00,0x00,0x00,0x00,0x00,0x00,0x00,0x00,0x00,0x00,0x00,0x00,0x00,0x00 ; COM 67DC
    db 0x00,0x00,0x00,0x00,0x00,0x00,0x00,0x00,0x00,0x00,0x00,0x00,0x00,0x00,0x00,0x00 ; COM 67EC
    db 0x00,0x00,0x00,0x00,0x00,0x00,0x00,0x00,0x00,0x00,0x00,0x00,0x00,0x00,0x00,0x00 ; COM 67FC
    db 0x00,0x00,0x00,0x00,0x00,0x00,0x00,0x00,0x00,0x00,0x00,0x00,0x00,0x00,0x00,0x00 ; COM 680C
    db 0x00,0x00,0x00,0x00,0x00,0x00,0x00,0x00,0x00,0x00,0x00,0x00,0x00,0x00,0x00,0x00 ; COM 681C
    db 0x00,0x00,0x00,0x00,0x00,0x00,0x00,0x00,0x00,0x00,0x00,0x00,0x00,0x00,0x00,0x00 ; COM 682C
    db 0x00,0x00,0x00,0x00,0x00,0x00,0x00,0x00,0x00,0x00,0x00,0x00,0x00,0x00,0x00,0x00 ; COM 683C
    db 0x00,0x00,0x00,0x00,0x00,0x00,0x00,0x00,0x00,0x00,0x00,0x00,0x00,0x00,0x00,0x00 ; COM 684C
    db 0x00,0x00,0x00,0x00,0x00,0x00,0x00,0x00,0x00,0x00,0x00,0x00,0x00,0x00,0x00,0x00 ; COM 685C
    db 0x00,0x00,0x00,0x00,0x00,0x00,0x00,0x00,0x00,0x00,0x00,0x00,0x00,0x00,0x00,0x00 ; COM 686C
    db 0x00,0x00,0x00,0x00,0x00,0x00,0x00,0x00,0x00,0x00,0x00,0x00,0x00,0x00,0x00,0x00 ; COM 687C
    db 0x00,0x00,0x00,0x00,0x00,0x00,0x00,0x00,0x00,0x00,0x00,0x00,0x00,0x00,0x00,0x00 ; COM 688C
    db 0x00,0x00,0x00,0x00,0x00,0x00,0x00,0x00,0x00,0x00,0x00,0x00,0x00,0x00,0x00,0x00 ; COM 689C
    db 0x00,0x00,0x00,0x00,0x00,0x00,0x00,0x00,0x00,0x00,0x00,0x00,0x00,0x00,0x00,0x00 ; COM 68AC
    db 0x00,0x00,0x00,0x00,0x00,0x00,0x00,0x00,0x00,0x00,0x00,0x00,0x00,0x00,0x00,0x00 ; COM 68BC
    db 0x00,0x00,0x00,0x00,0x00,0x00,0x00,0x00,0x00,0x00,0x00,0x00,0x00,0x00,0x00,0x00 ; COM 68CC
    db 0x00,0x00,0x00,0x00,0x00,0x00,0x00,0x00,0x00,0x00,0x00,0x00,0x00,0x00,0x00,0x00 ; COM 68DC
    db 0x00,0x00,0x00,0x00,0x00,0x00,0x00,0x00,0x00,0x00,0x00,0x00,0x00,0x00,0x00,0x00 ; COM 68EC
    db 0x00,0x00,0x00,0x00,0x00,0x00,0x00,0x00,0x00,0x00,0x00,0x00,0x00,0x00,0x00,0x00 ; COM 68FC
    db 0x00,0x00,0x00,0x00,0x00,0x00,0x00,0x00,0x00,0x00,0x00,0x00,0x00,0x00,0x00,0x00 ; COM 690C
    db 0x00,0x00,0x00,0x00,0x00,0x00,0x00,0x00,0x00,0x00,0x00,0x00,0x00,0x00,0x00,0x00 ; COM 691C
    db 0x00,0x00,0x00,0x00,0x00,0x00,0x00,0x00,0x00,0x00,0x00,0x00,0x00,0x00,0x00,0x00 ; COM 692C
    db 0x00,0x00,0x00,0x00,0x00,0x00,0x00,0x00,0x00,0x00,0x00,0x00,0x00,0x00,0x00,0x00 ; COM 693C
    db 0x00,0x00,0x00,0x00,0x00,0x00,0x00,0x00,0x00,0x00,0x00,0x00,0x00,0x00,0x00,0x00 ; COM 694C
    db 0x00,0x00,0x00,0x00,0x00,0x00,0x00,0x00,0x00,0x00,0x00,0x00,0x00,0x00,0x00,0x00 ; COM 695C
    db 0x00,0x00,0x00,0x00,0x00,0x00,0x00,0x00,0x00,0x00,0x00,0x00,0x00,0x00,0x00,0x00 ; COM 696C
    db 0x00,0x00,0x00,0x00,0x00,0x00,0x00,0x00,0x00,0x00,0x00,0x00,0x00,0x00,0x00,0x00 ; COM 697C
    db 0x00,0x00,0x00,0x00,0x00,0x00,0x00,0x00,0x00,0x00,0x00,0x00,0x00,0x00,0x00,0x00 ; COM 698C
    db 0x00,0x00,0x00,0x00,0x00,0x00,0x00,0x00,0x00,0x00,0x00,0x00,0x00,0x00,0x00,0x00 ; COM 699C
    db 0x00,0x00,0x00,0x00,0x00,0x00,0x00,0x00,0x00,0x00,0x00,0x00,0x00,0x00,0x00,0x00 ; COM 69AC
    db 0x00,0x00,0x00,0x00,0x00,0x00,0x00,0x00,0x00,0x00,0x00,0x00,0x00,0x00,0x00,0x00 ; COM 69BC
    db 0x00,0x00,0x00,0x00,0x00,0x00,0x00,0x00,0x00,0x00,0x00,0x00,0x00,0x00,0x00,0x00 ; COM 69CC
    db 0x00,0x00,0x00,0x00,0x00,0x00,0x00,0x00,0x00,0x00,0x00,0x00,0x00,0x00,0x00,0x00 ; COM 69DC
    db 0x00,0x00,0x00,0x00,0x00,0x00,0x00,0x00,0x00,0x00,0x00,0x00,0x00,0x00,0x00,0x00 ; COM 69EC
    db 0x00,0x00,0x00,0x00,0x00,0x00,0x00,0x00,0x00,0x00,0x00,0x00,0x00,0x00,0x00,0x00 ; COM 69FC
    db 0x00,0x00,0x00,0x00,0x00,0x00,0x00,0x00,0x00,0x00,0x00,0x00,0x00,0x00,0x00,0x00 ; COM 6A0C
    db 0x00,0x00,0x00,0x00,0x00,0x00,0x00,0x00,0x00,0x00,0x00,0x00,0x00,0x00,0x00,0x00 ; COM 6A1C
    db 0x00,0x00,0x00,0x00,0x00,0x00,0x00,0x00,0x00,0x00,0x00,0x00,0x00,0x00,0x00,0x00 ; COM 6A2C
    db 0x00,0x00,0x00,0x00,0x00,0x00,0x00,0x00,0x00,0x00,0x00,0x00,0x00,0x00,0x00,0x00 ; COM 6A3C
    db 0x00,0x00,0x00,0x00,0x00,0x00,0x00,0x00,0x00,0x00,0x00,0x00,0x00,0x00,0x00,0x00 ; COM 6A4C
    db 0x00,0x00,0x00,0x00,0x00,0x00,0x00,0x00,0x00,0x00,0x00,0x00,0x00,0x00,0x00,0x00 ; COM 6A5C
    db 0x00,0x00,0x00,0x00,0x00,0x00,0x00,0x00,0x00,0x00,0x00,0x00,0x00,0x00,0x00,0x00 ; COM 6A6C
    db 0x00,0x00,0x00,0x00,0x00,0x00,0x00,0x00,0x00,0x00,0x00,0x00,0x00,0x00,0x00,0x00 ; COM 6A7C
    db 0x00,0x00,0x00,0x00,0x00,0x00,0x00,0x00,0x00,0x00,0x00,0x00,0x00,0x00,0x00,0x00 ; COM 6A8C
    db 0x00,0x00,0x00,0x00,0x00,0x00,0x00,0x00,0x00,0x00,0x00,0x00,0x00,0x00,0x00,0x00 ; COM 6A9C
    db 0x00,0x00,0x00,0x00,0x00,0x00,0x00,0x00,0x00,0x00,0x00,0x00,0x00,0x00,0x00,0x00 ; COM 6AAC
    db 0x00,0x00,0x00,0x00,0x00,0x00,0x00,0x00,0x00,0x00,0x00,0x00,0x00,0x00,0x00,0x00 ; COM 6ABC
    db 0x00,0x00,0x00,0x00,0x00,0x00,0x00,0x00,0x00,0x00,0x00,0x00,0x00,0x00,0x00,0x00 ; COM 6ACC
    db 0x00,0x00,0x00,0x00,0x00,0x00,0x00,0x00,0x00,0x00,0x00,0x00,0x00,0x00,0x00,0x00 ; COM 6ADC
    db 0x00,0x00,0x00,0x00,0x00,0x00,0x00,0x00,0x00,0x00,0x00,0x00,0x00,0x00,0x00,0x00 ; COM 6AEC
    db 0x00,0x00,0x00,0x00,0x00,0x00,0x00,0x00,0x00,0x00,0x00,0x00,0x00,0x00,0x00,0x00 ; COM 6AFC
    db 0x00,0x00,0x00,0x00,0x00,0x00,0x00,0x00,0x00,0x00,0x00,0x00,0x00,0x00,0x00,0x00 ; COM 6B0C
    db 0x00,0x00,0x00,0x00,0x00,0x00,0x00,0x00,0x00,0x00,0x00,0x00,0x00,0x00,0x00,0x00 ; COM 6B1C
    db 0x00,0x00,0x00,0x00,0x00,0x00,0x00,0x00,0x00,0x00,0x00,0x00,0x00,0x00,0x00,0x00 ; COM 6B2C
    db 0x00,0x00,0x00,0x00,0x00,0x00,0x00,0x00,0x00,0x00,0x00,0x00,0x00,0x00,0x00,0x00 ; COM 6B3C
    db 0x00,0x00,0x00,0x00,0x00,0x00,0x00,0x00,0x00,0x00,0x00,0x00,0x00,0x00,0x00,0x00 ; COM 6B4C
    db 0x00,0x00,0x00,0x00,0x00,0x00,0x00,0x00,0x00,0x00,0x00,0x00,0x00,0x00,0x00,0x00 ; COM 6B5C
    db 0x00,0x00,0x00,0x00,0x00,0x00,0x00,0x00,0x00,0x00,0x00,0x00,0x00,0x00,0x00,0x00 ; COM 6B6C
    db 0x00,0x00,0x00,0x00,0x00,0x00,0x00,0x00,0x00,0x00,0x00,0x00,0x00,0x00,0x00,0x00 ; COM 6B7C
    db 0x00,0x00,0x00,0x00,0x00,0x00,0x00,0x00,0x00,0x00,0x00,0x00,0x00,0x00,0x00,0x00 ; COM 6B8C
    db 0x00,0x00,0x00,0x00,0x00,0x00,0x00,0x00,0x00,0x00,0x00,0x00,0x00,0x00,0x00,0x00 ; COM 6B9C
    db 0x00,0x00,0x00,0x00,0x00,0x00,0x00,0x00,0x00,0x00,0x00,0x00,0x00,0x00,0x00,0x00 ; COM 6BAC
    db 0x00,0x00,0x00,0x00,0x00,0x00,0x00,0x00,0x00,0x00,0x00,0x00,0x00,0x00,0x00,0x00 ; COM 6BBC
    db 0x00,0x00,0x00,0x00,0x00,0x00,0x00,0x00,0x00,0x00,0x00,0x00,0x00,0x00,0x00,0x00 ; COM 6BCC
    db 0x00,0x00,0x00,0x00,0x00,0x00,0x00,0x00,0x00,0x00,0x00,0x00,0x00,0x00,0x00,0x00 ; COM 6BDC
    db 0x00,0x00,0x00,0x00,0x00,0x00,0x00,0x00,0x00,0x00,0x00,0x00,0x00,0x00,0x00,0x00 ; COM 6BEC
    db 0x00,0x00,0x00,0x00,0x00,0x00,0x00,0x00,0x00,0x00,0x00,0x00,0x00,0x00,0x00,0x00 ; COM 6BFC
    db 0x00,0x00,0x00,0x00,0x00,0x00,0x00,0x00,0x00,0x00,0x00,0x00,0x00,0x00,0x00,0x00 ; COM 6C0C
    db 0x00,0x00,0x00,0x00,0x00,0x00,0x00,0x00,0x00,0x00,0x00,0x00,0x00,0x00,0x00,0x00 ; COM 6C1C
    db 0x00,0x00,0x00,0x00,0x00,0x00,0x00,0x00,0x00,0x00,0x00,0x00,0x00,0x00,0x00,0x00 ; COM 6C2C
    db 0x00,0x00,0x00,0x00,0x00,0x00,0x00,0x00,0x00,0x00,0x00,0x00,0x00,0x00,0x00,0x00 ; COM 6C3C
    db 0x00,0x00,0x00,0x00,0x00,0x00,0x00,0x00,0x00,0x00,0x00,0x00,0x00,0x00,0x00,0x00 ; COM 6C4C
    db 0x00,0x00,0x00,0x00,0x00,0x00,0x00,0x00,0x00,0x00,0x00,0x00,0x00,0x00,0x00,0x00 ; COM 6C5C
    db 0x00,0x00,0x00,0x00,0x00,0x00,0x00,0x00,0x00,0x00,0x00,0x00,0x00,0x00,0x00,0x00 ; COM 6C6C
    db 0x00,0x00,0x00,0x00,0x00,0x00,0x00,0x00,0x00,0x00,0x00,0x00,0x00,0x00,0x00,0x00 ; COM 6C7C
    db 0x00,0x00,0x00,0x00,0x00,0x00,0x00,0x00,0x00,0x00,0x00,0x00,0x00,0x00,0x00,0x00 ; COM 6C8C
    db 0x00,0x00,0x00,0x00,0x00,0x00,0x00,0x00,0x00,0x00,0x00,0x00,0x00,0x00,0x00,0x00 ; COM 6C9C
    db 0x00,0x00,0x00,0x00,0x00,0x00,0x00,0x00,0x00,0x00,0x00,0x00,0x00,0x00,0x00,0x00 ; COM 6CAC
    db 0x00,0x00,0x00,0x00,0x00,0x00,0x00,0x00,0x00,0x00,0x00,0x00,0x00,0x00,0x00,0x00 ; COM 6CBC
    db 0x00,0x00,0x00,0x00,0x00,0x00,0x00,0x00,0x00,0x00,0x00,0x00,0x00,0x00,0x00,0x00 ; COM 6CCC
    db 0x00,0x00,0x00,0x00,0x00,0x00,0x00,0x00,0x00,0x00,0x00,0x00,0x00,0x00,0x00,0x00 ; COM 6CDC
    db 0x00,0x00,0x00,0x00,0x00,0x00,0x00,0x00,0x00,0x00,0x00,0x00,0x00,0x00,0x00,0x00 ; COM 6CEC
    db 0x00,0x00,0x00,0x00,0x00,0x00,0x00,0x00,0x00,0x00,0x00,0x00,0x00,0x00,0x00,0x00 ; COM 6CFC
    db 0x00,0x00,0x00,0x00,0x00,0x00,0x00,0x00,0x00,0x00,0x00,0x00,0x00,0x00,0x00,0x00 ; COM 6D0C
    db 0x00,0x00,0x00,0x00,0x00,0x00,0x00,0x00,0x00,0x00,0x00,0x00,0x00,0x00,0x00,0x00 ; COM 6D1C
    db 0x00,0x00,0x00,0x00,0x00,0x00,0x00,0x00,0x00,0x00,0x00,0x00,0x00,0x00,0x00,0x00 ; COM 6D2C
    db 0x00,0x00,0x00,0x00,0x00,0x00,0x00,0x00,0x00,0x00,0x00,0x00,0x00,0x00,0x00,0x00 ; COM 6D3C
    db 0x00,0x00,0x00,0x00,0x00,0x00,0x00,0x00,0x00,0x00,0x00,0x00,0x00,0x00,0x00,0x00 ; COM 6D4C
    db 0x00,0x00,0x00,0x00,0x00,0x00,0x00,0x00,0x00,0x00,0x00,0x00,0x00,0x00,0x00,0x00 ; COM 6D5C
    db 0x00,0x00,0x00,0x00,0x00,0x00,0x00,0x00,0x00,0x00,0x00,0x00,0x00,0x00,0x00,0x00 ; COM 6D6C
    db 0x00,0x00,0x00,0x00,0x00,0x00,0x00,0x00,0x00,0x00,0x00,0x00,0x00,0x00,0x00,0x00 ; COM 6D7C
    db 0x00,0x00,0x00,0x00,0x00,0x00,0x00,0x00,0x00,0x00,0x00,0x00,0x00,0x00,0x00,0x00 ; COM 6D8C
    db 0x00,0x00,0x00,0x00,0x00,0x00,0x00,0x00,0x00,0x00,0x00,0x00,0x00,0x00,0x00,0x00 ; COM 6D9C
    db 0x00,0x00,0x00,0x00,0x00,0x00,0x00,0x00,0x00,0x00,0x00,0x00,0x00,0x00,0x00,0x00 ; COM 6DAC
    db 0x00,0x00,0x00,0x00,0x00,0x00,0x00,0x00,0x00,0x00,0x00,0x00,0x00,0x00,0x00,0x00 ; COM 6DBC
    db 0x00,0x00,0x00,0x00,0x00,0x00,0x00,0x00,0x00,0x00,0x00,0x00,0x00,0x00,0x00,0x00 ; COM 6DCC
    db 0x00,0x00,0x00,0x00,0x00,0x00,0x00,0x00,0x00,0x00,0x00,0x00,0x00,0x00,0x00,0x00 ; COM 6DDC
    db 0x00,0x00,0x00,0x00,0x00,0x00,0x00,0x00,0x00,0x00,0x00,0x00,0x00,0x00,0x00,0x00 ; COM 6DEC
    db 0x00,0x00,0x00,0x00,0x00,0x00,0x00,0x00,0x00,0x00,0x00,0x00,0x00,0x00,0x00,0x00 ; COM 6DFC
    db 0x00,0x00,0x00,0x00,0x00,0x00,0x00,0x00,0x00,0x00,0x00,0x00,0x00,0x00,0x00,0x00 ; COM 6E0C
    db 0x00,0x00,0x00,0x00,0x00,0x00,0x00,0x00,0x00,0x00,0x00,0x00,0x00,0x00,0x00,0x00 ; COM 6E1C
    db 0x00,0x00,0x00,0x00,0x00,0x00,0x00,0x00,0x00,0x00,0x00,0x00,0x00,0x00,0x00,0x00 ; COM 6E2C
    db 0x00,0x00,0x00,0x00,0x00,0x00,0x00,0x00,0x00,0x00,0x00,0x00,0x00,0x00,0x00,0x00 ; COM 6E3C
    db 0x00,0x00,0x00,0x00,0x00,0x00,0x00,0x00,0x00,0x00,0x00,0x00,0x00,0x00,0x00,0x00 ; COM 6E4C
    db 0x00,0x00,0x00,0x00,0x00,0x00,0x00,0x00,0x00,0x00,0x00,0x00,0x00,0x00,0x00,0x00 ; COM 6E5C
    db 0x00,0x00,0x00,0x00,0x00,0x00,0x00,0x00,0x00,0x00,0x00,0x00,0x00,0x00,0x00,0x00 ; COM 6E6C
    db 0x00,0x00,0x00,0x00,0x00,0x00,0x00,0x00,0x00,0x00,0x00,0x00,0x00,0x00,0x00,0x00 ; COM 6E7C
    db 0x00,0x00,0x00,0x00,0x00,0x00,0x00,0x00,0x00,0x00,0x00,0x00,0x00,0x00,0x00,0x00 ; COM 6E8C
    db 0x00,0x00,0x00,0x00,0x00,0x00,0x00,0x00,0x00,0x00,0x00,0x00,0x00,0x00,0x00,0x00 ; COM 6E9C
    db 0x00,0x00,0x00,0x00,0x00,0x00,0x00,0x00,0x00,0x00,0x00,0x00,0x00,0x00,0x00,0x00 ; COM 6EAC
    db 0x00,0x00,0x00,0x00,0x00,0x00,0x00,0x00,0x00,0x00,0x00,0x00,0x00,0x00,0x00,0x00 ; COM 6EBC
    db 0x00,0x00,0x00,0x00,0x00,0x00,0x00,0x00,0x00,0x00,0x00,0x00,0x00,0x00,0x00,0x00 ; COM 6ECC
    db 0x00,0x00,0x00,0x00,0x00,0x00,0x00,0x00,0x00,0x00,0x00,0x00,0x00,0x00,0x00,0x00 ; COM 6EDC
    db 0x00,0x00,0x00,0x00,0x00,0x00,0x00,0x00,0x00,0x00,0x00,0x00,0x00,0x00,0x00,0x00 ; COM 6EEC
    db 0x00,0x00,0x00,0x00,0x00,0x00,0x00,0x00,0x00,0x00,0x00,0x00,0x00,0x00,0x00,0x00 ; COM 6EFC
    db 0x00,0x00,0x00,0x00,0x00,0x00,0x00,0x00,0x00,0x00,0x00,0x00,0x00,0x00,0x00,0x00 ; COM 6F0C
    db 0x00,0x00,0x00,0x00,0x00,0x00,0x00,0x00,0x00,0x00,0x00,0x00,0x00,0x00,0x00,0x00 ; COM 6F1C
    db 0x00,0x00,0x00,0x00,0x00,0x00,0x00,0x00,0x00,0x00,0x00,0x00,0x00,0x00,0x00,0x00 ; COM 6F2C
    db 0x00,0x00,0x00,0x00,0x00,0x00,0x00,0x00,0x00,0x00,0x00,0x00,0x00,0x00,0x00,0x00 ; COM 6F3C
    db 0x00,0x00,0x00,0x00,0x00,0x00,0x00,0x00,0x00,0x00,0x00,0x00,0x00,0x00,0x00,0x00 ; COM 6F4C
    db 0x00,0x00,0x00,0x00,0x00,0x00,0x00,0x00,0x00,0x00,0x00,0x00,0x00,0x00,0x00,0x00 ; COM 6F5C
    db 0x00,0x00,0x00,0x00,0x00,0x00,0x00,0x00,0x00,0x00,0x00,0x00,0x00,0x00,0x00,0x00 ; COM 6F6C
    db 0x00,0x00,0x00,0x00,0x00,0x00,0x00,0x00,0x00,0x00,0x00,0x00,0x00,0x00,0x00,0x00 ; COM 6F7C
    db 0x00,0x00,0x00,0x00,0x00,0x00,0x00,0x00,0x00,0x00,0x00,0x00,0x00,0x00,0x00,0x00 ; COM 6F8C
    db 0x00,0x00,0x00,0x00,0x00,0x00,0x00,0x00,0x00,0x00,0x00,0x00,0x00,0x00,0x00,0x00 ; COM 6F9C
    db 0x00,0x00,0x00,0x00,0x00,0x00,0x00,0x00,0x00,0x00,0x00,0x00,0x00,0x00,0x00,0x00 ; COM 6FAC
    db 0x00,0x00,0x00,0x00,0x00,0x00,0x00,0x00,0x00,0x00,0x00,0x00,0x00,0x00,0x00,0x00 ; COM 6FBC
    db 0x00,0x00,0x00,0x00,0x00,0x00,0x00,0x00,0x00,0x00,0x00,0x00,0x00,0x00,0x00,0x00 ; COM 6FCC
    db 0x00,0x00,0x00,0x00,0x00,0x00,0x00,0x00,0x00,0x00,0x00,0x00,0x00,0x00,0x00,0x00 ; COM 6FDC
    db 0x00,0x00,0x00,0x00,0x00,0x00,0x00,0x00,0x00,0x00,0x00,0x00,0x00,0x00,0x00,0x00 ; COM 6FEC
    db 0x00,0x00,0x00,0x00,0x00,0x00,0x00,0x00,0x00,0x00,0x00,0x00,0x00,0x00,0x00,0x00 ; COM 6FFC
    db 0x00,0x00,0x00,0x00,0x00,0x00,0x00,0x00,0x00,0x00,0x00,0x00,0x00,0x00,0x00,0x00 ; COM 700C
    db 0x00,0x00,0x00,0x00,0x00,0x00,0x00,0x00,0x00,0x00,0x00,0x00,0x00,0x00,0x00,0x00 ; COM 701C
    db 0x00,0x00,0x00,0x00,0x00,0x00,0x00,0x00,0x00,0x00,0x00,0x00,0x00,0x00,0x00,0x00 ; COM 702C
    db 0x00,0x00,0x00,0x00,0x00,0x00,0x00,0x00,0x00,0x00,0x00,0x00,0x00,0x00,0x00,0x00 ; COM 703C
    db 0x00,0x00,0x00,0x00,0x00,0x00,0x00,0x00,0x00,0x00,0x00,0x00,0x00,0x00,0x00,0x00 ; COM 704C
    db 0x00,0x00,0x00,0x00,0x00,0x00,0x00,0x00,0x00,0x00,0x00,0x00,0x00,0x00,0x00,0x00 ; COM 705C
    db 0x00,0x00,0x00,0x00,0x00,0x00,0x00,0x00,0x00,0x00,0x00,0x00,0x00,0x00,0x00,0x00 ; COM 706C
    db 0x00,0x00,0x00,0x00,0x00,0x00,0x00,0x00,0x00,0x00,0x00,0x00,0x00,0x00,0x00,0x00 ; COM 707C
    db 0x00,0x00,0x00,0x00,0x00,0x00,0x00,0x00,0x00,0x00,0x00,0x00,0x00,0x00,0x00,0x00 ; COM 708C
    db 0x00,0x00,0x00,0x00,0x00,0x00,0x00,0x00,0x00,0x00,0x00,0x00,0x00,0x00,0x00,0x00 ; COM 709C
    db 0x00,0x00,0x00,0x00,0x00,0x00,0x00,0x00,0x00,0x00,0x00,0x00,0x00,0x00,0x00,0x00 ; COM 70AC
    db 0x00,0x00,0x00,0x00,0x00,0x00,0x00,0x00,0x00,0x00,0x00,0x00,0x00,0x00,0x00,0x00 ; COM 70BC
    db 0x00,0x00,0x00,0x00,0x00,0x00,0x00,0x00,0x00,0x00,0x00,0x00,0x00,0x00,0x00,0x00 ; COM 70CC
    db 0x00,0x00,0x00,0x00,0x00,0x00,0x00,0x00,0x00,0x00,0x00,0x00,0x00,0x00,0x00,0x00 ; COM 70DC
    db 0x00,0x00,0x00,0x00,0x00,0x00,0x00,0x00,0x00,0x00,0x00,0x00,0x00,0x00,0x00,0x00 ; COM 70EC
    db 0x00,0x00,0x00,0x00,0x00,0x00,0x00,0x00,0x00,0x00,0x00,0x00,0x00,0x00,0x00,0x00 ; COM 70FC
    db 0x00,0x00,0x00,0x00,0x00,0x00,0x00,0x00,0x00,0x00,0x00,0x00,0x00,0x00,0x00,0x00 ; COM 710C
    db 0x00,0x00,0x00,0x00,0x00,0x00,0x00,0x00,0x00,0x00,0x00,0x00,0x00,0x00,0x00,0x00 ; COM 711C
    db 0x00,0x00,0x00,0x00,0x00,0x00,0x00,0x00,0x00,0x00,0x00,0x00,0x00,0x00,0x00,0x00 ; COM 712C
    db 0x00,0x00,0x00,0x00,0x00,0x00,0x00,0x00,0x00,0x00,0x00,0x00,0x00,0x00,0x00,0x00 ; COM 713C
    db 0x00,0x00,0x00,0x00,0x00,0x00,0x00,0x00,0x00,0x00,0x00,0x00,0x00,0x00,0x00,0x00 ; COM 714C
    db 0x00,0x00,0x00,0x00,0x00,0x00,0x00,0x00,0x00,0x00,0x00,0x00,0x00,0x00,0x00,0x00 ; COM 715C
    db 0x00,0x00,0x00,0x00,0x00,0x00,0x00,0x00,0x00,0x00,0x00,0x00,0x00,0x00,0x00,0x00 ; COM 716C
    db 0x00,0x00,0x00,0x00,0x00,0x00,0x00,0x00,0x00,0x00,0x00,0x00,0x00,0x00,0x00,0x00 ; COM 717C
    db 0x00,0x00,0x00,0x00,0x00,0x00,0x00,0x00,0x00,0x00,0x00,0x00,0x00,0x00,0x00,0x00 ; COM 718C
    db 0x00,0x00,0x00,0x00,0x00,0x00,0x00,0x00,0x00,0x00,0x00,0x00,0x00,0x00,0x00,0x00 ; COM 719C
    db 0x00,0x00,0x00,0x00,0x00,0x00,0x00,0x00,0x00,0x00,0x00,0x00,0x00,0x00,0x00,0x00 ; COM 71AC
    db 0x00,0x00,0x00,0x00,0x00,0x00,0x00,0x00,0x00,0x00,0x00,0x00,0x00,0x00,0x00,0x00 ; COM 71BC
    db 0x00,0x00,0x00,0x00,0x00,0x00,0x00,0x00,0x00,0x00,0x00,0x00,0x00,0x00,0x00,0x00 ; COM 71CC
    db 0x00,0x00,0x00,0x00,0x00,0x00,0x00,0x00,0x00,0x00,0x00,0x00,0x00,0x00,0x00,0x00 ; COM 71DC
    db 0x00,0x00,0x00,0x00,0x00,0x00,0x00,0x00,0x00,0x00,0x00,0x00,0x00,0x00,0x00,0x00 ; COM 71EC
    db 0x00,0x00,0x00,0x00,0x00,0x00,0x00,0x00,0x00,0x00,0x00,0x00,0x00,0x00,0x00,0x00 ; COM 71FC
    db 0x00,0x00,0x00,0x00,0x00,0x00,0x00,0x00,0x00,0x00,0x00,0x00,0x00,0x00,0x00,0x00 ; COM 720C
    db 0x00,0x00,0x00,0x00,0x00,0x00,0x00,0x00,0x00,0x00,0x00,0x00,0x00,0x00,0x00,0x00 ; COM 721C
    db 0x00,0x00,0x00,0x00,0x00,0x00,0x00,0x00,0x00,0x00,0x00,0x00,0x00,0x00,0x00,0x00 ; COM 722C
    db 0x00,0x00,0x00,0x00,0x00,0x00,0x00,0x00,0x00,0x00,0x00,0x00,0x00,0x00,0x00,0x00 ; COM 723C
    db 0x00,0x00,0x00,0x00,0x00,0x00,0x00,0x00,0x00,0x00,0x00,0x00,0x00,0x00,0x00,0x00 ; COM 724C
    db 0x00,0x00,0x00,0x00,0x00,0x00,0x00,0x00,0x00,0x00,0x00,0x00,0x00,0x00,0x00,0x00 ; COM 725C
    db 0x00,0x00,0x00,0x00,0x00,0x00,0x00,0x00,0x00,0x00,0x00,0x00,0x00,0x00,0x00,0x00 ; COM 726C
    db 0x00,0x00,0x00,0x00,0x00,0x00,0x00,0x00,0x00,0x00,0x00,0x00,0x00,0x00,0x00,0x00 ; COM 727C
    db 0x00,0x00,0x00,0x00,0x00,0x00,0x00,0x00,0x00,0x00,0x00,0x00,0x00,0x00,0x00,0x00 ; COM 728C
    db 0x00,0x00,0x00,0x00,0x00,0x00,0x00,0x00,0x00,0x00,0x00,0x00,0x00,0x00,0x00,0x00 ; COM 729C
    db 0x00,0x00,0x00,0x00,0x00,0x00,0x00,0x00,0x00,0x00,0x00,0x00,0x00,0x00,0x00,0x00 ; COM 72AC
    db 0x00,0x00,0x00,0x00,0x00,0x00,0x00,0x00,0x00,0x00,0x00,0x00,0x00,0x00,0x00,0x00 ; COM 72BC
    db 0x00,0x00,0x00,0x00,0x00,0x00,0x00,0x00,0x00,0x00,0x00,0x00,0x00,0x00,0x00,0x00 ; COM 72CC
    db 0x00,0x00,0x00,0x00,0x00,0x00,0x00,0x00,0x00,0x00,0x00,0x00,0x00,0x00,0x00,0x00 ; COM 72DC
    db 0x00,0x00,0x00,0x00,0x00,0x00,0x00,0x00,0x00,0x00,0x00,0x00,0x00,0x00,0x00,0x00 ; COM 72EC
    db 0x00,0x00,0x00,0x00,0x00,0x00,0x00,0x00,0x00,0x00,0x00,0x00,0x00,0x00,0x00,0x00 ; COM 72FC
    db 0x00,0x00,0x00,0x00,0x00,0x00,0x00,0x00,0x00,0x00,0x00,0x00,0x00,0x00,0x00,0x00 ; COM 730C
    db 0x00,0x00,0x00,0x00,0x00,0x00,0x00,0x00,0x00,0x00,0x00,0x00,0x00,0x00,0x00,0x00 ; COM 731C
    db 0x00,0x00,0x00,0x00,0x00,0x00,0x00,0x00,0x00,0x00,0x00,0x00,0x00,0x00,0x00,0x00 ; COM 732C
    db 0x00,0x00,0x00,0x00,0x00,0x00,0x00,0x00,0x00,0x00,0x00,0x00,0x00,0x00,0x00,0x00 ; COM 733C
    db 0x00,0x00,0x00,0x00,0x00,0x00,0x00,0x00,0x00,0x00,0x00,0x00,0x00,0x00,0x00,0x00 ; COM 734C
    db 0x00,0x00,0x00,0x00,0x00,0x00,0x00,0x00,0x00,0x00,0x00,0x00,0x00,0x00,0x00,0x00 ; COM 735C
    db 0x00,0x00,0x00,0x00,0x00,0x00,0x00,0x00,0x00,0x00,0x00,0x00,0x00,0x00,0x00,0x00 ; COM 736C
    db 0x00,0x00,0x00,0x00,0x00,0x00,0x00,0x00,0x00,0x00,0x00,0x00,0x00,0x00,0x00,0x00 ; COM 737C
    db 0x00,0x00,0x00,0x00,0x00,0x00,0x00,0x00,0x00,0x00,0x00,0x00,0x00,0x00,0x00,0x00 ; COM 738C
    db 0x00,0x00,0x00,0x00,0x00,0x00,0x00,0x00,0x00,0x00,0x00,0x00,0x00,0x00,0x00,0x00 ; COM 739C
    db 0x00,0x00,0x00,0x00,0x00,0x00,0x00,0x00,0x00,0x00,0x00,0x00,0x00,0x00,0x00,0x00 ; COM 73AC
    db 0x00,0x00,0x00,0x00,0x00,0x00,0x00,0x00,0x00,0x00,0x00,0x00,0x00,0x00,0x00,0x00 ; COM 73BC
    db 0x00,0x00,0x00,0x00,0x00,0x00,0x00,0x00,0x00,0x00,0x00,0x00,0x00,0x00,0x00,0x00 ; COM 73CC
    db 0x00,0x00,0x00,0x00,0x00,0x00,0x00,0x00,0x00,0x00,0x00,0x00,0x00,0x00,0x00,0x00 ; COM 73DC
    db 0x00,0x00,0x00,0x00,0x00,0x00,0x00,0x00,0x00,0x00,0x00,0x00,0x00,0x00,0x00,0x00 ; COM 73EC
    db 0x00,0x00,0x00,0x00,0x00,0x00,0x00,0x00,0x00,0x00,0x00,0x00,0x00,0x00,0x00,0x00 ; COM 73FC
    db 0x00,0x00,0x00,0x00,0x00,0x00,0x00,0x00,0x00,0x00,0x00,0x00,0x00,0x00,0x00,0x00 ; COM 740C
    db 0x00,0x00,0x00,0x00,0x00,0x00,0x00,0x00,0x00,0x00,0x00,0x00,0x00,0x00,0x00,0x00 ; COM 741C
    db 0x00,0x00,0x00,0x00,0x00,0x00,0x00,0x00,0x00,0x00,0x00,0x00,0x00,0x00,0x00,0x00 ; COM 742C
    db 0x00,0x00,0x00,0x00,0x00,0x00,0x00,0x00,0x00,0x00,0x00,0x00,0x00,0x00,0x00,0x00 ; COM 743C
    db 0x00,0x00,0x00,0x00,0x00,0x00,0x00,0x00,0x00,0x00,0x00,0x00,0x00,0x00,0x00,0x00 ; COM 744C
    db 0x00,0x00,0x00,0x00,0x00,0x00,0x00,0x00,0x00,0x00,0x00,0x00,0x00,0x00,0x00,0x00 ; COM 745C
    db 0x00,0x00,0x00,0x00,0x00,0x00,0x00,0x00,0x00,0x00,0x00,0x00,0x00,0x00,0x00,0x00 ; COM 746C
    db 0x00,0x00,0x00,0x00,0x00,0x00,0x00,0x00,0x00,0x00,0x00,0x00,0x00,0x00,0x00,0x00 ; COM 747C
    db 0x00,0x00,0x00,0x00,0x00,0x00,0x00,0x00,0x00,0x00,0x00,0x00,0x00,0x00,0x00,0x00 ; COM 748C
    db 0x00,0x00,0x00,0x00,0x00,0x00,0x00,0x00,0x00,0x00,0x00,0x00,0x00,0x00,0x00,0x00 ; COM 749C
    db 0x00,0x00,0x00,0x00,0x00,0x00,0x00,0x00,0x00,0x00,0x00,0x00,0x00,0x00,0x00,0x00 ; COM 74AC
    db 0x00,0x00,0x00,0x00,0x00,0x00,0x00,0x00,0x00,0x00,0x00,0x00,0x00,0x00,0x00,0x00 ; COM 74BC
    db 0x00,0x00,0x00,0x00,0x00,0x00,0x00,0x00,0x00,0x00,0x00,0x00,0x00,0x00,0x00,0x00 ; COM 74CC
    db 0x00,0x00,0x00,0x00,0x00,0x00,0x00,0x00,0x00,0x00,0x00,0x00,0x00,0x00,0x00,0x00 ; COM 74DC
    db 0x00,0x00,0x00,0x00,0x00,0x00,0x00,0x00,0x00,0x00,0x00,0x00,0x00,0x00,0x00,0x00 ; COM 74EC
    db 0x00,0x00,0x00,0x00,0x00,0x00,0x00,0x00,0x00,0x00,0x00,0x00,0x00,0x00,0x00,0x00 ; COM 74FC
    db 0x00,0x00,0x00,0x00,0x00,0x00,0x00,0x00,0x00,0x00,0x00,0x00,0x00,0x00,0x00,0x00 ; COM 750C
    db 0x00,0x00,0x00,0x00,0x00,0x00,0x00,0x00,0x00,0x00,0x00,0x00,0x00,0x00,0x00,0x00 ; COM 751C
    db 0x00,0x00,0x00,0x00,0x00,0x00,0x00,0x00,0x00,0x00,0x00,0x00,0x00,0x00,0x00,0x00 ; COM 752C
    db 0x00,0x00,0x00,0x00,0x00,0x00,0x00,0x00,0x00,0x00,0x00,0x00,0x00,0x00,0x00,0x00 ; COM 753C
    db 0x00,0x00,0x00,0x00,0x00,0x00,0x00,0x00,0x00,0x00,0x00,0x00,0x00,0x00,0x00,0x00 ; COM 754C
    db 0x00,0x00,0x00,0x00,0x00,0x00,0x00,0x00,0x00,0x00,0x00,0x00,0x00,0x00,0x00,0x00 ; COM 755C
    db 0x00,0x00,0x00,0x00,0x00,0x00,0x00,0x00,0x00,0x00,0x00,0x00,0x00,0x00,0x00,0x00 ; COM 756C
    db 0x00,0x00,0x00,0x00,0x00,0x00,0x00,0x00,0x00,0x00,0x00,0x00,0x00,0x00,0x00,0x00 ; COM 757C
    db 0x00,0x00,0x00,0x00,0x00,0x00,0x00,0x00,0x00,0x00,0x00,0x00,0x00,0x00,0x00,0x00 ; COM 758C
    db 0x00,0x00,0x00,0x00,0x00,0x00,0x00,0x00,0x00,0x00,0x00,0x00,0x00,0x00,0x00,0x00 ; COM 759C
    db 0x00,0x00,0x00,0x00,0x00,0x00,0x00,0x00,0x00,0x00,0x00,0x00,0x00,0x00,0x00,0x00 ; COM 75AC
    db 0x00,0x00,0x00,0x00,0x00,0x00,0x00,0x00,0x00,0x00,0x00,0x00,0x00,0x00,0x00,0x00 ; COM 75BC
    db 0x00,0x00,0x00,0x00,0x00,0x00,0x00,0x00,0x00,0x00,0x00,0x00,0x00,0x00,0x00,0x00 ; COM 75CC
    db 0x00,0x00,0x00,0x00,0x00,0x00,0x00,0x00,0x00,0x00,0x00,0x00,0x00,0x00,0x00,0x00 ; COM 75DC
    db 0x00,0x00,0x00,0x00,0x00,0x00,0x00,0x00,0x00,0x00,0x00,0x00,0x00,0x00,0x00,0x00 ; COM 75EC
    db 0x00,0x00,0x00,0x00,0x00,0x00,0x00,0x00,0x00,0x00,0x00,0x00,0x00,0x00,0x00,0x00 ; COM 75FC
    db 0x00,0x00,0x00,0x00,0x00,0x00,0x00,0x00,0x00,0x00,0x00,0x00,0x00,0x00,0x00,0x00 ; COM 760C
    db 0x00,0x00,0x00,0x00,0x00,0x00,0x00,0x00,0x00,0x00,0x00,0x00,0x00,0x00,0x00,0x00 ; COM 761C
    db 0x00,0x00,0x00,0x00,0x00,0x00,0x00,0x00,0x00,0x00,0x00,0x00,0x00,0x00,0x00,0x00 ; COM 762C
    db 0x00,0x00,0x00,0x00,0x00,0x00,0x00,0x00,0x00,0x00,0x00,0x00,0x00,0x00,0x00,0x00 ; COM 763C
    db 0x00,0x00,0x00,0x00,0x00,0x00,0x00,0x00,0x00,0x00,0x00,0x00,0x00,0x00,0x00,0x00 ; COM 764C
    db 0x00,0x00,0x00,0x00,0x00,0x00,0x00,0x00,0x00,0x00,0x00,0x00,0x00,0x00,0x00,0x00 ; COM 765C
    db 0x00,0x00,0x00,0x00,0x00,0x00,0x00,0x00,0x00,0x00,0x00,0x00,0x00,0x00,0x00,0x00 ; COM 766C
    db 0x00,0x00,0x00,0x00,0x00,0x00,0x00,0x00,0x00,0x00,0x00,0x00,0x00,0x00,0x00,0x00 ; COM 767C
    db 0x00,0x00,0x00,0x00,0x00,0x00,0x00,0x00,0x00,0x00,0x00,0x00,0x00,0x00,0x00,0x00 ; COM 768C
    db 0x00,0x00,0x00,0x00,0x00,0x00,0x00,0x00,0x00,0x00,0x00,0x00,0x00,0x00,0x00,0x00 ; COM 769C
    db 0x00,0x00,0x00,0x00,0x00,0x00,0x00,0x00,0x00,0x00,0x00,0x00,0x00,0x00,0x00,0x00 ; COM 76AC
    db 0x00,0x00,0x00,0x00,0x00,0x00,0x00,0x00,0x00,0x00,0x00,0x00,0x00,0x00,0x00,0x00 ; COM 76BC
    db 0x00,0x00,0x00,0x00,0x00,0x00,0x00,0x00,0x00,0x00,0x00,0x00,0x00,0x00,0x00,0x00 ; COM 76CC
    db 0x00,0x00,0x00,0x00,0x00,0x00,0x00,0x00,0x00,0x00,0x00,0x00,0x00,0x00,0x00,0x00 ; COM 76DC
    db 0x00,0x00,0x00,0x00,0x00,0x00,0x00,0x00,0x00,0x00,0x00,0x00,0x00,0x00,0x00,0x00 ; COM 76EC
    db 0x00,0x00,0x00,0x00,0x00,0x00,0x00,0x00,0x00,0x00,0x00,0x00,0x00,0x00,0x00,0x00 ; COM 76FC
    db 0x00,0x00,0x00,0x00,0x00,0x00,0x00,0x00,0x00,0x00,0x00,0x00,0x00,0x00,0x00,0x00 ; COM 770C
    db 0x00,0x00,0x00,0x00,0x00,0x00,0x00,0x00,0x00,0x00,0x00,0x00,0x00,0x00,0x00,0x00 ; COM 771C
    db 0x00,0x00,0x00,0x00,0x00,0x00,0x00,0x00,0x00,0x00,0x00,0x00,0x00,0x00,0x00,0x00 ; COM 772C
    db 0x00,0x00,0x00,0x00,0x00,0x00,0x00,0x00,0x00,0x00,0x00,0x00,0x00,0x00,0x00,0x00 ; COM 773C
    db 0x00,0x00,0x00,0x00,0x00,0x00,0x00,0x00,0x00,0x00,0x00,0x00,0x00,0x00,0x00,0x00 ; COM 774C
    db 0x00,0x00,0x00,0x00,0x00,0x00,0x00,0x00,0x00,0x00,0x00,0x00,0x00,0x00,0x00,0x00 ; COM 775C
    db 0x00,0x00,0x00,0x00,0x00,0x00,0x00,0x00,0x00,0x00,0x00,0x00,0x00,0x00,0x00,0x00 ; COM 776C
    db 0x00,0x00,0x00,0x00,0x00,0x00,0x00,0x00,0x00,0x00,0x00,0x00,0x00,0x00,0x00,0x00 ; COM 777C
    db 0x00,0x00,0x00,0x00,0x00,0x00,0x00,0x00,0x00,0x00,0x00,0x00,0x00,0x00,0x00,0x00 ; COM 778C
    db 0x00,0x00,0x00,0x00,0x00,0x00,0x00,0x00,0x00,0x00,0x00,0x00,0x00,0x00,0x00,0x00 ; COM 779C
    db 0x00,0x00,0x00,0x00,0x00,0x00,0x00,0x00,0x00,0x00,0x00,0x00,0x00,0x00,0x00,0x00 ; COM 77AC
    db 0x00,0x00,0x00,0x00,0x00,0x00,0x00,0x00,0x00,0x00,0x00,0x00,0x00,0x00,0x00,0x00 ; COM 77BC
    db 0x00,0x00,0x00,0x00,0x00,0x00,0x00,0x00,0x00,0x00,0x00,0x00,0x00,0x00,0x00,0x00 ; COM 77CC
    db 0x00,0x00,0x00,0x00,0x00,0x00,0x00,0x00,0x00,0x00,0x00,0x00,0x00,0x00,0x00,0x00 ; COM 77DC
    db 0x00,0x00,0x00,0x00,0x00,0x00,0x00,0x00,0x00,0x00,0x00,0x00,0x00,0x00,0x00,0x00 ; COM 77EC
    db 0x00,0x00,0x00,0x00,0x00,0x00,0x00,0x00,0x00,0x00,0x00,0x00,0x00,0x00,0x00,0x00 ; COM 77FC
    db 0x00,0x00,0x00,0x00,0x00,0x00,0x00,0x00,0x00,0x00,0x00,0x00,0x00,0x00,0x00,0x00 ; COM 780C
    db 0x00,0x00,0x00,0x00,0x00,0x00,0x00,0x00,0x00,0x00,0x00,0x00,0x00,0x00,0x00,0x00 ; COM 781C
    db 0x00,0x00,0x00,0x00,0x00,0x00,0x00,0x00,0x00,0x00,0x00,0x00,0x00,0x00,0x00,0x00 ; COM 782C
    db 0x00,0x00,0x00,0x00,0x00,0x00,0x00,0x00,0x00,0x00,0x00,0x00,0x00,0x00,0x00,0x00 ; COM 783C
    db 0x00,0x00,0x00,0x00,0x00,0x00,0x00,0x00,0x00,0x00,0x00,0x00,0x00,0x00,0x00,0x00 ; COM 784C
    db 0x00,0x00,0x00,0x00,0x00,0x00,0x00,0x00,0x00,0x00,0x00,0x00,0x00,0x00,0x00,0x00 ; COM 785C
    db 0x00,0x00,0x00,0x00,0x00,0x00,0x00,0x00,0x00,0x00,0x00,0x00,0x00,0x00,0x00,0x00 ; COM 786C
    db 0x00,0x00,0x00,0x00,0x00,0x00,0x00,0x00,0x00,0x00,0x00,0x00,0x00,0x00,0x00,0x00 ; COM 787C
    db 0x00,0x00,0x00,0x00,0x00,0x00,0x00,0x00,0x00,0x00,0x00,0x00,0x00,0x00,0x00,0x00 ; COM 788C
    db 0x00,0x00,0x00,0x00,0x00,0x00,0x00,0x00,0x00,0x00,0x00,0x00,0x00,0x00,0x00,0x00 ; COM 789C
    db 0x00,0x00,0x00,0x00,0x00,0x00,0x00,0x00,0x00,0x00,0x00,0x00,0x00,0x00,0x00,0x00 ; COM 78AC
    db 0x00,0x00,0x00,0x00,0x00,0x00,0x00,0x00,0x00,0x00,0x00,0x00,0x00,0x00,0x00,0x00 ; COM 78BC
    db 0x00,0x00,0x00,0x00,0x00,0x00,0x00,0x00,0x00,0x00,0x00,0x00,0x00,0x00,0x00,0x00 ; COM 78CC
    db 0x00,0x00,0x00,0x00,0x00,0x00,0x00,0x00,0x00,0x00,0x00,0x00,0x00,0x00,0x00,0x00 ; COM 78DC
    db 0x00,0x00,0x00,0x00,0x00,0x00,0x00,0x00,0x00,0x00,0x00,0x00,0x00,0x00,0x00,0x00 ; COM 78EC
    db 0x00,0x00,0x00,0x00,0x00,0x00,0x00,0x00,0x00,0x00,0x00,0x00,0x00,0x00,0x00,0x00 ; COM 78FC
    db 0x00,0x00,0x00,0x00,0x00,0x00,0x00,0x00,0x00,0x00,0x00,0x00,0x00,0x00,0x00,0x00 ; COM 790C
    db 0x00,0x00,0x00,0x00,0x00,0x00,0x00,0x00,0x00,0x00,0x00,0x00,0x00,0x00,0x00,0x00 ; COM 791C
    db 0x00,0x00,0x00,0x00,0x00,0x00,0x00,0x00,0x00,0x00,0x00,0x00,0x00,0x00,0x00,0x00 ; COM 792C
    db 0x00,0x00,0x00,0x00,0x00,0x00,0x00,0x00,0x00,0x00,0x00,0x00,0x00,0x00,0x00,0x00 ; COM 793C
    db 0x00,0x00,0x00,0x00,0x00,0x00,0x00,0x00,0x00,0x00,0x00,0x00,0x00,0x00,0x00,0x00 ; COM 794C
    db 0x00,0x00,0x00,0x00,0x00,0x00,0x00,0x00,0x00,0x00,0x00,0x00,0x00,0x00,0x00,0x00 ; COM 795C
    db 0x00,0x00,0x00,0x00,0x00,0x00,0x00,0x00,0x00,0x00,0x00,0x00,0x00,0x00,0x00,0x00 ; COM 796C
    db 0x00,0x00,0x00,0x00,0x00,0x00,0x00,0x00,0x00,0x00,0x00,0x00,0x00,0x00,0x00,0x00 ; COM 797C
    db 0x00,0x00,0x00,0x00,0x00,0x00,0x00,0x00,0x00,0x00,0x00,0x00,0x00,0x00,0x00,0x00 ; COM 798C
    db 0x00,0x00,0x00,0x00,0x00,0x00,0x00,0x00,0x00,0x00,0x00,0x00,0x00,0x00,0x00,0x00 ; COM 799C
    db 0x00,0x00,0x00,0x00,0x00,0x00,0x00,0x00,0x00,0x00,0x00,0x00,0x00,0x00,0x00,0x00 ; COM 79AC
    db 0x00,0x00,0x00,0x00,0x00,0x00,0x00,0x00,0x00,0x00,0x00,0x00,0x00,0x00,0x00,0x00 ; COM 79BC
    db 0x00,0x00,0x00,0x00,0x00,0x00,0x00,0x00,0x00,0x00,0x00,0x00,0x00,0x00,0x00,0x00 ; COM 79CC
    db 0x00,0x00,0x00,0x00,0x00,0x00,0x00,0x00,0x00,0x00,0x00,0x00,0x00,0x00,0x00,0x00 ; COM 79DC
    db 0x00,0x00,0x00,0x00,0x00,0x00,0x00,0x00,0x00,0x00,0x00,0x00,0x00,0x00,0x00,0x00 ; COM 79EC
    db 0x00,0x00,0x00,0x00,0x00,0x00,0x00,0x00,0x00,0x00,0x00,0x00,0x00,0x00,0x00,0x00 ; COM 79FC
    db 0x00,0x00,0x00,0x00,0x00,0x00,0x00,0x00,0x00,0x00,0x00,0x00,0x00,0x00,0x00,0x00 ; COM 7A0C
    db 0x00,0x00,0x00,0x00,0x00,0x00,0x00,0x00,0x00,0x00,0x00,0x00,0x00,0x00,0x00,0x00 ; COM 7A1C
    db 0x00,0x00,0x00,0x00,0x00,0x00,0x00,0x00,0x00,0x00,0x00,0x00,0x00,0x00,0x00,0x00 ; COM 7A2C
    db 0x00,0x00,0x00,0x00,0x00,0x00,0x00,0x00,0x00,0x00,0x00,0x00,0x00,0x00,0x00,0x00 ; COM 7A3C
    db 0x00,0x00,0x00,0x00,0x00,0x00,0x00,0x00,0x00,0x00,0x00,0x00,0x00,0x00,0x00,0x00 ; COM 7A4C
    db 0x00,0x00,0x00,0x00,0x00,0x00,0x00,0x00,0x00,0x00,0x00,0x00,0x00,0x00,0x00,0x00 ; COM 7A5C
    db 0x00,0x00,0x00,0x00,0x00,0x00,0x00,0x00,0x00,0x00,0x00,0x00,0x00,0x00,0x00,0x00 ; COM 7A6C
    db 0x00,0x00,0x00,0x00,0x00,0x00,0x00,0x00,0x00,0x00,0x00,0x00,0x00,0x00,0x00,0x00 ; COM 7A7C
    db 0x00,0x00,0x00,0x00,0x00,0x00,0x00,0x00,0x00,0x00,0x00,0x00,0x00,0x00,0x00,0x00 ; COM 7A8C
    db 0x00,0x00,0x00,0x00,0x00,0x00,0x00,0x00,0x00,0x00,0x00,0x00,0x00,0x00,0x00,0x00 ; COM 7A9C
    db 0x00,0x00,0x00,0x00,0x00,0x00,0x00,0x00,0x00,0x00,0x00,0x00,0x00,0x00,0x00,0x00 ; COM 7AAC
    db 0x00,0x00,0x00,0x00,0x00,0x00,0x00,0x00,0x00,0x00,0x00,0x00,0x00,0x00,0x00,0x00 ; COM 7ABC
    db 0x00,0x00,0x00,0x00,0x00,0x00,0x00,0x00,0x00,0x00,0x00,0x00,0x00,0x00,0x00,0x00 ; COM 7ACC
    db 0x00,0x00,0x00,0x00,0x00,0x00,0x00,0x00,0x00,0x00,0x00,0x00,0x00,0x00,0x00,0x00 ; COM 7ADC
    db 0x00,0x00,0x00,0x00,0x00,0x00,0x00,0x00,0x00,0x00,0x00,0x00,0x00,0x00,0x00,0x00 ; COM 7AEC
    db 0x00,0x00,0x00,0x00,0x00,0x00,0x00,0x00,0x00,0x00,0x00,0x00,0x00,0x00,0x00,0x00 ; COM 7AFC
    db 0x00,0x00,0x00,0x00,0x00,0x00,0x00,0x00,0x00,0x00,0x00,0x00,0x00,0x00,0x00,0x00 ; COM 7B0C
    db 0x00,0x00,0x00,0x00,0x00,0x00,0x00,0x00,0x00,0x00,0x00,0x00,0x00,0x00,0x00,0x00 ; COM 7B1C
    db 0x00,0x00,0x00,0x00,0x00,0x00,0x00,0x00,0x00,0x00,0x00,0x00,0x00,0x00,0x00,0x00 ; COM 7B2C
    db 0x00,0x00,0x00,0x00,0x00,0x00,0x00,0x00,0x00,0x00,0x00,0x00,0x00,0x00,0x00,0x00 ; COM 7B3C
    db 0x00,0x00,0x00,0x00,0x00,0x00,0x00,0x00,0x00,0x00,0x00,0x00,0x00,0x00,0x00,0x00 ; COM 7B4C
    db 0x00,0x00,0x00,0x00,0x00,0x00,0x00,0x00,0x00,0x00,0x00,0x00,0x00,0x00,0x00,0x00 ; COM 7B5C
    db 0x00,0x00,0x00,0x00,0x00,0x00,0x00,0x00,0x00,0x00,0x00,0x00,0x00,0x00,0x00,0x00 ; COM 7B6C
    db 0x00,0x00,0x00,0x00,0x00,0x00,0x00,0x00,0x00,0x00,0x00,0x00,0x00,0x00,0x00,0x00 ; COM 7B7C
    db 0x00,0x00,0x00,0x00,0x00,0x00,0x00,0x00,0x00,0x00,0x00,0x00,0x00,0x00,0x00,0x00 ; COM 7B8C
    db 0x00,0x00,0x00,0x00,0x00,0x00,0x00,0x00,0x00,0x00,0x00,0x00,0x00,0x00,0x00,0x00 ; COM 7B9C
    db 0x00,0x00,0x00,0x00,0x00,0x00,0x00,0x00,0x00,0x00,0x00,0x00,0x00,0x00,0x00,0x00 ; COM 7BAC
    db 0x00,0x00,0x00,0x00,0x00,0x00,0x00,0x00,0x00,0x00,0x00,0x00,0x00,0x00,0x00,0x00 ; COM 7BBC
    db 0x00,0x00,0x00,0x00,0x00,0x00,0x00,0x00,0x00,0x00,0x00,0x00,0x00,0x00,0x00,0x00 ; COM 7BCC
    db 0x00,0x00,0x00,0x00,0x00,0x00,0x00,0x00,0x00,0x00,0x00,0x00,0x00,0x00,0x00,0x00 ; COM 7BDC
    db 0x00,0x00,0x00,0x00,0x00,0x00,0x00,0x00,0x00,0x00,0x00,0x00,0x00,0x00,0x00,0x00 ; COM 7BEC
    db 0x00,0x00,0x00,0x00,0x00,0x00,0x00,0x00,0x00,0x00,0x00,0x00,0x00,0x00,0x00,0x00 ; COM 7BFC
    db 0x00,0x00,0x00,0x00,0x00,0x00,0x00,0x00,0x00,0x00,0x00,0x00,0x00,0x00,0x00,0x00 ; COM 7C0C
    db 0x00,0x00,0x00,0x00,0x00,0x00,0x00,0x00,0x00,0x00,0x00,0x00,0x00,0x00,0x00,0x00 ; COM 7C1C
    db 0x00,0x00,0x00,0x00,0x00,0x00,0x00,0x00,0x00,0x00,0x00,0x00,0x00,0x00,0x00,0x00 ; COM 7C2C
    db 0x00,0x00,0x00,0x00,0x00,0x00,0x00,0x00,0x00,0x00,0x00,0x00,0x00,0x00,0x00,0x00 ; COM 7C3C
    db 0x00,0x00,0x00,0x00,0x00,0x00,0x00,0x00,0x00,0x00,0x00,0x00,0x00,0x00,0x00,0x00 ; COM 7C4C
    db 0x00,0x00,0x00,0x00,0x00,0x00,0x00,0x00,0x00,0x00,0x00,0x00,0x00,0x00,0x00,0x00 ; COM 7C5C
    db 0x00,0x00,0x00,0x00,0x00,0x00,0x00,0x00,0x00,0x00,0x00,0x00,0x00,0x00,0x00,0x00 ; COM 7C6C
    db 0x00,0x00,0x00,0x00,0x00,0x00,0x00,0x00,0x00,0x00,0x00,0x00,0x00,0x00,0x00,0x00 ; COM 7C7C
    db 0x00,0x00,0x00,0x00,0x00,0x00,0x00,0x00,0x00,0x00,0x00,0x00,0x00,0x00,0x00,0x00 ; COM 7C8C
    db 0x00,0x00,0x00,0x00,0x00,0x00,0x00,0x00,0x00,0x00,0x00,0x00,0x00,0x00,0x00,0x00 ; COM 7C9C
    db 0x00,0x00,0x00,0x00,0x00,0x00,0x00,0x00,0x00,0x00,0x00,0x00,0x00,0x00,0x00,0x00 ; COM 7CAC
    db 0x00,0x00,0x00,0x00,0x00,0x00,0x00,0x00,0x00,0x00,0x00,0x00,0x00,0x00,0x00,0x00 ; COM 7CBC
    db 0x00,0x00,0x00,0x00,0x00,0x00,0x00,0x00,0x00,0x00,0x00,0x00,0x00,0x00,0x00,0x00 ; COM 7CCC
    db 0x00,0x00,0x00,0x00,0x00,0x00,0x00,0x00,0x00,0x00,0x00,0x00,0x00,0x00,0x00,0x00 ; COM 7CDC
    db 0x00,0x00,0x00,0x00,0x00,0x00,0x00,0x00,0x00,0x00,0x00,0x00,0x00,0x00,0x00,0x00 ; COM 7CEC
    db 0x00,0x00,0x00,0x00,0x00,0x00,0x00,0x00,0x00,0x00,0x00,0x00,0x00,0x00,0x00,0x00 ; COM 7CFC
    db 0x00,0x00,0x00,0x00,0x00,0x00,0x00,0x00,0x00,0x00,0x00,0x00,0x00,0x00,0x00,0x00 ; COM 7D0C
    db 0x00,0x00,0x00,0x00,0x00,0x00,0x00,0x00,0x00,0x00,0x00,0x00,0x00,0x00,0x00,0x00 ; COM 7D1C
    db 0x00,0x00,0x00,0x00,0x00,0x00,0x00,0x00,0x00,0x00,0x00,0x00,0x00,0x00,0x00,0x00 ; COM 7D2C
    db 0x00,0x00,0x00,0x00,0x00,0x00,0x00,0x00,0x00,0x00,0x00,0x00,0x00,0x00,0x00,0x00 ; COM 7D3C
    db 0x00,0x00,0x00,0x00,0x00,0x00,0x00,0x00,0x00,0x00,0x00,0x00,0x00,0x00,0x00,0x00 ; COM 7D4C
    db 0x00,0x00,0x00,0x00,0x00,0x00,0x00,0x00,0x00,0x00,0x00,0x00,0x00,0x00,0x00,0x00 ; COM 7D5C
    db 0x00,0x00,0x00,0x00,0x00,0x00,0x00,0x00,0x00,0x00,0x00,0x00,0x00,0x00,0x00,0x00 ; COM 7D6C
    db 0x00,0x00,0x00,0x00,0x00,0x00,0x00,0x00,0x00,0x00,0x00,0x00,0x00,0x00,0x00,0x00 ; COM 7D7C
    db 0x00,0x00,0x00,0x00,0x00,0x00,0x00,0x00,0x00,0x00,0x00,0x00,0x00,0x00,0x00,0x00 ; COM 7D8C
    db 0x00,0x00,0x00,0x00,0x00,0x00,0x00,0x00,0x00,0x00,0x00,0x00,0x00,0x00,0x00,0x00 ; COM 7D9C
    db 0x00,0x00,0x00,0x00,0x00,0x00,0x00,0x00,0x00,0x00,0x00,0x00,0x00,0x00,0x00,0x00 ; COM 7DAC
    db 0x00,0x00,0x00,0x00,0x00,0x00,0x00,0x00,0x00,0x00,0x00,0x00,0x00,0x00,0x00,0x00 ; COM 7DBC
    db 0x00,0x00,0x00,0x00,0x00,0x00,0x00,0x00,0x00,0x00,0x00,0x00,0x00,0x00,0x00,0x00 ; COM 7DCC
    db 0x00,0x00,0x00,0x00,0x00,0x00,0x00,0x00,0x00,0x00,0x00,0x00,0x00,0x00,0x00,0x00 ; COM 7DDC
    db 0x00,0x00,0x00,0x00,0x00,0x00,0x00,0x00,0x00,0x00,0x00,0x00,0x00,0x00,0x00,0x00 ; COM 7DEC
    db 0x00,0x00,0x00,0x00,0x00,0x00,0x00,0x00,0x00,0x00,0x00,0x00,0x00,0x00,0x00,0x00 ; COM 7DFC
    db 0x00,0x00,0x00,0x00,0x00,0x00,0x00,0x00,0x00,0x00,0x00,0x00,0x00,0x00,0x00,0x00 ; COM 7E0C
    db 0x00,0x00,0x00,0x00,0x00,0x00,0x00,0x00,0x00,0x00,0x00,0x00,0x00,0x00,0x00,0x00 ; COM 7E1C
    db 0x00,0x00,0x00,0x00,0x00,0x00,0x00,0x00,0x00,0x00,0x00,0x00,0x00,0x00,0x00,0x00 ; COM 7E2C
    db 0x00,0x00,0x00,0x00,0x00,0x00,0x00,0x00,0x00,0x00,0x00,0x00,0x00,0x00,0x00,0x00 ; COM 7E3C
    db 0x00,0x00,0x00,0x00,0x00,0x00,0x00,0x00,0x00,0x00,0x00,0x00,0x00,0x00,0x00,0x00 ; COM 7E4C
    db 0x00,0x00,0x00,0x00,0x00,0x00,0x00,0x00,0x00,0x00,0x00,0x00,0x00,0x00,0x00,0x00 ; COM 7E5C
    db 0x00,0x00,0x00,0x00,0x00,0x00,0x00,0x00,0x00,0x00,0x00,0x00,0x00,0x00,0x00,0x00 ; COM 7E6C
    db 0x00,0x00,0x00,0x00,0x00,0x00,0x00,0x00,0x00,0x00,0x00,0x00,0x00,0x00,0x00,0x00 ; COM 7E7C
    db 0x00,0x00,0x00,0x00,0x00,0x00,0x00,0x00,0x00,0x00,0x00,0x00,0x00,0x00,0x00,0x00 ; COM 7E8C
    db 0x00,0x00,0x00,0x00,0x00,0x00,0x00,0x00,0x00,0x00,0x00,0x00,0x00,0x00,0x00,0x00 ; COM 7E9C
    db 0x00,0x00,0x00,0x00,0x00,0x00,0x00,0x00,0x00,0x00,0x00,0x00,0x00,0x00,0x00,0x00 ; COM 7EAC
    db 0x00,0x00,0x00,0x00,0x00,0x00,0x00,0x00,0x00,0x00,0x00,0x00,0x00,0x00,0x00,0x00 ; COM 7EBC
    db 0x00,0x00,0x00,0x00,0x00,0x00,0x00,0x00,0x00,0x00,0x00,0x00,0x00,0x00,0x00,0x00 ; COM 7ECC
    db 0x00,0x00,0x00,0x00,0x00,0x00,0x00,0x00,0x00,0x00,0x00,0x00,0x00,0x00,0x00,0x00 ; COM 7EDC
    db 0x00,0x00,0x00,0x00,0x00,0x00,0x00,0x00,0x00,0x00,0x00,0x00,0x00,0x00,0x00,0x00 ; COM 7EEC
    db 0x00,0x00,0x00,0x00,0x00,0x00,0x00,0x00,0x00,0x00,0x00,0x00,0x00,0x00,0x00,0x00 ; COM 7EFC
    db 0x00,0x00,0x00,0x00,0x00,0x00,0x00,0x00,0x00,0x00,0x00,0x00,0x00,0x00,0x00,0x00 ; COM 7F0C
    db 0x00,0x00,0x00,0x00,0x00,0x00,0x00,0x00,0x00,0x00,0x00,0x00,0x00,0x00,0x00,0x00 ; COM 7F1C
    db 0x00,0x00,0x00,0x00,0x00,0x00,0x00,0x00,0x00,0x00,0x00,0x00,0x00,0x00,0x00,0x00 ; COM 7F2C
    db 0x00,0x00,0x00,0x00,0x00,0x00,0x00,0x00,0x00,0x00,0x00,0x00,0x00,0x00,0x00,0x00 ; COM 7F3C
    db 0x00,0x00,0x00,0x00,0x00,0x00,0x00,0x00,0x00,0x00,0x00,0x00,0x00,0x00,0x00,0x00 ; COM 7F4C
    db 0x00,0x00,0x00,0x00,0x00,0x00,0x00,0x00,0x00,0x00,0x00,0x00,0x00,0x00,0x00,0x00 ; COM 7F5C
    db 0x00,0x00,0x00,0x00,0x00,0x00,0x00,0x00,0x00,0x00,0x00,0x00,0x00,0x00,0x00,0x00 ; COM 7F6C
    db 0x00,0x00,0x00,0x00,0x00,0x00,0x00,0x00,0x00,0x00,0x00,0x00,0x00,0x00,0x00,0x00 ; COM 7F7C
    db 0x00,0x00,0x00,0x00,0x00,0x00,0x00,0x00,0x00,0x00,0x00,0x00,0x00,0x00,0x00,0x00 ; COM 7F8C
    db 0x00,0x00,0x00,0x00,0x00,0x00,0x00,0x00,0x00,0x00,0x00,0x00,0x00,0x00,0x00,0x00 ; COM 7F9C
    db 0x00,0x00,0x00,0x00,0x00,0x00,0x00,0x00,0x00,0x00,0x00,0x00,0x00,0x00,0x00,0x00 ; COM 7FAC
    db 0x00,0x00,0x00,0x00,0x00,0x00,0x00,0x00,0x00,0x00,0x00,0x00,0x00,0x00,0x00,0x00 ; COM 7FBC
    db 0x00,0x00,0x00,0x00,0x00,0x00,0x00,0x00,0x00,0x00,0x00,0x00,0x00,0x00,0x00,0x00 ; COM 7FCC
    db 0x00,0x00,0x00,0x00,0x00,0x00,0x00,0x00,0x00,0x00,0x00,0x00,0x00,0x00,0x00,0x00 ; COM 7FDC
    db 0x00,0x00,0x00,0x00,0x00,0x00,0x00,0x00,0x00,0x00,0x00,0x00,0x00,0x00,0x00,0x00 ; COM 7FEC
    db 0x00,0x00,0x00,0x00 ; COM 7FFC

; Palette operand file-offset table (1600 words)
    db 0xE6,0x10,0xEB,0x10,0xF0,0x10,0xF6,0x10,0xFB,0x10,0x00,0x11,0x05,0x11,0x15,0x11 ; COM 8000
    db 0x1F,0x11,0x24,0x11,0x29,0x11,0x2F,0x11,0x34,0x11,0x39,0x11,0x3E,0x11,0x4E,0x11 ; COM 8010
    db 0x58,0x11,0x5D,0x11,0x62,0x11,0x68,0x11,0x6D,0x11,0x72,0x11,0x77,0x11,0x87,0x11 ; COM 8020
    db 0x91,0x11,0x96,0x11,0x9B,0x11,0xA1,0x11,0xA6,0x11,0xAB,0x11,0xB0,0x11,0xC0,0x11 ; COM 8030
    db 0xCA,0x11,0xCF,0x11,0xD4,0x11,0xDA,0x11,0xDF,0x11,0xE4,0x11,0xE9,0x11,0xF9,0x11 ; COM 8040
    db 0x03,0x12,0x08,0x12,0x0D,0x12,0x13,0x12,0x18,0x12,0x1D,0x12,0x22,0x12,0x32,0x12 ; COM 8050
    db 0x3C,0x12,0x41,0x12,0x46,0x12,0x4C,0x12,0x51,0x12,0x56,0x12,0x5B,0x12,0x6B,0x12 ; COM 8060
    db 0x75,0x12,0x7A,0x12,0x7F,0x12,0x85,0x12,0x8A,0x12,0x8F,0x12,0x94,0x12,0xA4,0x12 ; COM 8070
    db 0xAE,0x12,0xB3,0x12,0xB8,0x12,0xBE,0x12,0xC3,0x12,0xC8,0x12,0xCD,0x12,0xDD,0x12 ; COM 8080
    db 0xE7,0x12,0xEC,0x12,0xF1,0x12,0xF7,0x12,0xFC,0x12,0x01,0x13,0x06,0x13,0x16,0x13 ; COM 8090
    db 0x20,0x13,0x25,0x13,0x2A,0x13,0x30,0x13,0x35,0x13,0x3A,0x13,0x3F,0x13,0x4F,0x13 ; COM 80A0
    db 0x59,0x13,0x5E,0x13,0x63,0x13,0x69,0x13,0x6E,0x13,0x73,0x13,0x78,0x13,0x88,0x13 ; COM 80B0
    db 0x92,0x13,0x97,0x13,0x9C,0x13,0xA2,0x13,0xA7,0x13,0xAC,0x13,0xB1,0x13,0xC1,0x13 ; COM 80C0
    db 0xCB,0x13,0xD0,0x13,0xD5,0x13,0xDB,0x13,0xE0,0x13,0xE5,0x13,0xEA,0x13,0xFA,0x13 ; COM 80D0
    db 0x04,0x14,0x09,0x14,0x0E,0x14,0x14,0x14,0x19,0x14,0x1E,0x14,0x23,0x14,0x33,0x14 ; COM 80E0
    db 0x3D,0x14,0x42,0x14,0x47,0x14,0x4D,0x14,0x52,0x14,0x57,0x14,0x5C,0x14,0x6C,0x14 ; COM 80F0
    db 0x76,0x14,0x7B,0x14,0x80,0x14,0x86,0x14,0x8B,0x14,0x90,0x14,0x95,0x14,0xA5,0x14 ; COM 8100
    db 0xAF,0x14,0xB4,0x14,0xB9,0x14,0xBF,0x14,0xC4,0x14,0xC9,0x14,0xCE,0x14,0xDE,0x14 ; COM 8110
    db 0xE8,0x14,0xED,0x14,0xF2,0x14,0xF8,0x14,0xFD,0x14,0x02,0x15,0x07,0x15,0x17,0x15 ; COM 8120
    db 0x21,0x15,0x26,0x15,0x2B,0x15,0x31,0x15,0x36,0x15,0x3B,0x15,0x40,0x15,0x50,0x15 ; COM 8130
    db 0x5A,0x15,0x5F,0x15,0x64,0x15,0x6A,0x15,0x6F,0x15,0x74,0x15,0x79,0x15,0x89,0x15 ; COM 8140
    db 0x93,0x15,0x98,0x15,0x9D,0x15,0xA3,0x15,0xA8,0x15,0xAD,0x15,0xB2,0x15,0xC2,0x15 ; COM 8150
    db 0xCC,0x15,0xD1,0x15,0xD6,0x15,0xDC,0x15,0xE1,0x15,0xE6,0x15,0xEB,0x15,0xFB,0x15 ; COM 8160
    db 0x05,0x16,0x0A,0x16,0x0F,0x16,0x15,0x16,0x1A,0x16,0x1F,0x16,0x24,0x16,0x34,0x16 ; COM 8170
    db 0x3E,0x16,0x43,0x16,0x48,0x16,0x4E,0x16,0x53,0x16,0x58,0x16,0x5D,0x16,0x6D,0x16 ; COM 8180
    db 0x77,0x16,0x7C,0x16,0x81,0x16,0x87,0x16,0x8C,0x16,0x91,0x16,0x96,0x16,0xA6,0x16 ; COM 8190
    db 0xB0,0x16,0xB5,0x16,0xBA,0x16,0xC0,0x16,0xC5,0x16,0xCA,0x16,0xCF,0x16,0xDF,0x16 ; COM 81A0
    db 0xE9,0x16,0xEE,0x16,0xF3,0x16,0xF9,0x16,0xFE,0x16,0x03,0x17,0x08,0x17,0x18,0x17 ; COM 81B0
    db 0x22,0x17,0x27,0x17,0x2C,0x17,0x32,0x17,0x37,0x17,0x3C,0x17,0x41,0x17,0x51,0x17 ; COM 81C0
    db 0x5B,0x17,0x60,0x17,0x65,0x17,0x6B,0x17,0x70,0x17,0x75,0x17,0x7A,0x17,0x8A,0x17 ; COM 81D0
    db 0x94,0x17,0x99,0x17,0x9E,0x17,0xA4,0x17,0xA9,0x17,0xAE,0x17,0xB3,0x17,0xC3,0x17 ; COM 81E0
    db 0xCD,0x17,0xD2,0x17,0xD7,0x17,0xDD,0x17,0xE2,0x17,0xE7,0x17,0xEC,0x17,0xFC,0x17 ; COM 81F0
    db 0x06,0x18,0x0B,0x18,0x10,0x18,0x16,0x18,0x1B,0x18,0x20,0x18,0x25,0x18,0x35,0x18 ; COM 8200
    db 0x3F,0x18,0x44,0x18,0x49,0x18,0x4F,0x18,0x54,0x18,0x59,0x18,0x5E,0x18,0x6E,0x18 ; COM 8210
    db 0x78,0x18,0x7D,0x18,0x82,0x18,0x88,0x18,0x8D,0x18,0x92,0x18,0x97,0x18,0xA7,0x18 ; COM 8220
    db 0xB1,0x18,0xB6,0x18,0xBB,0x18,0xC1,0x18,0xC6,0x18,0xCB,0x18,0xD0,0x18,0xE0,0x18 ; COM 8230
    db 0xEA,0x18,0xEF,0x18,0xF4,0x18,0xFA,0x18,0xFF,0x18,0x04,0x19,0x09,0x19,0x19,0x19 ; COM 8240
    db 0x23,0x19,0x28,0x19,0x2D,0x19,0x33,0x19,0x38,0x19,0x3D,0x19,0x42,0x19,0x52,0x19 ; COM 8250
    db 0x5C,0x19,0x61,0x19,0x66,0x19,0x6C,0x19,0x71,0x19,0x76,0x19,0x7B,0x19,0x8B,0x19 ; COM 8260
    db 0x95,0x19,0x9A,0x19,0x9F,0x19,0xA5,0x19,0xAA,0x19,0xAF,0x19,0xB4,0x19,0xC4,0x19 ; COM 8270
    db 0xCE,0x19,0xD3,0x19,0xD8,0x19,0xDE,0x19,0xE3,0x19,0xE8,0x19,0xED,0x19,0xFD,0x19 ; COM 8280
    db 0x07,0x1A,0x0C,0x1A,0x11,0x1A,0x17,0x1A,0x1C,0x1A,0x21,0x1A,0x26,0x1A,0x36,0x1A ; COM 8290
    db 0x40,0x1A,0x45,0x1A,0x4A,0x1A,0x50,0x1A,0x55,0x1A,0x5A,0x1A,0x5F,0x1A,0x6F,0x1A ; COM 82A0
    db 0x79,0x1A,0x7E,0x1A,0x83,0x1A,0x89,0x1A,0x8E,0x1A,0x93,0x1A,0x98,0x1A,0xA8,0x1A ; COM 82B0
    db 0xB2,0x1A,0xB7,0x1A,0xBC,0x1A,0xC2,0x1A,0xC7,0x1A,0xCC,0x1A,0xD1,0x1A,0xE1,0x1A ; COM 82C0
    db 0xEB,0x1A,0xF0,0x1A,0xF5,0x1A,0xFB,0x1A,0x00,0x1B,0x05,0x1B,0x0A,0x1B,0x1A,0x1B ; COM 82D0
    db 0x24,0x1B,0x29,0x1B,0x2E,0x1B,0x34,0x1B,0x39,0x1B,0x3E,0x1B,0x43,0x1B,0x53,0x1B ; COM 82E0
    db 0x5D,0x1B,0x62,0x1B,0x67,0x1B,0x6D,0x1B,0x72,0x1B,0x77,0x1B,0x7C,0x1B,0x8C,0x1B ; COM 82F0
    db 0x96,0x1B,0x9B,0x1B,0xA0,0x1B,0xA6,0x1B,0xAB,0x1B,0xB0,0x1B,0xB5,0x1B,0xC5,0x1B ; COM 8300
    db 0xCF,0x1B,0xD4,0x1B,0xD9,0x1B,0xDF,0x1B,0xE4,0x1B,0xE9,0x1B,0xEE,0x1B,0xFE,0x1B ; COM 8310
    db 0x08,0x1C,0x0D,0x1C,0x12,0x1C,0x18,0x1C,0x1D,0x1C,0x22,0x1C,0x27,0x1C,0x37,0x1C ; COM 8320
    db 0x41,0x1C,0x46,0x1C,0x4B,0x1C,0x51,0x1C,0x56,0x1C,0x5B,0x1C,0x60,0x1C,0x70,0x1C ; COM 8330
    db 0x7A,0x1C,0x7F,0x1C,0x84,0x1C,0x8A,0x1C,0x8F,0x1C,0x94,0x1C,0x99,0x1C,0xA9,0x1C ; COM 8340
    db 0xB3,0x1C,0xB8,0x1C,0xBD,0x1C,0xC3,0x1C,0xC8,0x1C,0xCD,0x1C,0xD2,0x1C,0xE2,0x1C ; COM 8350
    db 0xEC,0x1C,0xF1,0x1C,0xF6,0x1C,0xFC,0x1C,0x01,0x1D,0x06,0x1D,0x0B,0x1D,0x1B,0x1D ; COM 8360
    db 0x25,0x1D,0x2A,0x1D,0x2F,0x1D,0x35,0x1D,0x3A,0x1D,0x3F,0x1D,0x44,0x1D,0x54,0x1D ; COM 8370
    db 0x5E,0x1D,0x63,0x1D,0x68,0x1D,0x6E,0x1D,0x73,0x1D,0x78,0x1D,0x7D,0x1D,0x8D,0x1D ; COM 8380
    db 0x97,0x1D,0x9C,0x1D,0xA1,0x1D,0xA7,0x1D,0xAC,0x1D,0xB1,0x1D,0xB6,0x1D,0xC6,0x1D ; COM 8390
    db 0xD0,0x1D,0xD5,0x1D,0xDA,0x1D,0xE0,0x1D,0xE5,0x1D,0xEA,0x1D,0xEF,0x1D,0xFF,0x1D ; COM 83A0
    db 0x09,0x1E,0x0E,0x1E,0x13,0x1E,0x19,0x1E,0x1E,0x1E,0x23,0x1E,0x28,0x1E,0x38,0x1E ; COM 83B0
    db 0x42,0x1E,0x47,0x1E,0x4C,0x1E,0x52,0x1E,0x57,0x1E,0x5C,0x1E,0x61,0x1E,0x71,0x1E ; COM 83C0
    db 0x7B,0x1E,0x80,0x1E,0x85,0x1E,0x8B,0x1E,0x90,0x1E,0x95,0x1E,0x9A,0x1E,0xAA,0x1E ; COM 83D0
    db 0xB4,0x1E,0xB9,0x1E,0xBE,0x1E,0xC4,0x1E,0xC9,0x1E,0xCE,0x1E,0xD3,0x1E,0xE3,0x1E ; COM 83E0
    db 0xED,0x1E,0xF2,0x1E,0xF7,0x1E,0xFD,0x1E,0x02,0x1F,0x07,0x1F,0x0C,0x1F,0x1C,0x1F ; COM 83F0
    db 0x26,0x1F,0x2B,0x1F,0x30,0x1F,0x36,0x1F,0x3B,0x1F,0x40,0x1F,0x45,0x1F,0x55,0x1F ; COM 8400
    db 0x5F,0x1F,0x64,0x1F,0x69,0x1F,0x6F,0x1F,0x74,0x1F,0x79,0x1F,0x7E,0x1F,0x8E,0x1F ; COM 8410
    db 0x98,0x1F,0x9D,0x1F,0xA2,0x1F,0xA8,0x1F,0xAD,0x1F,0xB2,0x1F,0xB7,0x1F,0xC7,0x1F ; COM 8420
    db 0xD1,0x1F,0xD6,0x1F,0xDB,0x1F,0xE1,0x1F,0xE6,0x1F,0xEB,0x1F,0xF0,0x1F,0x00,0x20 ; COM 8430
    db 0x0A,0x20,0x0F,0x20,0x14,0x20,0x1A,0x20,0x1F,0x20,0x24,0x20,0x29,0x20,0x39,0x20 ; COM 8440
    db 0x43,0x20,0x48,0x20,0x4D,0x20,0x53,0x20,0x58,0x20,0x5D,0x20,0x62,0x20,0x72,0x20 ; COM 8450
    db 0x7C,0x20,0x81,0x20,0x86,0x20,0x8C,0x20,0x91,0x20,0x96,0x20,0x9B,0x20,0xAB,0x20 ; COM 8460
    db 0xB5,0x20,0xBA,0x20,0xBF,0x20,0xC5,0x20,0xCA,0x20,0xCF,0x20,0xD4,0x20,0xE4,0x20 ; COM 8470
    db 0xEE,0x20,0xF3,0x20,0xF8,0x20,0xFE,0x20,0x03,0x21,0x08,0x21,0x0D,0x21,0x1D,0x21 ; COM 8480
    db 0x27,0x21,0x2C,0x21,0x31,0x21,0x37,0x21,0x3C,0x21,0x41,0x21,0x46,0x21,0x56,0x21 ; COM 8490
    db 0x60,0x21,0x65,0x21,0x6A,0x21,0x70,0x21,0x75,0x21,0x7A,0x21,0x7F,0x21,0x8F,0x21 ; COM 84A0
    db 0x99,0x21,0x9E,0x21,0xA3,0x21,0xA9,0x21,0xAE,0x21,0xB3,0x21,0xB8,0x21,0xC8,0x21 ; COM 84B0
    db 0xD2,0x21,0xD7,0x21,0xDC,0x21,0xE2,0x21,0xE7,0x21,0xEC,0x21,0xF1,0x21,0x01,0x22 ; COM 84C0
    db 0x0B,0x22,0x10,0x22,0x15,0x22,0x1B,0x22,0x20,0x22,0x25,0x22,0x2A,0x22,0x3A,0x22 ; COM 84D0
    db 0x44,0x22,0x49,0x22,0x4E,0x22,0x54,0x22,0x59,0x22,0x5E,0x22,0x63,0x22,0x73,0x22 ; COM 84E0
    db 0x7D,0x22,0x82,0x22,0x87,0x22,0x8D,0x22,0x92,0x22,0x97,0x22,0x9C,0x22,0xAC,0x22 ; COM 84F0
    db 0xB6,0x22,0xBB,0x22,0xC0,0x22,0xC6,0x22,0xCB,0x22,0xD0,0x22,0xD5,0x22,0xE5,0x22 ; COM 8500
    db 0xEF,0x22,0xF4,0x22,0xF9,0x22,0xFF,0x22,0x04,0x23,0x09,0x23,0x0E,0x23,0x1E,0x23 ; COM 8510
    db 0x28,0x23,0x2D,0x23,0x32,0x23,0x38,0x23,0x3D,0x23,0x42,0x23,0x47,0x23,0x57,0x23 ; COM 8520
    db 0x61,0x23,0x66,0x23,0x6B,0x23,0x71,0x23,0x76,0x23,0x7B,0x23,0x80,0x23,0x90,0x23 ; COM 8530
    db 0x9A,0x23,0x9F,0x23,0xA4,0x23,0xAA,0x23,0xAF,0x23,0xB4,0x23,0xB9,0x23,0xC9,0x23 ; COM 8540
    db 0xD3,0x23,0xD8,0x23,0xDD,0x23,0xE3,0x23,0xE8,0x23,0xED,0x23,0xF2,0x23,0x02,0x24 ; COM 8550
    db 0x0C,0x24,0x11,0x24,0x16,0x24,0x1C,0x24,0x21,0x24,0x26,0x24,0x2B,0x24,0x3B,0x24 ; COM 8560
    db 0x45,0x24,0x4A,0x24,0x4F,0x24,0x55,0x24,0x5A,0x24,0x5F,0x24,0x64,0x24,0x74,0x24 ; COM 8570
    db 0x7E,0x24,0x83,0x24,0x88,0x24,0x8E,0x24,0x93,0x24,0x98,0x24,0x9D,0x24,0xAD,0x24 ; COM 8580
    db 0xB7,0x24,0xBC,0x24,0xC1,0x24,0xC7,0x24,0xCC,0x24,0xD1,0x24,0xD6,0x24,0xE6,0x24 ; COM 8590
    db 0xF0,0x24,0xF5,0x24,0xFA,0x24,0x00,0x25,0x05,0x25,0x0A,0x25,0x0F,0x25,0x1F,0x25 ; COM 85A0
    db 0x29,0x25,0x2E,0x25,0x33,0x25,0x39,0x25,0x3E,0x25,0x43,0x25,0x48,0x25,0x58,0x25 ; COM 85B0
    db 0x62,0x25,0x67,0x25,0x6C,0x25,0x72,0x25,0x77,0x25,0x7C,0x25,0x81,0x25,0x91,0x25 ; COM 85C0
    db 0x9B,0x25,0xA0,0x25,0xA5,0x25,0xAB,0x25,0xB0,0x25,0xB5,0x25,0xBA,0x25,0xCA,0x25 ; COM 85D0
    db 0xD4,0x25,0xD9,0x25,0xDE,0x25,0xE4,0x25,0xE9,0x25,0xEE,0x25,0xF3,0x25,0x03,0x26 ; COM 85E0
    db 0x0D,0x26,0x12,0x26,0x17,0x26,0x1D,0x26,0x22,0x26,0x27,0x26,0x2C,0x26,0x3C,0x26 ; COM 85F0
    db 0x46,0x26,0x4B,0x26,0x50,0x26,0x56,0x26,0x5B,0x26,0x60,0x26,0x65,0x26,0x75,0x26 ; COM 8600
    db 0x7F,0x26,0x84,0x26,0x89,0x26,0x8F,0x26,0x94,0x26,0x99,0x26,0x9E,0x26,0xAE,0x26 ; COM 8610
    db 0xB8,0x26,0xBD,0x26,0xC2,0x26,0xC8,0x26,0xCD,0x26,0xD2,0x26,0xD7,0x26,0xE7,0x26 ; COM 8620
    db 0xF1,0x26,0xF6,0x26,0xFB,0x26,0x01,0x27,0x06,0x27,0x0B,0x27,0x10,0x27,0x20,0x27 ; COM 8630
    db 0x2A,0x27,0x2F,0x27,0x34,0x27,0x3A,0x27,0x3F,0x27,0x44,0x27,0x49,0x27,0x59,0x27 ; COM 8640
    db 0x63,0x27,0x68,0x27,0x6D,0x27,0x73,0x27,0x78,0x27,0x7D,0x27,0x82,0x27,0x92,0x27 ; COM 8650
    db 0x9C,0x27,0xA1,0x27,0xA6,0x27,0xAC,0x27,0xB1,0x27,0xB6,0x27,0xBB,0x27,0xCB,0x27 ; COM 8660
    db 0xD5,0x27,0xDA,0x27,0xDF,0x27,0xE5,0x27,0xEA,0x27,0xEF,0x27,0xF4,0x27,0x04,0x28 ; COM 8670
    db 0x0E,0x28,0x13,0x28,0x18,0x28,0x1E,0x28,0x23,0x28,0x28,0x28,0x2D,0x28,0x3D,0x28 ; COM 8680
    db 0x47,0x28,0x4C,0x28,0x51,0x28,0x57,0x28,0x5C,0x28,0x61,0x28,0x66,0x28,0x76,0x28 ; COM 8690
    db 0x80,0x28,0x85,0x28,0x8A,0x28,0x90,0x28,0x95,0x28,0x9A,0x28,0x9F,0x28,0xAF,0x28 ; COM 86A0
    db 0xB9,0x28,0xBE,0x28,0xC3,0x28,0xC9,0x28,0xCE,0x28,0xD3,0x28,0xD8,0x28,0xE8,0x28 ; COM 86B0
    db 0xF2,0x28,0xF7,0x28,0xFC,0x28,0x02,0x29,0x07,0x29,0x0C,0x29,0x11,0x29,0x21,0x29 ; COM 86C0
    db 0x2B,0x29,0x30,0x29,0x35,0x29,0x3B,0x29,0x40,0x29,0x45,0x29,0x4A,0x29,0x5A,0x29 ; COM 86D0
    db 0x64,0x29,0x69,0x29,0x6E,0x29,0x74,0x29,0x79,0x29,0x7E,0x29,0x83,0x29,0x93,0x29 ; COM 86E0
    db 0x9D,0x29,0xA2,0x29,0xA7,0x29,0xAD,0x29,0xB2,0x29,0xB7,0x29,0xBC,0x29,0xCC,0x29 ; COM 86F0
    db 0xD6,0x29,0xDB,0x29,0xE0,0x29,0xE6,0x29,0xEB,0x29,0xF0,0x29,0xF5,0x29,0x05,0x2A ; COM 8700
    db 0x0F,0x2A,0x14,0x2A,0x19,0x2A,0x1F,0x2A,0x24,0x2A,0x29,0x2A,0x2E,0x2A,0x3E,0x2A ; COM 8710
    db 0x48,0x2A,0x4D,0x2A,0x52,0x2A,0x58,0x2A,0x5D,0x2A,0x62,0x2A,0x67,0x2A,0x77,0x2A ; COM 8720
    db 0x81,0x2A,0x86,0x2A,0x8B,0x2A,0x91,0x2A,0x96,0x2A,0x9B,0x2A,0xA0,0x2A,0xB0,0x2A ; COM 8730
    db 0xBA,0x2A,0xBF,0x2A,0xC4,0x2A,0xCA,0x2A,0xCF,0x2A,0xD4,0x2A,0xD9,0x2A,0xE9,0x2A ; COM 8740
    db 0xF3,0x2A,0xF8,0x2A,0xFD,0x2A,0x03,0x2B,0x08,0x2B,0x0D,0x2B,0x12,0x2B,0x22,0x2B ; COM 8750
    db 0x2C,0x2B,0x31,0x2B,0x36,0x2B,0x3C,0x2B,0x41,0x2B,0x46,0x2B,0x4B,0x2B,0x5B,0x2B ; COM 8760
    db 0x65,0x2B,0x6A,0x2B,0x6F,0x2B,0x75,0x2B,0x7A,0x2B,0x7F,0x2B,0x84,0x2B,0x94,0x2B ; COM 8770
    db 0x9E,0x2B,0xA3,0x2B,0xA8,0x2B,0xAE,0x2B,0xB3,0x2B,0xB8,0x2B,0xBD,0x2B,0xCD,0x2B ; COM 8780
    db 0xD7,0x2B,0xDC,0x2B,0xE1,0x2B,0xE7,0x2B,0xEC,0x2B,0xF1,0x2B,0xF6,0x2B,0x06,0x2C ; COM 8790
    db 0x10,0x2C,0x15,0x2C,0x1A,0x2C,0x20,0x2C,0x25,0x2C,0x2A,0x2C,0x2F,0x2C,0x3F,0x2C ; COM 87A0
    db 0x49,0x2C,0x4E,0x2C,0x53,0x2C,0x59,0x2C,0x5E,0x2C,0x63,0x2C,0x68,0x2C,0x78,0x2C ; COM 87B0
    db 0x82,0x2C,0x87,0x2C,0x8C,0x2C,0x92,0x2C,0x97,0x2C,0x9C,0x2C,0xA1,0x2C,0xB1,0x2C ; COM 87C0
    db 0xBB,0x2C,0xC0,0x2C,0xC5,0x2C,0xCB,0x2C,0xD0,0x2C,0xD5,0x2C,0xDA,0x2C,0xEA,0x2C ; COM 87D0
    db 0xF4,0x2C,0xF9,0x2C,0xFE,0x2C,0x04,0x2D,0x09,0x2D,0x0E,0x2D,0x13,0x2D,0x23,0x2D ; COM 87E0
    db 0x2D,0x2D,0x32,0x2D,0x37,0x2D,0x3D,0x2D,0x42,0x2D,0x47,0x2D,0x4C,0x2D,0x5C,0x2D ; COM 87F0
    db 0x66,0x2D,0x6B,0x2D,0x70,0x2D,0x76,0x2D,0x7B,0x2D,0x80,0x2D,0x85,0x2D,0x95,0x2D ; COM 8800
    db 0x9F,0x2D,0xA4,0x2D,0xA9,0x2D,0xAF,0x2D,0xB4,0x2D,0xB9,0x2D,0xBE,0x2D,0xCE,0x2D ; COM 8810
    db 0xD8,0x2D,0xDD,0x2D,0xE2,0x2D,0xE8,0x2D,0xED,0x2D,0xF2,0x2D,0xF7,0x2D,0x07,0x2E ; COM 8820
    db 0x11,0x2E,0x16,0x2E,0x1B,0x2E,0x21,0x2E,0x26,0x2E,0x2B,0x2E,0x30,0x2E,0x40,0x2E ; COM 8830
    db 0x4A,0x2E,0x4F,0x2E,0x54,0x2E,0x5A,0x2E,0x5F,0x2E,0x64,0x2E,0x69,0x2E,0x79,0x2E ; COM 8840
    db 0x83,0x2E,0x88,0x2E,0x8D,0x2E,0x93,0x2E,0x98,0x2E,0x9D,0x2E,0xA2,0x2E,0xB2,0x2E ; COM 8850
    db 0xBC,0x2E,0xC1,0x2E,0xC6,0x2E,0xCC,0x2E,0xD1,0x2E,0xD6,0x2E,0xDB,0x2E,0xEB,0x2E ; COM 8860
    db 0xF5,0x2E,0xFA,0x2E,0xFF,0x2E,0x05,0x2F,0x0A,0x2F,0x0F,0x2F,0x14,0x2F,0x24,0x2F ; COM 8870
    db 0x2E,0x2F,0x33,0x2F,0x38,0x2F,0x3E,0x2F,0x43,0x2F,0x48,0x2F,0x4D,0x2F,0x5D,0x2F ; COM 8880
    db 0x67,0x2F,0x6C,0x2F,0x71,0x2F,0x77,0x2F,0x7C,0x2F,0x81,0x2F,0x86,0x2F,0x96,0x2F ; COM 8890
    db 0xA0,0x2F,0xA5,0x2F,0xAA,0x2F,0xB0,0x2F,0xB5,0x2F,0xBA,0x2F,0xBF,0x2F,0xCF,0x2F ; COM 88A0
    db 0xD9,0x2F,0xDE,0x2F,0xE3,0x2F,0xE9,0x2F,0xEE,0x2F,0xF3,0x2F,0xF8,0x2F,0x08,0x30 ; COM 88B0
    db 0x12,0x30,0x17,0x30,0x1C,0x30,0x22,0x30,0x27,0x30,0x2C,0x30,0x31,0x30,0x41,0x30 ; COM 88C0
    db 0x4B,0x30,0x50,0x30,0x55,0x30,0x5B,0x30,0x60,0x30,0x65,0x30,0x6A,0x30,0x7A,0x30 ; COM 88D0
    db 0x84,0x30,0x89,0x30,0x8E,0x30,0x94,0x30,0x99,0x30,0x9E,0x30,0xA3,0x30,0xB3,0x30 ; COM 88E0
    db 0xBD,0x30,0xC2,0x30,0xC7,0x30,0xCD,0x30,0xD2,0x30,0xD7,0x30,0xDC,0x30,0xEC,0x30 ; COM 88F0
    db 0xF6,0x30,0xFB,0x30,0x00,0x31,0x06,0x31,0x0B,0x31,0x10,0x31,0x15,0x31,0x25,0x31 ; COM 8900
    db 0x2F,0x31,0x34,0x31,0x39,0x31,0x3F,0x31,0x44,0x31,0x49,0x31,0x4E,0x31,0x5E,0x31 ; COM 8910
    db 0x68,0x31,0x6D,0x31,0x72,0x31,0x78,0x31,0x7D,0x31,0x82,0x31,0x87,0x31,0x97,0x31 ; COM 8920
    db 0xA1,0x31,0xA6,0x31,0xAB,0x31,0xB1,0x31,0xB6,0x31,0xBB,0x31,0xC0,0x31,0xD0,0x31 ; COM 8930
    db 0xDA,0x31,0xDF,0x31,0xE4,0x31,0xEA,0x31,0xEF,0x31,0xF4,0x31,0xF9,0x31,0x09,0x32 ; COM 8940
    db 0x13,0x32,0x18,0x32,0x1D,0x32,0x23,0x32,0x28,0x32,0x2D,0x32,0x32,0x32,0x42,0x32 ; COM 8950
    db 0x4C,0x32,0x51,0x32,0x56,0x32,0x5C,0x32,0x61,0x32,0x66,0x32,0x6B,0x32,0x7B,0x32 ; COM 8960
    db 0x85,0x32,0x8A,0x32,0x8F,0x32,0x95,0x32,0x9A,0x32,0x9F,0x32,0xA4,0x32,0xB4,0x32 ; COM 8970
    db 0xBE,0x32,0xC3,0x32,0xC8,0x32,0xCE,0x32,0xD3,0x32,0xD8,0x32,0xDD,0x32,0xED,0x32 ; COM 8980
    db 0xF7,0x32,0xFC,0x32,0x01,0x33,0x07,0x33,0x0C,0x33,0x11,0x33,0x16,0x33,0x26,0x33 ; COM 8990
    db 0x30,0x33,0x35,0x33,0x3A,0x33,0x40,0x33,0x45,0x33,0x4A,0x33,0x4F,0x33,0x5F,0x33 ; COM 89A0
    db 0x69,0x33,0x6E,0x33,0x73,0x33,0x79,0x33,0x7E,0x33,0x83,0x33,0x88,0x33,0x98,0x33 ; COM 89B0
    db 0xA2,0x33,0xA7,0x33,0xAC,0x33,0xB2,0x33,0xB7,0x33,0xBC,0x33,0xC1,0x33,0xD1,0x33 ; COM 89C0
    db 0xDB,0x33,0xE0,0x33,0xE5,0x33,0xEB,0x33,0xF0,0x33,0xF5,0x33,0xFA,0x33,0x0A,0x34 ; COM 89D0
    db 0x14,0x34,0x19,0x34,0x1E,0x34,0x24,0x34,0x29,0x34,0x2E,0x34,0x33,0x34,0x43,0x34 ; COM 89E0
    db 0x4D,0x34,0x52,0x34,0x57,0x34,0x5D,0x34,0x62,0x34,0x67,0x34,0x6C,0x34,0x7C,0x34 ; COM 89F0
    db 0x86,0x34,0x8B,0x34,0x90,0x34,0x96,0x34,0x9B,0x34,0xA0,0x34,0xA5,0x34,0xB5,0x34 ; COM 8A00
    db 0xBF,0x34,0xC4,0x34,0xC9,0x34,0xCF,0x34,0xD4,0x34,0xD9,0x34,0xDE,0x34,0xEE,0x34 ; COM 8A10
    db 0xF8,0x34,0xFD,0x34,0x02,0x35,0x08,0x35,0x0D,0x35,0x12,0x35,0x17,0x35,0x27,0x35 ; COM 8A20
    db 0x31,0x35,0x36,0x35,0x3B,0x35,0x41,0x35,0x46,0x35,0x4B,0x35,0x50,0x35,0x60,0x35 ; COM 8A30
    db 0x6A,0x35,0x6F,0x35,0x74,0x35,0x7A,0x35,0x7F,0x35,0x84,0x35,0x89,0x35,0x99,0x35 ; COM 8A40
    db 0xA3,0x35,0xA8,0x35,0xAD,0x35,0xB3,0x35,0xB8,0x35,0xBD,0x35,0xC2,0x35,0xD2,0x35 ; COM 8A50
    db 0xDC,0x35,0xE1,0x35,0xE6,0x35,0xEC,0x35,0xF1,0x35,0xF6,0x35,0xFB,0x35,0x0B,0x36 ; COM 8A60
    db 0x15,0x36,0x1A,0x36,0x1F,0x36,0x25,0x36,0x2A,0x36,0x2F,0x36,0x34,0x36,0x44,0x36 ; COM 8A70
    db 0x4E,0x36,0x53,0x36,0x58,0x36,0x5E,0x36,0x63,0x36,0x68,0x36,0x6D,0x36,0x7D,0x36 ; COM 8A80
    db 0x87,0x36,0x8C,0x36,0x91,0x36,0x97,0x36,0x9C,0x36,0xA1,0x36,0xA6,0x36,0xB6,0x36 ; COM 8A90
    db 0xC0,0x36,0xC5,0x36,0xCA,0x36,0xD0,0x36,0xD5,0x36,0xDA,0x36,0xDF,0x36,0xEF,0x36 ; COM 8AA0
    db 0xF9,0x36,0xFE,0x36,0x03,0x37,0x09,0x37,0x0E,0x37,0x13,0x37,0x18,0x37,0x28,0x37 ; COM 8AB0
    db 0x32,0x37,0x37,0x37,0x3C,0x37,0x42,0x37,0x47,0x37,0x4C,0x37,0x51,0x37,0x61,0x37 ; COM 8AC0
    db 0x6B,0x37,0x70,0x37,0x75,0x37,0x7B,0x37,0x80,0x37,0x85,0x37,0x8A,0x37,0x9A,0x37 ; COM 8AD0
    db 0xA4,0x37,0xA9,0x37,0xAE,0x37,0xB4,0x37,0xB9,0x37,0xBE,0x37,0xC3,0x37,0xD3,0x37 ; COM 8AE0
    db 0xDD,0x37,0xE2,0x37,0xE7,0x37,0xED,0x37,0xF2,0x37,0xF7,0x37,0xFC,0x37,0x0C,0x38 ; COM 8AF0
    db 0x16,0x38,0x1B,0x38,0x20,0x38,0x26,0x38,0x2B,0x38,0x30,0x38,0x35,0x38,0x45,0x38 ; COM 8B00
    db 0x4F,0x38,0x54,0x38,0x59,0x38,0x5F,0x38,0x64,0x38,0x69,0x38,0x6E,0x38,0x7E,0x38 ; COM 8B10
    db 0x88,0x38,0x8D,0x38,0x92,0x38,0x98,0x38,0x9D,0x38,0xA2,0x38,0xA7,0x38,0xB7,0x38 ; COM 8B20
    db 0xC1,0x38,0xC6,0x38,0xCB,0x38,0xD1,0x38,0xD6,0x38,0xDB,0x38,0xE0,0x38,0xF0,0x38 ; COM 8B30
    db 0xFA,0x38,0xFF,0x38,0x04,0x39,0x0A,0x39,0x0F,0x39,0x14,0x39,0x19,0x39,0x29,0x39 ; COM 8B40
    db 0x33,0x39,0x38,0x39,0x3D,0x39,0x43,0x39,0x48,0x39,0x4D,0x39,0x52,0x39,0x62,0x39 ; COM 8B50
    db 0x6C,0x39,0x71,0x39,0x76,0x39,0x7C,0x39,0x81,0x39,0x86,0x39,0x8B,0x39,0x9B,0x39 ; COM 8B60
    db 0xA5,0x39,0xAA,0x39,0xAF,0x39,0xB5,0x39,0xBA,0x39,0xBF,0x39,0xC4,0x39,0xD4,0x39 ; COM 8B70
    db 0xDE,0x39,0xE3,0x39,0xE8,0x39,0xEE,0x39,0xF3,0x39,0xF8,0x39,0xFD,0x39,0x0D,0x3A ; COM 8B80
    db 0x17,0x3A,0x1C,0x3A,0x21,0x3A,0x27,0x3A,0x2C,0x3A,0x31,0x3A,0x36,0x3A,0x46,0x3A ; COM 8B90
    db 0x50,0x3A,0x55,0x3A,0x5A,0x3A,0x60,0x3A,0x65,0x3A,0x6A,0x3A,0x6F,0x3A,0x7F,0x3A ; COM 8BA0
    db 0x89,0x3A,0x8E,0x3A,0x93,0x3A,0x99,0x3A,0x9E,0x3A,0xA3,0x3A,0xA8,0x3A,0xB8,0x3A ; COM 8BB0
    db 0xC2,0x3A,0xC7,0x3A,0xCC,0x3A,0xD2,0x3A,0xD7,0x3A,0xDC,0x3A,0xE1,0x3A,0xF1,0x3A ; COM 8BC0
    db 0xFB,0x3A,0x00,0x3B,0x05,0x3B,0x0B,0x3B,0x10,0x3B,0x15,0x3B,0x1A,0x3B,0x2A,0x3B ; COM 8BD0
    db 0x34,0x3B,0x39,0x3B,0x3E,0x3B,0x44,0x3B,0x49,0x3B,0x4E,0x3B,0x53,0x3B,0x63,0x3B ; COM 8BE0
    db 0x6D,0x3B,0x72,0x3B,0x77,0x3B,0x7D,0x3B,0x82,0x3B,0x87,0x3B,0x8C,0x3B,0x9C,0x3B ; COM 8BF0
    db 0xA6,0x3B,0xAB,0x3B,0xB0,0x3B,0xB6,0x3B,0xBB,0x3B,0xC0,0x3B,0xC5,0x3B,0xD5,0x3B ; COM 8C00
    db 0xDF,0x3B,0xE4,0x3B,0xE9,0x3B,0xEF,0x3B,0xF4,0x3B,0xF9,0x3B,0xFE,0x3B,0x0E,0x3C ; COM 8C10
    db 0x18,0x3C,0x1D,0x3C,0x22,0x3C,0x28,0x3C,0x2D,0x3C,0x32,0x3C,0x37,0x3C,0x47,0x3C ; COM 8C20
    db 0x51,0x3C,0x56,0x3C,0x5B,0x3C,0x61,0x3C,0x66,0x3C,0x6B,0x3C,0x70,0x3C,0x80,0x3C ; COM 8C30
    db 0x8A,0x3C,0x8F,0x3C,0x94,0x3C,0x9A,0x3C,0x9F,0x3C,0xA4,0x3C,0xA9,0x3C,0xB9,0x3C ; COM 8C40
    db 0xC3,0x3C,0xC8,0x3C,0xCD,0x3C,0xD3,0x3C,0xD8,0x3C,0xDD,0x3C,0xE2,0x3C,0xF2,0x3C ; COM 8C50
    db 0xFC,0x3C,0x01,0x3D,0x06,0x3D,0x0C,0x3D,0x11,0x3D,0x16,0x3D,0x1B,0x3D,0x2B,0x3D ; COM 8C60
    db 0x35,0x3D,0x3A,0x3D,0x3F,0x3D,0x45,0x3D,0x4A,0x3D,0x4F,0x3D,0x54,0x3D,0x64,0x3D ; COM 8C70
    db 0x00,0x00,0x00,0x00,0x00,0x00,0x00,0x00,0x00,0x00,0x00,0x00,0x00,0x00,0x00,0x00 ; COM 8C80
    db 0x00,0x00,0x00,0x00,0x00,0x00,0x00,0x00,0x00,0x00,0x00,0x00,0x00,0x00,0x00,0x00 ; COM 8C90
    db 0x00,0x00,0x00,0x00,0x00,0x00,0x00,0x00,0x00,0x00,0x00,0x00,0x00,0x00,0x00,0x00 ; COM 8CA0
    db 0x00,0x00,0x00,0x00,0x00,0x00,0x00,0x00,0x00,0x00,0x00,0x00,0x00,0x00,0x00,0x00 ; COM 8CB0
    db 0x00,0x00,0x00,0x00,0x00,0x00,0x00,0x00,0x00,0x00,0x00,0x00,0x00,0x00,0x00,0x00 ; COM 8CC0
    db 0x00,0x00,0x00,0x00,0x00,0x00,0x00,0x00,0x00,0x00,0x00,0x00,0x00,0x00,0x00,0x00 ; COM 8CD0
    db 0x00,0x00,0x00,0x00,0x00,0x00,0x00,0x00,0x00,0x00,0x00,0x00,0x00,0x00,0x00,0x00 ; COM 8CE0
    db 0x00,0x00,0x00,0x00,0x00,0x00,0x00,0x00,0x00,0x00,0x00,0x00,0x00,0x00,0x00,0x00 ; COM 8CF0
    db 0x00,0x00,0x00,0x00,0x00,0x00,0x00,0x00,0x00,0x00,0x00,0x00,0x00,0x00,0x00,0x00 ; COM 8D00
    db 0x00,0x00,0x00,0x00,0x00,0x00,0x00,0x00,0x00,0x00,0x00,0x00,0x00,0x00,0x00,0x00 ; COM 8D10
    db 0x00,0x00,0x00,0x00,0x00,0x00,0x00,0x00,0x00,0x00,0x00,0x00,0x00,0x00,0x00,0x00 ; COM 8D20
    db 0x00,0x00,0x00,0x00,0x00,0x00,0x00,0x00,0x00,0x00,0x00,0x00,0x00,0x00,0x00,0x00 ; COM 8D30
    db 0x00,0x00,0x00,0x00,0x00,0x00,0x00,0x00,0x00,0x00,0x00,0x00,0x00,0x00,0x00,0x00 ; COM 8D40
    db 0x00,0x00,0x00,0x00,0x00,0x00,0x00,0x00,0x00,0x00,0x00,0x00,0x00,0x00,0x00,0x00 ; COM 8D50
    db 0x00,0x00,0x00,0x00,0x00,0x00,0x00,0x00,0x00,0x00,0x00,0x00,0x00,0x00,0x00,0x00 ; COM 8D60
    db 0x00,0x00,0x00,0x00,0x00,0x00,0x00,0x00,0x00,0x00,0x00,0x00,0x00,0x00,0x00,0x00 ; COM 8D70
    db 0x00,0x00,0x00,0x00,0x00,0x00,0x00,0x00,0x00,0x00,0x00,0x00,0x00,0x00,0x00,0x00 ; COM 8D80
    db 0x00,0x00,0x00,0x00,0x00,0x00,0x00,0x00,0x00,0x00,0x00,0x00,0x00,0x00,0x00,0x00 ; COM 8D90
    db 0x00,0x00,0x00,0x00,0x00,0x00,0x00,0x00,0x00,0x00,0x00,0x00,0x00,0x00,0x00,0x00 ; COM 8DA0
    db 0x00,0x00,0x00,0x00,0x00,0x00,0x00,0x00,0x00,0x00,0x00,0x00,0x00,0x00,0x00,0x00 ; COM 8DB0
    db 0x00,0x00,0x00,0x00,0x00,0x00,0x00,0x00,0x00,0x00,0x00,0x00,0x00,0x00,0x00,0x00 ; COM 8DC0
    db 0x00,0x00,0x00,0x00,0x00,0x00,0x00,0x00,0x00,0x00,0x00,0x00,0x00,0x00,0x00,0x00 ; COM 8DD0
    db 0x00,0x00,0x00,0x00,0x00,0x00,0x00,0x00,0x00,0x00,0x00,0x00,0x00,0x00,0x00,0x00 ; COM 8DE0
    db 0x00,0x00,0x00,0x00,0x00,0x00,0x00,0x00,0x00,0x00,0x00,0x00,0x00,0x00,0x00,0x00 ; COM 8DF0
    db 0x00,0x00,0x00,0x00,0x00,0x00,0x00,0x00,0x00,0x00,0x00,0x00,0x00,0x00,0x00,0x00 ; COM 8E00
    db 0x00,0x00,0x00,0x00,0x00,0x00,0x00,0x00,0x00,0x00,0x00,0x00,0x00,0x00,0x00,0x00 ; COM 8E10
    db 0x00,0x00,0x00,0x00,0x00,0x00,0x00,0x00,0x00,0x00,0x00,0x00,0x00,0x00,0x00,0x00 ; COM 8E20
    db 0x00,0x00,0x00,0x00,0x00,0x00,0x00,0x00,0x00,0x00,0x00,0x00,0x00,0x00,0x00,0x00 ; COM 8E30
    db 0x00,0x00,0x00,0x00,0x00,0x00,0x00,0x00,0x00,0x00,0x00,0x00,0x00,0x00,0x00,0x00 ; COM 8E40
    db 0x00,0x00,0x00,0x00,0x00,0x00,0x00,0x00,0x00,0x00,0x00,0x00,0x00,0x00,0x00,0x00 ; COM 8E50
    db 0x00,0x00,0x00,0x00,0x00,0x00,0x00,0x00,0x00,0x00,0x00,0x00,0x00,0x00,0x00,0x00 ; COM 8E60
    db 0x00,0x00,0x00,0x00,0x00,0x00,0x00,0x00,0x00,0x00,0x00,0x00,0x00,0x00,0x00,0x00 ; COM 8E70
    db 0x00,0x00,0x00,0x00,0x00,0x00,0x00,0x00,0x00,0x00,0x00,0x00,0x00,0x00,0x00,0x00 ; COM 8E80
    db 0x00,0x00,0x00,0x00,0x00,0x00,0x00,0x00,0x00,0x00,0x00,0x00,0x00,0x00,0x00,0x00 ; COM 8E90
    db 0x00,0x00,0x00,0x00,0x00,0x00,0x00,0x00,0x00,0x00,0x00,0x00,0x00,0x00,0x00,0x00 ; COM 8EA0
    db 0x00,0x00,0x00,0x00,0x00,0x00,0x00,0x00,0x00,0x00,0x00,0x00,0x00,0x00,0x00,0x00 ; COM 8EB0
    db 0x00,0x00,0x00,0x00,0x00,0x00,0x00,0x00,0x00,0x00,0x00,0x00,0x00,0x00,0x00,0x00 ; COM 8EC0
    db 0x00,0x00,0x00,0x00,0x00,0x00,0x00,0x00,0x00,0x00,0x00,0x00,0x00,0x00,0x00,0x00 ; COM 8ED0
    db 0x00,0x00,0x00,0x00,0x00,0x00,0x00,0x00,0x00,0x00,0x00,0x00,0x00,0x00,0x00,0x00 ; COM 8EE0
    db 0x00,0x00,0x00,0x00,0x00,0x00,0x00,0x00,0x00,0x00,0x00,0x00,0x00,0x00,0x00,0x00 ; COM 8EF0
    db 0x00,0x00,0x00,0x00,0x00,0x00,0x00,0x00,0x00,0x00,0x00,0x00,0x00,0x00,0x00,0x00 ; COM 8F00
    db 0x00,0x00,0x00,0x00,0x00,0x00,0x00,0x00,0x00,0x00,0x00,0x00,0x00,0x00,0x00,0x00 ; COM 8F10
    db 0x00,0x00,0x00,0x00,0x00,0x00,0x00,0x00,0x00,0x00,0x00,0x00,0x00,0x00,0x00,0x00 ; COM 8F20
    db 0x00,0x00,0x00,0x00,0x00,0x00,0x00,0x00,0x00,0x00,0x00,0x00,0x00,0x00,0x00,0x00 ; COM 8F30
    db 0x00,0x00,0x00,0x00,0x00,0x00,0x00,0x00,0x00,0x00,0x00,0x00,0x00,0x00,0x00,0x00 ; COM 8F40
    db 0x00,0x00,0x00,0x00,0x00,0x00,0x00,0x00,0x00,0x00,0x00,0x00,0x00,0x00,0x00,0x00 ; COM 8F50
    db 0x00,0x00,0x00,0x00,0x00,0x00,0x00,0x00,0x00,0x00,0x00,0x00,0x00,0x00,0x00,0x00 ; COM 8F60
    db 0x00,0x00,0x00,0x00,0x00,0x00,0x00,0x00,0x00,0x00,0x00,0x00,0x00,0x00,0x00,0x00 ; COM 8F70
    db 0x00,0x00,0x00,0x00,0x00,0x00,0x00,0x00,0x00,0x00,0x00,0x00,0x00,0x00,0x00,0x00 ; COM 8F80
    db 0x00,0x00,0x00,0x00,0x00,0x00,0x00,0x00,0x00,0x00,0x00,0x00,0x00,0x00,0x00,0x00 ; COM 8F90
    db 0x00,0x00,0x00,0x00,0x00,0x00,0x00,0x00,0x00,0x00,0x00,0x00,0x00,0x00,0x00,0x00 ; COM 8FA0
    db 0x00,0x00,0x00,0x00,0x00,0x00,0x00,0x00,0x00,0x00,0x00,0x00,0x00,0x00,0x00,0x00 ; COM 8FB0
    db 0x00,0x00,0x00,0x00,0x00,0x00,0x00,0x00,0x00,0x00,0x00,0x00,0x00,0x00,0x00,0x00 ; COM 8FC0
    db 0x00,0x00,0x00,0x00,0x00,0x00,0x00,0x00,0x00,0x00,0x00,0x00,0x00,0x00,0x00,0x00 ; COM 8FD0
    db 0x00,0x00,0x00,0x00,0x00,0x00,0x00,0x00,0x00,0x00,0x00,0x00,0x00,0x00,0x00,0x00 ; COM 8FE0
    db 0x00,0x00,0x00,0x00,0x00,0x00,0x00,0x00,0x00,0x00,0x00,0x00,0x00,0x00,0x00,0x00 ; COM 8FF0
    db 0x00,0x00,0x00,0x00,0x00,0x00,0x00,0x00,0x00,0x00,0x00,0x00,0x00,0x00,0x00,0x00 ; COM 9000
    db 0x00,0x00,0x00,0x00,0x00,0x00,0x00,0x00,0x00,0x00,0x00,0x00,0x00,0x00,0x00,0x00 ; COM 9010
    db 0x00,0x00,0x00,0x00,0x00,0x00,0x00,0x00,0x00,0x00,0x00,0x00,0x00,0x00,0x00,0x00 ; COM 9020
    db 0x00,0x00,0x00,0x00,0x00,0x00,0x00,0x00,0x00,0x00,0x00,0x00,0x00,0x00,0x00,0x00 ; COM 9030
    db 0x00,0x00,0x00,0x00,0x00,0x00,0x00,0x00,0x00,0x00,0x00,0x00,0x00,0x00,0x00,0x00 ; COM 9040
    db 0x00,0x00,0x00,0x00,0x00,0x00,0x00,0x00,0x00,0x00,0x00,0x00,0x00,0x00,0x00,0x00 ; COM 9050
    db 0x00,0x00,0x00,0x00,0x00,0x00,0x00,0x00,0x00,0x00,0x00,0x00,0x00,0x00,0x00,0x00 ; COM 9060
    db 0x00,0x00,0x00,0x00,0x00,0x00,0x00,0x00,0x00,0x00,0x00,0x00,0x00,0x00,0x00,0x00 ; COM 9070
    db 0x00,0x00,0x00,0x00,0x00,0x00,0x00,0x00,0x00,0x00,0x00,0x00,0x00,0x00,0x00,0x00 ; COM 9080
    db 0x00,0x00,0x00,0x00,0x00,0x00,0x00,0x00,0x00,0x00,0x00,0x00,0x00,0x00,0x00,0x00 ; COM 9090
    db 0x00,0x00,0x00,0x00,0x00,0x00,0x00,0x00,0x00,0x00,0x00,0x00,0x00,0x00,0x00,0x00 ; COM 90A0
    db 0x00,0x00,0x00,0x00,0x00,0x00,0x00,0x00,0x00,0x00,0x00,0x00,0x00,0x00,0x00,0x00 ; COM 90B0
    db 0x00,0x00,0x00,0x00,0x00,0x00,0x00,0x00,0x00,0x00,0x00,0x00,0x00,0x00,0x00,0x00 ; COM 90C0
    db 0x00,0x00,0x00,0x00,0x00,0x00,0x00,0x00,0x00,0x00,0x00,0x00,0x00,0x00,0x00,0x00 ; COM 90D0
    db 0x00,0x00,0x00,0x00,0x00,0x00,0x00,0x00,0x00,0x00,0x00,0x00,0x00,0x00,0x00,0x00 ; COM 90E0
    db 0x00,0x00,0x00,0x00,0x00,0x00,0x00,0x00,0x00,0x00,0x00,0x00,0x00,0x00,0x00,0x00 ; COM 90F0
    db 0x00,0x00,0x00,0x00,0x00,0x00,0x00,0x00,0x00,0x00,0x00,0x00,0x00,0x00,0x00,0x00 ; COM 9100
    db 0x00,0x00,0x00,0x00,0x00,0x00,0x00,0x00,0x00,0x00,0x00,0x00,0x00,0x00,0x00,0x00 ; COM 9110
    db 0x00,0x00,0x00,0x00,0x00,0x00,0x00,0x00,0x00,0x00,0x00,0x00,0x00,0x00,0x00,0x00 ; COM 9120
    db 0x00,0x00,0x00,0x00,0x00,0x00,0x00,0x00,0x00,0x00,0x00,0x00,0x00,0x00,0x00,0x00 ; COM 9130
    db 0x00,0x00,0x00,0x00,0x00,0x00,0x00,0x00,0x00,0x00,0x00,0x00,0x00,0x00,0x00,0x00 ; COM 9140
    db 0x00,0x00,0x00,0x00,0x00,0x00,0x00,0x00,0x00,0x00,0x00,0x00,0x00,0x00,0x00,0x00 ; COM 9150
    db 0x00,0x00,0x00,0x00,0x00,0x00,0x00,0x00,0x00,0x00,0x00,0x00,0x00,0x00,0x00,0x00 ; COM 9160
    db 0x00,0x00,0x00,0x00,0x00,0x00,0x00,0x00,0x00,0x00,0x00,0x00,0x00,0x00,0x00,0x00 ; COM 9170
    db 0x00,0x00,0x00,0x00,0x00,0x00,0x00,0x00,0x00,0x00,0x00,0x00,0x00,0x00,0x00,0x00 ; COM 9180
    db 0x00,0x00,0x00,0x00,0x00,0x00,0x00,0x00,0x00,0x00,0x00,0x00,0x00,0x00,0x00,0x00 ; COM 9190
    db 0x00,0x00,0x00,0x00,0x00,0x00,0x00,0x00,0x00,0x00,0x00,0x00,0x00,0x00,0x00,0x00 ; COM 91A0
    db 0x00,0x00,0x00,0x00,0x00,0x00,0x00,0x00,0x00,0x00,0x00,0x00,0x00,0x00,0x00,0x00 ; COM 91B0
    db 0x00,0x00,0x00,0x00,0x00,0x00,0x00,0x00,0x00,0x00,0x00,0x00,0x00,0x00,0x00,0x00 ; COM 91C0
    db 0x00,0x00,0x00,0x00,0x00,0x00,0x00,0x00,0x00,0x00,0x00,0x00,0x00,0x00,0x00,0x00 ; COM 91D0
    db 0x00,0x00,0x00,0x00,0x00,0x00,0x00,0x00,0x00,0x00,0x00,0x00,0x00,0x00,0x00,0x00 ; COM 91E0
    db 0x00,0x00,0x00,0x00,0x00,0x00,0x00,0x00,0x00,0x00,0x00,0x00,0x00,0x00,0x00,0x00 ; COM 91F0
    db 0x00,0x00,0x00,0x00,0x00,0x00,0x00,0x00,0x00,0x00,0x00,0x00,0x00,0x00,0x00,0x00 ; COM 9200
    db 0x00,0x00,0x00,0x00,0x00,0x00,0x00,0x00,0x00,0x00,0x00,0x00,0x00,0x00,0x00,0x00 ; COM 9210
    db 0x00,0x00,0x00,0x00,0x00,0x00,0x00,0x00,0x00,0x00,0x00,0x00,0x00,0x00,0x00,0x00 ; COM 9220
    db 0x00,0x00,0x00,0x00,0x00,0x00,0x00,0x00,0x00,0x00,0x00,0x00,0x00,0x00,0x00,0x00 ; COM 9230
    db 0x00,0x00,0x00,0x00,0x00,0x00,0x00,0x00,0x00,0x00,0x00,0x00,0x00,0x00,0x00,0x00 ; COM 9240
    db 0x00,0x00,0x00,0x00,0x00,0x00,0x00,0x00,0x00,0x00,0x00,0x00,0x00,0x00,0x00,0x00 ; COM 9250
    db 0x00,0x00,0x00,0x00,0x00,0x00,0x00,0x00,0x00,0x00,0x00,0x00,0x00,0x00,0x00,0x00 ; COM 9260
    db 0x00,0x00,0x00,0x00,0x00,0x00,0x00,0x00,0x00,0x00,0x00,0x00,0x00,0x00,0x00,0x00 ; COM 9270
    db 0x00,0x00,0x00,0x00,0x00,0x00,0x00,0x00,0x00,0x00,0x00,0x00,0x00,0x00,0x00,0x00 ; COM 9280
    db 0x00,0x00,0x00,0x00,0x00,0x00,0x00,0x00,0x00,0x00,0x00,0x00,0x00,0x00,0x00,0x00 ; COM 9290
    db 0x00,0x00,0x00,0x00,0x00,0x00,0x00,0x00,0x00,0x00,0x00,0x00,0x00,0x00,0x00,0x00 ; COM 92A0
    db 0x00,0x00,0x00,0x00,0x00,0x00,0x00,0x00,0x00,0x00,0x00,0x00,0x00,0x00,0x00,0x00 ; COM 92B0
    db 0x00,0x00,0x00,0x00,0x00,0x00,0x00,0x00,0x00,0x00,0x00,0x00,0x00,0x00,0x00,0x00 ; COM 92C0
    db 0x00,0x00,0x00,0x00,0x00,0x00,0x00,0x00,0x00,0x00,0x00,0x00,0x00,0x00,0x00,0x00 ; COM 92D0
    db 0x00,0x00,0x00,0x00,0x00,0x00,0x00,0x00,0x00,0x00,0x00,0x00,0x00,0x00,0x00,0x00 ; COM 92E0
    db 0x00,0x00,0x00,0x00,0x00,0x00,0x00,0x00,0x00,0x00,0x00,0x00,0x00,0x00,0x00,0x00 ; COM 92F0
    db 0x00,0x00,0x00,0x00,0x00,0x00,0x00,0x00,0x00,0x00,0x00,0x00,0x00,0x00,0x00,0x00 ; COM 9300
    db 0x00,0x00,0x00,0x00,0x00,0x00,0x00,0x00,0x00,0x00,0x00,0x00,0x00,0x00,0x00,0x00 ; COM 9310
    db 0x00,0x00,0x00,0x00,0x00,0x00,0x00,0x00,0x00,0x00,0x00,0x00,0x00,0x00,0x00,0x00 ; COM 9320
    db 0x00,0x00,0x00,0x00,0x00,0x00,0x00,0x00,0x00,0x00,0x00,0x00,0x00,0x00,0x00,0x00 ; COM 9330
    db 0x00,0x00,0x00,0x00,0x00,0x00,0x00,0x00,0x00,0x00,0x00,0x00,0x00,0x00,0x00,0x00 ; COM 9340
    db 0x00,0x00,0x00,0x00,0x00,0x00,0x00,0x00,0x00,0x00,0x00,0x00,0x00,0x00,0x00,0x00 ; COM 9350
    db 0x00,0x00,0x00,0x00,0x00,0x00,0x00,0x00,0x00,0x00,0x00,0x00,0x00,0x00,0x00,0x00 ; COM 9360
    db 0x00,0x00,0x00,0x00,0x00,0x00,0x00,0x00,0x00,0x00,0x00,0x00,0x00,0x00,0x00,0x00 ; COM 9370
    db 0x00,0x00,0x00,0x00,0x00,0x00,0x00,0x00,0x00,0x00,0x00,0x00,0x00,0x00,0x00,0x00 ; COM 9380
    db 0x00,0x00,0x00,0x00,0x00,0x00,0x00,0x00,0x00,0x00,0x00,0x00,0x00,0x00,0x00,0x00 ; COM 9390
    db 0x00,0x00,0x00,0x00,0x00,0x00,0x00,0x00,0x00,0x00,0x00,0x00,0x00,0x00,0x00,0x00 ; COM 93A0
    db 0x00,0x00,0x00,0x00,0x00,0x00,0x00,0x00,0x00,0x00,0x00,0x00,0x00,0x00,0x00,0x00 ; COM 93B0
    db 0x00,0x00,0x00,0x00,0x00,0x00,0x00,0x00,0x00,0x00,0x00,0x00,0x00,0x00,0x00,0x00 ; COM 93C0
    db 0x00,0x00,0x00,0x00,0x00,0x00,0x00,0x00,0x00,0x00,0x00,0x00,0x00,0x00,0x00,0x00 ; COM 93D0
    db 0x00,0x00,0x00,0x00,0x00,0x00,0x00,0x00,0x00,0x00,0x00,0x00,0x00,0x00,0x00,0x00 ; COM 93E0
    db 0x00,0x00,0x00,0x00,0x00,0x00,0x00,0x00,0x00,0x00,0x00,0x00,0x00,0x00,0x00,0x00 ; COM 93F0
    db 0x00,0x00,0x00,0x00,0x00,0x00,0x00,0x00,0x00,0x00,0x00,0x00,0x00,0x00,0x00,0x00 ; COM 9400
    db 0x00,0x00,0x00,0x00,0x00,0x00,0x00,0x00,0x00,0x00,0x00,0x00,0x00,0x00,0x00,0x00 ; COM 9410
    db 0x00,0x00,0x00,0x00,0x00,0x00,0x00,0x00,0x00,0x00,0x00,0x00,0x00,0x00,0x00,0x00 ; COM 9420
    db 0x00,0x00,0x00,0x00,0x00,0x00,0x00,0x00,0x00,0x00,0x00,0x00,0x00,0x00,0x00,0x00 ; COM 9430
    db 0x00,0x00,0x00,0x00,0x00,0x00,0x00,0x00,0x00,0x00,0x00,0x00,0x00,0x00,0x00,0x00 ; COM 9440
    db 0x00,0x00,0x00,0x00,0x00,0x00,0x00,0x00,0x00,0x00,0x00,0x00,0x00,0x00,0x00,0x00 ; COM 9450
    db 0x00,0x00,0x00,0x00,0x00,0x00,0x00,0x00,0x00,0x00,0x00,0x00,0x00,0x00,0x00,0x00 ; COM 9460
    db 0x00,0x00,0x00,0x00,0x00,0x00,0x00,0x00,0x00,0x00,0x00,0x00,0x00,0x00,0x00,0x00 ; COM 9470
    db 0x00,0x00,0x00,0x00,0x00,0x00,0x00,0x00,0x00,0x00,0x00,0x00,0x00,0x00,0x00,0x00 ; COM 9480
    db 0x00,0x00,0x00,0x00,0x00,0x00,0x00,0x00,0x00,0x00,0x00,0x00,0x00,0x00,0x00,0x00 ; COM 9490
    db 0x00,0x00,0x00,0x00,0x00,0x00,0x00,0x00,0x00,0x00,0x00,0x00,0x00,0x00,0x00,0x00 ; COM 94A0
    db 0x00,0x00,0x00,0x00,0x00,0x00,0x00,0x00,0x00,0x00,0x00,0x00,0x00,0x00,0x00,0x00 ; COM 94B0
    db 0x00,0x00,0x00,0x00,0x00,0x00,0x00,0x00,0x00,0x00,0x00,0x00,0x00,0x00,0x00,0x00 ; COM 94C0
    db 0x00,0x00,0x00,0x00,0x00,0x00,0x00,0x00,0x00,0x00,0x00,0x00,0x00,0x00,0x00,0x00 ; COM 94D0
    db 0x00,0x00,0x00,0x00,0x00,0x00,0x00,0x00,0x00,0x00,0x00,0x00,0x00,0x00,0x00,0x00 ; COM 94E0
    db 0x00,0x00,0x00,0x00,0x00,0x00,0x00,0x00,0x00,0x00,0x00,0x00,0x00,0x00,0x00,0x00 ; COM 94F0
    db 0x00,0x00,0x00,0x00,0x00,0x00,0x00,0x00,0x00,0x00,0x00,0x00,0x00,0x00,0x00,0x00 ; COM 9500
    db 0x00,0x00,0x00,0x00,0x00,0x00,0x00,0x00,0x00,0x00,0x00,0x00,0x00,0x00,0x00,0x00 ; COM 9510
    db 0x00,0x00,0x00,0x00,0x00,0x00,0x00,0x00,0x00,0x00,0x00,0x00,0x00,0x00,0x00,0x00 ; COM 9520
    db 0x00,0x00,0x00,0x00,0x00,0x00,0x00,0x00,0x00,0x00,0x00,0x00,0x00,0x00,0x00,0x00 ; COM 9530
    db 0x00,0x00,0x00,0x00,0x00,0x00,0x00,0x00,0x00,0x00,0x00,0x00,0x00,0x00,0x00,0x00 ; COM 9540
    db 0x00,0x00,0x00,0x00,0x00,0x00,0x00,0x00,0x00,0x00,0x00,0x00,0x00,0x00,0x00,0x00 ; COM 9550
    db 0x00,0x00,0x00,0x00,0x00,0x00,0x00,0x00,0x00,0x00,0x00,0x00,0x00,0x00,0x00,0x00 ; COM 9560
    db 0x00,0x00,0x00,0x00,0x00,0x00,0x00,0x00,0x00,0x00,0x00,0x00,0x00,0x00,0x00,0x00 ; COM 9570
    db 0x00,0x00,0x00,0x00,0x00,0x00,0x00,0x00,0x00,0x00,0x00,0x00,0x00,0x00,0x00,0x00 ; COM 9580
    db 0x00,0x00,0x00,0x00,0x00,0x00,0x00,0x00,0x00,0x00,0x00,0x00,0x00,0x00,0x00,0x00 ; COM 9590
    db 0x00,0x00,0x00,0x00,0x00,0x00,0x00,0x00,0x00,0x00,0x00,0x00,0x00,0x00,0x00,0x00 ; COM 95A0
    db 0x00,0x00,0x00,0x00,0x00,0x00,0x00,0x00,0x00,0x00,0x00,0x00,0x00,0x00,0x00,0x00 ; COM 95B0
    db 0x00,0x00,0x00,0x00,0x00,0x00,0x00,0x00,0x00,0x00,0x00,0x00,0x00,0x00,0x00,0x00 ; COM 95C0
    db 0x00,0x00,0x00,0x00,0x00,0x00,0x00,0x00,0x00,0x00,0x00,0x00,0x00,0x00,0x00,0x00 ; COM 95D0
    db 0x00,0x00,0x00,0x00,0x00,0x00,0x00,0x00,0x00,0x00,0x00,0x00,0x00,0x00,0x00,0x00 ; COM 95E0
    db 0x00,0x00,0x00,0x00,0x00,0x00,0x00,0x00,0x00,0x00,0x00,0x00,0x00,0x00,0x00,0x00 ; COM 95F0
    db 0x00,0x00,0x00,0x00,0x00,0x00,0x00,0x00,0x00,0x00,0x00,0x00,0x00,0x00,0x00,0x00 ; COM 9600
    db 0x00,0x00,0x00,0x00,0x00,0x00,0x00,0x00,0x00,0x00,0x00,0x00,0x00,0x00,0x00,0x00 ; COM 9610
    db 0x00,0x00,0x00,0x00,0x00,0x00,0x00,0x00,0x00,0x00,0x00,0x00,0x00,0x00,0x00,0x00 ; COM 9620
    db 0x00,0x00,0x00,0x00,0x00,0x00,0x00,0x00,0x00,0x00,0x00,0x00,0x00,0x00,0x00,0x00 ; COM 9630
    db 0x00,0x00,0x00,0x00,0x00,0x00,0x00,0x00,0x00,0x00,0x00,0x00,0x00,0x00,0x00,0x00 ; COM 9640
    db 0x00,0x00,0x00,0x00,0x00,0x00,0x00,0x00,0x00,0x00,0x00,0x00,0x00,0x00,0x00,0x00 ; COM 9650
    db 0x00,0x00,0x00,0x00,0x00,0x00,0x00,0x00,0x00,0x00,0x00,0x00,0x00,0x00,0x00,0x00 ; COM 9660
    db 0x00,0x00,0x00,0x00,0x00,0x00,0x00,0x00,0x00,0x00,0x00,0x00,0x00,0x00,0x00,0x00 ; COM 9670
    db 0x00,0x00,0x00,0x00,0x00,0x00,0x00,0x00,0x00,0x00,0x00,0x00,0x00,0x00,0x00,0x00 ; COM 9680
    db 0x00,0x00,0x00,0x00,0x00,0x00,0x00,0x00,0x00,0x00,0x00,0x00,0x00,0x00,0x00,0x00 ; COM 9690
    db 0x00,0x00,0x00,0x00,0x00,0x00,0x00,0x00,0x00,0x00,0x00,0x00,0x00,0x00,0x00,0x00 ; COM 96A0
    db 0x00,0x00,0x00,0x00,0x00,0x00,0x00,0x00,0x00,0x00,0x00,0x00,0x00,0x00,0x00,0x00 ; COM 96B0
    db 0x00,0x00,0x00,0x00,0x00,0x00,0x00,0x00,0x00,0x00,0x00,0x00,0x00,0x00,0x00,0x00 ; COM 96C0
    db 0x00,0x00,0x00,0x00,0x00,0x00,0x00,0x00,0x00,0x00,0x00,0x00,0x00,0x00,0x00,0x00 ; COM 96D0
    db 0x00,0x00,0x00,0x00,0x00,0x00,0x00,0x00,0x00,0x00,0x00,0x00,0x00,0x00,0x00,0x00 ; COM 96E0
    db 0x00,0x00,0x00,0x00,0x00,0x00,0x00,0x00,0x00,0x00,0x00,0x00,0x00,0x00,0x00,0x00 ; COM 96F0
    db 0x00,0x00,0x00,0x00,0x00,0x00,0x00,0x00,0x00,0x00,0x00,0x00,0x00,0x00,0x00,0x00 ; COM 9700
    db 0x00,0x00,0x00,0x00,0x00,0x00,0x00,0x00,0x00,0x00,0x00,0x00,0x00,0x00,0x00,0x00 ; COM 9710
    db 0x00,0x00,0x00,0x00,0x00,0x00,0x00,0x00,0x00,0x00,0x00,0x00,0x00,0x00,0x00,0x00 ; COM 9720
    db 0x00,0x00,0x00,0x00,0x00,0x00,0x00,0x00,0x00,0x00,0x00,0x00,0x00,0x00,0x00,0x00 ; COM 9730
    db 0x00,0x00,0x00,0x00,0x00,0x00,0x00,0x00,0x00,0x00,0x00,0x00,0x00,0x00,0x00,0x00 ; COM 9740
    db 0x00,0x00,0x00,0x00,0x00,0x00,0x00,0x00,0x00,0x00,0x00,0x00,0x00,0x00,0x00,0x00 ; COM 9750
    db 0x00,0x00,0x00,0x00,0x00,0x00,0x00,0x00,0x00,0x00,0x00,0x00,0x00,0x00,0x00,0x00 ; COM 9760
    db 0x00,0x00,0x00,0x00,0x00,0x00,0x00,0x00,0x00,0x00,0x00,0x00,0x00,0x00,0x00,0x00 ; COM 9770
    db 0x00,0x00,0x00,0x00,0x00,0x00,0x00,0x00,0x00,0x00,0x00,0x00,0x00,0x00,0x00,0x00 ; COM 9780
    db 0x00,0x00,0x00,0x00,0x00,0x00,0x00,0x00,0x00,0x00,0x00,0x00,0x00,0x00,0x00,0x00 ; COM 9790
    db 0x00,0x00,0x00,0x00,0x00,0x00,0x00,0x00,0x00,0x00,0x00,0x00,0x00,0x00,0x00,0x00 ; COM 97A0
    db 0x00,0x00,0x00,0x00,0x00,0x00,0x00,0x00,0x00,0x00,0x00,0x00,0x00,0x00,0x00,0x00 ; COM 97B0
    db 0x00,0x00,0x00,0x00,0x00,0x00,0x00,0x00,0x00,0x00,0x00,0x00,0x00,0x00,0x00,0x00 ; COM 97C0
    db 0x00,0x00,0x00,0x00,0x00,0x00,0x00,0x00,0x00,0x00,0x00,0x00,0x00,0x00,0x00,0x00 ; COM 97D0
    db 0x00,0x00,0x00,0x00,0x00,0x00,0x00,0x00,0x00,0x00,0x00,0x00,0x00,0x00,0x00,0x00 ; COM 97E0
    db 0x00,0x00,0x00,0x00,0x00,0x00,0x00,0x00,0x00,0x00,0x00,0x00,0x00,0x00,0x00,0x00 ; COM 97F0
    db 0x00,0x00,0x00,0x00,0x00,0x00,0x00,0x00,0x00,0x00,0x00,0x00,0x00,0x00,0x00,0x00 ; COM 9800
    db 0x00,0x00,0x00,0x00,0x00,0x00,0x00,0x00,0x00,0x00,0x00,0x00,0x00,0x00,0x00,0x00 ; COM 9810
    db 0x00,0x00,0x00,0x00,0x00,0x00,0x00,0x00,0x00,0x00,0x00,0x00,0x00,0x00,0x00,0x00 ; COM 9820
    db 0x00,0x00,0x00,0x00,0x00,0x00,0x00,0x00,0x00,0x00,0x00,0x00,0x00,0x00,0x00,0x00 ; COM 9830
    db 0x00,0x00,0x00,0x00,0x00,0x00,0x00,0x00,0x00,0x00,0x00,0x00,0x00,0x00,0x00,0x00 ; COM 9840
    db 0x00,0x00,0x00,0x00,0x00,0x00,0x00,0x00,0x00,0x00,0x00,0x00,0x00,0x00,0x00,0x00 ; COM 9850
    db 0x00,0x00,0x00,0x00,0x00,0x00,0x00,0x00,0x00,0x00,0x00,0x00,0x00,0x00,0x00,0x00 ; COM 9860
    db 0x00,0x00,0x00,0x00,0x00,0x00,0x00,0x00,0x00,0x00,0x00,0x00,0x00,0x00,0x00,0x00 ; COM 9870
    db 0x00,0x00,0x00,0x00,0x00,0x00,0x00,0x00,0x00,0x00,0x00,0x00,0x00,0x00,0x00,0x00 ; COM 9880
    db 0x00,0x00,0x00,0x00,0x00,0x00,0x00,0x00,0x00,0x00,0x00,0x00,0x00,0x00,0x00,0x00 ; COM 9890
    db 0x00,0x00,0x00,0x00,0x00,0x00,0x00,0x00,0x00,0x00,0x00,0x00,0x00,0x00,0x00,0x00 ; COM 98A0
    db 0x00,0x00,0x00,0x00,0x00,0x00,0x00,0x00,0x00,0x00,0x00,0x00,0x00,0x00,0x00,0x00 ; COM 98B0
    db 0x00,0x00,0x00,0x00,0x00,0x00,0x00,0x00,0x00,0x00,0x00,0x00,0x00,0x00,0x00,0x00 ; COM 98C0
    db 0x00,0x00,0x00,0x00,0x00,0x00,0x00,0x00,0x00,0x00,0x00,0x00,0x00,0x00,0x00,0x00 ; COM 98D0
    db 0x00,0x00,0x00,0x00,0x00,0x00,0x00,0x00,0x00,0x00,0x00,0x00,0x00,0x00,0x00,0x00 ; COM 98E0
    db 0x00,0x00,0x00,0x00,0x00,0x00,0x00,0x00,0x00,0x00,0x00,0x00,0x00,0x00,0x00,0x00 ; COM 98F0
    db 0x00,0x00,0x00,0x00,0x00,0x00,0x00,0x00,0x00,0x00,0x00,0x00,0x00,0x00,0x00,0x00 ; COM 9900
    db 0x00,0x00,0x00,0x00,0x00,0x00,0x00,0x00,0x00,0x00,0x00,0x00,0x00,0x00,0x00,0x00 ; COM 9910
    db 0x00,0x00,0x00,0x00,0x00,0x00,0x00,0x00,0x00,0x00,0x00,0x00,0x00,0x00,0x00,0x00 ; COM 9920
    db 0x00,0x00,0x00,0x00,0x00,0x00,0x00,0x00,0x00,0x00,0x00,0x00,0x00,0x00,0x00,0x00 ; COM 9930
    db 0x00,0x00,0x00,0x00,0x00,0x00,0x00,0x00,0x00,0x00,0x00,0x00,0x00,0x00,0x00,0x00 ; COM 9940
    db 0x00,0x00,0x00,0x00,0x00,0x00,0x00,0x00,0x00,0x00,0x00,0x00,0x00,0x00,0x00,0x00 ; COM 9950
    db 0x00,0x00,0x00,0x00,0x00,0x00,0x00,0x00,0x00,0x00,0x00,0x00,0x00,0x00,0x00,0x00 ; COM 9960
    db 0x00,0x00,0x00,0x00,0x00,0x00,0x00,0x00,0x00,0x00,0x00,0x00,0x00,0x00,0x00,0x00 ; COM 9970
    db 0x00,0x00,0x00,0x00,0x00,0x00,0x00,0x00,0x00,0x00,0x00,0x00,0x00,0x00,0x00,0x00 ; COM 9980
    db 0x00,0x00,0x00,0x00,0x00,0x00,0x00,0x00,0x00,0x00,0x00,0x00,0x00,0x00,0x00,0x00 ; COM 9990
    db 0x00,0x00,0x00,0x00,0x00,0x00,0x00,0x00,0x00,0x00,0x00,0x00,0x00,0x00,0x00,0x00 ; COM 99A0
    db 0x00,0x00,0x00,0x00,0x00,0x00,0x00,0x00,0x00,0x00,0x00,0x00,0x00,0x00,0x00,0x00 ; COM 99B0
    db 0x00,0x00,0x00,0x00,0x00,0x00,0x00,0x00,0x00,0x00,0x00,0x00,0x00,0x00,0x00,0x00 ; COM 99C0
    db 0x00,0x00,0x00,0x00,0x00,0x00,0x00,0x00,0x00,0x00,0x00,0x00,0x00,0x00,0x00,0x00 ; COM 99D0
    db 0x00,0x00,0x00,0x00,0x00,0x00,0x00,0x00,0x00,0x00,0x00,0x00,0x00,0x00,0x00,0x00 ; COM 99E0
    db 0x00,0x00,0x00,0x00,0x00,0x00,0x00,0x00,0x00,0x00,0x00,0x00,0x00,0x00,0x00,0x00 ; COM 99F0
    db 0x00,0x00,0x00,0x00,0x00,0x00,0x00,0x00,0x00,0x00,0x00,0x00,0x00,0x00,0x00,0x00 ; COM 9A00
    db 0x00,0x00,0x00,0x00,0x00,0x00,0x00,0x00,0x00,0x00,0x00,0x00,0x00,0x00,0x00,0x00 ; COM 9A10
    db 0x00,0x00,0x00,0x00,0x00,0x00,0x00,0x00,0x00,0x00,0x00,0x00,0x00,0x00,0x00,0x00 ; COM 9A20
    db 0x00,0x00,0x00,0x00,0x00,0x00,0x00,0x00,0x00,0x00,0x00,0x00,0x00,0x00,0x00,0x00 ; COM 9A30
    db 0x00,0x00,0x00,0x00,0x00,0x00,0x00,0x00,0x00,0x00,0x00,0x00,0x00,0x00,0x00,0x00 ; COM 9A40
    db 0x00,0x00,0x00,0x00,0x00,0x00,0x00,0x00,0x00,0x00,0x00,0x00,0x00,0x00,0x00,0x00 ; COM 9A50
    db 0x00,0x00,0x00,0x00,0x00,0x00,0x00,0x00,0x00,0x00,0x00,0x00,0x00,0x00,0x00,0x00 ; COM 9A60
    db 0x00,0x00,0x00,0x00,0x00,0x00,0x00,0x00,0x00,0x00,0x00,0x00,0x00,0x00,0x00,0x00 ; COM 9A70
    db 0x00,0x00,0x00,0x00,0x00,0x00,0x00,0x00,0x00,0x00,0x00,0x00,0x00,0x00,0x00,0x00 ; COM 9A80
    db 0x00,0x00,0x00,0x00,0x00,0x00,0x00,0x00,0x00,0x00,0x00,0x00,0x00,0x00,0x00,0x00 ; COM 9A90
    db 0x00,0x00,0x00,0x00,0x00,0x00,0x00,0x00,0x00,0x00,0x00,0x00,0x00,0x00,0x00,0x00 ; COM 9AA0
    db 0x00,0x00,0x00,0x00,0x00,0x00,0x00,0x00,0x00,0x00,0x00,0x00,0x00,0x00,0x00,0x00 ; COM 9AB0
    db 0x00,0x00,0x00,0x00,0x00,0x00,0x00,0x00,0x00,0x00,0x00,0x00,0x00,0x00,0x00,0x00 ; COM 9AC0
    db 0x00,0x00,0x00,0x00,0x00,0x00,0x00,0x00,0x00,0x00,0x00,0x00,0x00,0x00,0x00,0x00 ; COM 9AD0
    db 0x00,0x00,0x00,0x00,0x00,0x00,0x00,0x00,0x00,0x00,0x00,0x00,0x00,0x00,0x00,0x00 ; COM 9AE0
    db 0x00,0x00,0x00,0x00,0x00,0x00,0x00,0x00,0x00,0x00,0x00,0x00,0x00,0x00,0x00,0x00 ; COM 9AF0
    db 0x00,0x00,0x00,0x00,0x00,0x00,0x00,0x00,0x00,0x00,0x00,0x00,0x00,0x00,0x00,0x00 ; COM 9B00
    db 0x00,0x00,0x00,0x00,0x00,0x00,0x00,0x00,0x00,0x00,0x00,0x00,0x00,0x00,0x00,0x00 ; COM 9B10
    db 0x00,0x00,0x00,0x00,0x00,0x00,0x00,0x00,0x00,0x00,0x00,0x00,0x00,0x00,0x00,0x00 ; COM 9B20
    db 0x00,0x00,0x00,0x00,0x00,0x00,0x00,0x00,0x00,0x00,0x00,0x00,0x00,0x00,0x00,0x00 ; COM 9B30
    db 0x00,0x00,0x00,0x00,0x00,0x00,0x00,0x00,0x00,0x00,0x00,0x00,0x00,0x00,0x00,0x00 ; COM 9B40
    db 0x00,0x00,0x00,0x00,0x00,0x00,0x00,0x00,0x00,0x00,0x00,0x00,0x00,0x00,0x00,0x00 ; COM 9B50
    db 0x00,0x00,0x00,0x00,0x00,0x00,0x00,0x00,0x00,0x00,0x00,0x00,0x00,0x00,0x00,0x00 ; COM 9B60
    db 0x00,0x00,0x00,0x00,0x00,0x00,0x00,0x00,0x00,0x00,0x00,0x00,0x00,0x00,0x00,0x00 ; COM 9B70
    db 0x00,0x00,0x00,0x00,0x00,0x00,0x00,0x00,0x00,0x00,0x00,0x00,0x00,0x00,0x00,0x00 ; COM 9B80
    db 0x00,0x00,0x00,0x00,0x00,0x00,0x00,0x00,0x00,0x00,0x00,0x00,0x00,0x00,0x00,0x00 ; COM 9B90
    db 0x00,0x00,0x00,0x00,0x00,0x00,0x00,0x00,0x00,0x00,0x00,0x00,0x00,0x00,0x00,0x00 ; COM 9BA0
    db 0x00,0x00,0x00,0x00,0x00,0x00,0x00,0x00,0x00,0x00,0x00,0x00,0x00,0x00,0x00,0x00 ; COM 9BB0
    db 0x00,0x00,0x00,0x00,0x00,0x00,0x00,0x00,0x00,0x00,0x00,0x00,0x00,0x00,0x00,0x00 ; COM 9BC0
    db 0x00,0x00,0x00,0x00,0x00,0x00,0x00,0x00,0x00,0x00,0x00,0x00,0x00,0x00,0x00,0x00 ; COM 9BD0
    db 0x00,0x00,0x00,0x00,0x00,0x00,0x00,0x00,0x00,0x00,0x00,0x00,0x00,0x00,0x00,0x00 ; COM 9BE0
    db 0x00,0x00,0x00,0x00,0x00,0x00,0x00,0x00,0x00,0x00,0x00,0x00,0x00,0x00,0x00,0x00 ; COM 9BF0
    db 0x00,0x00,0x00,0x00,0x00,0x00,0x00,0x00,0x00,0x00,0x00,0x00,0x00,0x00,0x00,0x00 ; COM 9C00
    db 0x00,0x00,0x00,0x00,0x00,0x00,0x00,0x00,0x00,0x00,0x00,0x00,0x00,0x00,0x00,0x00 ; COM 9C10
    db 0x00,0x00,0x00,0x00,0x00,0x00,0x00,0x00,0x00,0x00,0x00,0x00,0x00,0x00,0x00,0x00 ; COM 9C20
    db 0x00,0x00,0x00,0x00,0x00,0x00,0x00,0x00,0x00,0x00,0x00,0x00,0x00,0x00,0x00,0x00 ; COM 9C30
    db 0x00,0x00,0x00,0x00,0x00,0x00,0x00,0x00,0x00,0x00,0x00,0x00,0x00,0x00,0x00,0x00 ; COM 9C40
    db 0x00,0x00,0x00,0x00,0x00,0x00,0x00,0x00,0x00,0x00,0x00,0x00,0x00,0x00,0x00,0x00 ; COM 9C50
    db 0x00,0x00,0x00,0x00,0x00,0x00,0x00,0x00,0x00,0x00,0x00,0x00,0x00,0x00,0x00,0x00 ; COM 9C60
    db 0x00,0x00,0x00,0x00,0x00,0x00,0x00,0x00,0x00,0x00,0x00,0x00,0x00,0x00,0x00,0x00 ; COM 9C70
    db 0x00,0x00,0x00,0x00,0x00,0x00,0x00,0x00,0x00,0x00,0x00,0x00,0x00,0x00,0x00,0x00 ; COM 9C80
    db 0x00,0x00,0x00,0x00,0x00,0x00,0x00,0x00,0x00,0x00,0x00,0x00,0x00,0x00,0x00,0x00 ; COM 9C90
    db 0x00,0x00,0x00,0x00,0x00,0x00,0x00,0x00,0x00,0x00,0x00,0x00,0x00,0x00,0x00,0x00 ; COM 9CA0
    db 0x00,0x00,0x00,0x00,0x00,0x00,0x00,0x00,0x00,0x00,0x00,0x00,0x00,0x00,0x00,0x00 ; COM 9CB0
    db 0x00,0x00,0x00,0x00,0x00,0x00,0x00,0x00,0x00,0x00,0x00,0x00,0x00,0x00,0x00,0x00 ; COM 9CC0
    db 0x00,0x00,0x00,0x00,0x00,0x00,0x00,0x00,0x00,0x00,0x00,0x00,0x00,0x00,0x00,0x00 ; COM 9CD0
    db 0x00,0x00,0x00,0x00,0x00,0x00,0x00,0x00,0x00,0x00,0x00,0x00,0x00,0x00,0x00,0x00 ; COM 9CE0
    db 0x00,0x00,0x00,0x00,0x00,0x00,0x00,0x00,0x00,0x00,0x00,0x00,0x00,0x00,0x00,0x00 ; COM 9CF0
    db 0x00,0x00,0x00,0x00,0x00,0x00,0x00,0x00,0x00,0x00,0x00,0x00,0x00,0x00,0x00,0x00 ; COM 9D00
    db 0x00,0x00,0x00,0x00,0x00,0x00,0x00,0x00,0x00,0x00,0x00,0x00,0x00,0x00,0x00,0x00 ; COM 9D10
    db 0x00,0x00,0x00,0x00,0x00,0x00,0x00,0x00,0x00,0x00,0x00,0x00,0x00,0x00,0x00,0x00 ; COM 9D20
    db 0x00,0x00,0x00,0x00,0x00,0x00,0x00,0x00,0x00,0x00,0x00,0x00,0x00,0x00,0x00,0x00 ; COM 9D30
    db 0x00,0x00,0x00,0x00,0x00,0x00,0x00,0x00,0x00,0x00,0x00,0x00,0x00,0x00,0x00,0x00 ; COM 9D40
    db 0x00,0x00,0x00,0x00,0x00,0x00,0x00,0x00,0x00,0x00,0x00,0x00,0x00,0x00,0x00,0x00 ; COM 9D50
    db 0x00,0x00,0x00,0x00,0x00,0x00,0x00,0x00,0x00,0x00,0x00,0x00,0x00,0x00,0x00,0x00 ; COM 9D60
    db 0x00,0x00,0x00,0x00,0x00,0x00,0x00,0x00,0x00,0x00,0x00,0x00,0x00,0x00,0x00,0x00 ; COM 9D70
    db 0x00,0x00,0x00,0x00,0x00,0x00,0x00,0x00,0x00,0x00,0x00,0x00,0x00,0x00,0x00,0x00 ; COM 9D80
    db 0x00,0x00,0x00,0x00,0x00,0x00,0x00,0x00,0x00,0x00,0x00,0x00,0x00,0x00,0x00,0x00 ; COM 9D90
    db 0x00,0x00,0x00,0x00,0x00,0x00,0x00,0x00,0x00,0x00,0x00,0x00,0x00,0x00,0x00,0x00 ; COM 9DA0
    db 0x00,0x00,0x00,0x00,0x00,0x00,0x00,0x00,0x00,0x00,0x00,0x00,0x00,0x00,0x00,0x00 ; COM 9DB0
    db 0x00,0x00,0x00,0x00,0x00,0x00,0x00,0x00,0x00,0x00,0x00,0x00,0x00,0x00,0x00,0x00 ; COM 9DC0
    db 0x00,0x00,0x00,0x00,0x00,0x00,0x00,0x00,0x00,0x00,0x00,0x00,0x00,0x00,0x00,0x00 ; COM 9DD0
    db 0x00,0x00,0x00,0x00,0x00,0x00,0x00,0x00,0x00,0x00,0x00,0x00,0x00,0x00,0x00,0x00 ; COM 9DE0
    db 0x00,0x00,0x00,0x00,0x00,0x00,0x00,0x00,0x00,0x00,0x00,0x00,0x00,0x00,0x00,0x00 ; COM 9DF0
    db 0x00,0x00,0x00,0x00,0x00,0x00,0x00,0x00,0x00,0x00,0x00,0x00,0x00,0x00,0x00,0x00 ; COM 9E00
    db 0x00,0x00,0x00,0x00,0x00,0x00,0x00,0x00,0x00,0x00,0x00,0x00,0x00,0x00,0x00,0x00 ; COM 9E10
    db 0x00,0x00,0x00,0x00,0x00,0x00,0x00,0x00,0x00,0x00,0x00,0x00,0x00,0x00,0x00,0x00 ; COM 9E20
    db 0x00,0x00,0x00,0x00,0x00,0x00,0x00,0x00,0x00,0x00,0x00,0x00,0x00,0x00,0x00,0x00 ; COM 9E30
    db 0x00,0x00,0x00,0x00,0x00,0x00,0x00,0x00,0x00,0x00,0x00,0x00,0x00,0x00,0x00,0x00 ; COM 9E40
    db 0x00,0x00,0x00,0x00,0x00,0x00,0x00,0x00,0x00,0x00,0x00,0x00,0x00,0x00,0x00,0x00 ; COM 9E50
    db 0x00,0x00,0x00,0x00,0x00,0x00,0x00,0x00,0x00,0x00,0x00,0x00,0x00,0x00,0x00,0x00 ; COM 9E60
    db 0x00,0x00,0x00,0x00,0x00,0x00,0x00,0x00,0x00,0x00,0x00,0x00,0x00,0x00,0x00,0x00 ; COM 9E70
    db 0x00,0x00,0x00,0x00,0x00,0x00,0x00,0x00,0x00,0x00,0x00,0x00,0x00,0x00,0x00,0x00 ; COM 9E80
    db 0x00,0x00,0x00,0x00,0x00,0x00,0x00,0x00,0x00,0x00,0x00,0x00,0x00,0x00,0x00,0x00 ; COM 9E90
    db 0x00,0x00,0x00,0x00,0x00,0x00,0x00,0x00,0x00,0x00,0x00,0x00,0x00,0x00,0x00,0x00 ; COM 9EA0
    db 0x00,0x00,0x00,0x00,0x00,0x00,0x00,0x00,0x00,0x00,0x00,0x00,0x00,0x00,0x00,0x00 ; COM 9EB0
    db 0x00,0x00,0x00,0x00,0x00,0x00,0x00,0x00,0x00,0x00,0x00,0x00,0x00,0x00,0x00,0x00 ; COM 9EC0
    db 0x00,0x00,0x00,0x00,0x00,0x00,0x00,0x00,0x00,0x00,0x00,0x00,0x00,0x00,0x00,0x00 ; COM 9ED0
    db 0x00,0x00,0x00,0x00,0x00,0x00,0x00,0x00,0x00,0x00,0x00,0x00,0x00,0x00,0x00,0x00 ; COM 9EE0
    db 0x00,0x00,0x00,0x00,0x00,0x00,0x00,0x00,0x00,0x00,0x00,0x00,0x00,0x00,0x00,0x00 ; COM 9EF0
    db 0x00,0x00,0x00,0x00,0x00,0x00,0x00,0x00,0x00,0x00,0x00,0x00,0x00,0x00,0x00,0x00 ; COM 9F00
    db 0x00,0x00,0x00,0x00,0x00,0x00,0x00,0x00,0x00,0x00,0x00,0x00,0x00,0x00,0x00,0x00 ; COM 9F10
    db 0x00,0x00,0x00,0x00,0x00,0x00,0x00,0x00,0x00,0x00,0x00,0x00,0x00,0x00,0x00,0x00 ; COM 9F20
    db 0x00,0x00,0x00,0x00,0x00,0x00,0x00,0x00,0x00,0x00,0x00,0x00,0x00,0x00,0x00,0x00 ; COM 9F30
    db 0x00,0x00,0x00,0x00,0x00,0x00,0x00,0x00,0x00,0x00,0x00,0x00,0x00,0x00,0x00,0x00 ; COM 9F40
    db 0x00,0x00,0x00,0x00,0x00,0x00,0x00,0x00,0x00,0x00,0x00,0x00,0x00,0x00,0x00,0x00 ; COM 9F50
    db 0x00,0x00,0x00,0x00,0x00,0x00,0x00,0x00,0x00,0x00,0x00,0x00,0x00,0x00,0x00,0x00 ; COM 9F60
    db 0x00,0x00,0x00,0x00,0x00,0x00,0x00,0x00,0x00,0x00,0x00,0x00,0x00,0x00,0x00,0x00 ; COM 9F70
    db 0x00,0x00,0x00,0x00,0x00,0x00,0x00,0x00,0x00,0x00,0x00,0x00,0x00,0x00,0x00,0x00 ; COM 9F80
    db 0x00,0x00,0x00,0x00,0x00,0x00,0x00,0x00,0x00,0x00,0x00,0x00,0x00,0x00,0x00,0x00 ; COM 9F90
    db 0x00,0x00,0x00,0x00,0x00,0x00,0x00,0x00,0x00,0x00,0x00,0x00,0x00,0x00,0x00,0x00 ; COM 9FA0
    db 0x00,0x00,0x00,0x00,0x00,0x00,0x00,0x00,0x00,0x00,0x00,0x00,0x00,0x00,0x00,0x00 ; COM 9FB0
    db 0x00,0x00,0x00,0x00,0x00,0x00,0x00,0x00,0x00,0x00,0x00,0x00,0x00,0x00,0x00,0x00 ; COM 9FC0
    db 0x00,0x00,0x00,0x00,0x00,0x00,0x00,0x00,0x00,0x00,0x00,0x00,0x00,0x00,0x00,0x00 ; COM 9FD0
    db 0x00,0x00,0x00,0x00,0x00,0x00,0x00,0x00,0x00,0x00,0x00,0x00,0x00,0x00,0x00,0x00 ; COM 9FE0
    db 0x00,0x00,0x00,0x00,0x00,0x00,0x00,0x00,0x00,0x00,0x00,0x00,0x00,0x00,0x00,0x00 ; COM 9FF0

; bitmap: 16 KiB CGA VRAM; even/odd line banks
    db 0xCC,0xCC,0xCC,0xCC,0xCC,0x30,0x00,0x00,0x00,0x00,0x00,0x00,0x00,0x00,0x00,0x00 ; COM A000
    db 0x00,0x00,0x00,0x00,0x00,0x00,0x00,0x00,0x00,0x00,0x00,0x00,0x20,0x20,0x20,0x20 ; COM A010
    db 0x20,0xC8,0x00,0x00,0x00,0x00,0x00,0x00,0x80,0x00,0x00,0x00,0x00,0x00,0x00,0x00 ; COM A020
    db 0x00,0x00,0x00,0x00,0x20,0x08,0x00,0x20,0x00,0x80,0x00,0x00,0x00,0x00,0x80,0x00 ; COM A030
    db 0x00,0x00,0x00,0x00,0x00,0x00,0x00,0x00,0x00,0x00,0x00,0x00,0x00,0x00,0x00,0x00 ; COM A040
    db 0xCC,0xD8,0xCC,0xCC,0xCC,0xC4,0x00,0x00,0x00,0x00,0x00,0x00,0x00,0x00,0x00,0x00 ; COM A050
    db 0x00,0x00,0x00,0x00,0x00,0x00,0x00,0x00,0x00,0x00,0x00,0x00,0x00,0x22,0x02,0x08 ; COM A060
    db 0x80,0x00,0x00,0x8F,0xFF,0xFF,0xFE,0xC0,0x00,0x00,0x00,0x00,0x00,0x00,0x00,0x00 ; COM A070
    db 0x00,0x00,0x00,0x00,0x22,0x0C,0x03,0x0C,0x20,0xC0,0xC3,0x03,0x00,0x30,0x80,0x00 ; COM A080
    db 0x00,0x00,0x00,0x00,0x00,0x00,0x00,0x00,0x00,0x00,0x00,0x00,0x00,0x00,0x00,0x00 ; COM A090
    db 0x33,0x33,0x33,0xCC,0xCC,0xC1,0x30,0x00,0xC0,0x00,0x0C,0x30,0x0C,0x30,0x30,0x00 ; COM A0A0
    db 0x00,0x80,0x00,0x80,0x00,0x00,0x80,0x00,0x00,0x00,0x00,0x80,0x00,0x00,0x00,0x00 ; COM A0B0
    db 0x00,0x23,0xFF,0xFF,0xFF,0xFF,0xFF,0xFF,0xBC,0x00,0x8C,0x0C,0x00,0xC0,0x30,0x83 ; COM A0C0
    db 0x0C,0x22,0x20,0x03,0x00,0x00,0x00,0x00,0x00,0x00,0x00,0x00,0x00,0x00,0x00,0x00 ; COM A0D0
    db 0x00,0x00,0x00,0x00,0x00,0x00,0x00,0x00,0x08,0xC8,0xC3,0x0C,0x83,0x8C,0x8C,0x8C ; COM A0E0
    db 0xCC,0x73,0x63,0x37,0x63,0x04,0x80,0x00,0x00,0x00,0x00,0x00,0x00,0x00,0x00,0x00 ; COM A0F0
    db 0x00,0x00,0x00,0x00,0x00,0x00,0x00,0x00,0x00,0x00,0x00,0x00,0x00,0x00,0x00,0x00 ; COM A100
    db 0xBF,0xFF,0xFF,0xFB,0xEE,0xFB,0xFF,0xFF,0xFF,0x80,0x00,0x00,0x00,0x00,0x00,0x00 ; COM A110
    db 0x00,0x00,0x00,0x00,0x22,0x20,0x82,0x02,0x08,0x20,0x82,0x08,0x02,0x22,0x20,0x20 ; COM A120
    db 0x20,0x02,0x00,0x00,0x00,0x00,0x00,0x00,0x32,0x08,0x88,0x88,0xC8,0x88,0x88,0x88 ; COM A130
    db 0xFF,0x37,0x73,0xCC,0xCC,0xC4,0x00,0x00,0x00,0x00,0x00,0x00,0x00,0x00,0x00,0x00 ; COM A140
    db 0x00,0x00,0x02,0x00,0x00,0x00,0x00,0x00,0x08,0x00,0x08,0x00,0x00,0x40,0x03,0xFF ; COM A150
    db 0xFF,0xFF,0xFB,0xFF,0xFF,0xFF,0xFF,0xFF,0xC0,0x0C,0x39,0xAB,0xBB,0xAE,0xBA,0xBA ; COM A160
    db 0xEB,0xA6,0x9A,0xBA,0x80,0x00,0x00,0x00,0x00,0x00,0x00,0x00,0x00,0x00,0x00,0x20 ; COM A170
    db 0x00,0x08,0x00,0x00,0x00,0x00,0x00,0x00,0x0C,0x8C,0x8C,0x32,0x08,0xC2,0x32,0x32 ; COM A180
    db 0xCC,0xF1,0xCC,0xCC,0xCC,0x86,0x30,0x00,0x00,0x00,0x00,0x00,0x00,0x0C,0x30,0x30 ; COM A190
    db 0x00,0x00,0x00,0x00,0x00,0x00,0x00,0x00,0x00,0x00,0x00,0x00,0x00,0x00,0xFF,0xFF ; COM A1A0
    db 0xFF,0xFF,0xFF,0xFF,0xFF,0xFF,0xFF,0xFF,0xFF,0xFF,0xFF,0x00,0x00,0x00,0x00,0x00 ; COM A1B0
    db 0x00,0x00,0x00,0x00,0x08,0x88,0x20,0x82,0x08,0x22,0x08,0x80,0x20,0x88,0x00,0x00 ; COM A1C0
    db 0x00,0x00,0x00,0x00,0x00,0x00,0x00,0x00,0x00,0x82,0x00,0x08,0x02,0x08,0x20,0x82 ; COM A1D0
    db 0xCC,0xFC,0x36,0x33,0x33,0x13,0x00,0x00,0x00,0x00,0x00,0x00,0x00,0x00,0x00,0x00 ; COM A1E0
    db 0x20,0x30,0x30,0x00,0x30,0x30,0xC0,0x30,0x20,0x33,0x00,0xCC,0x00,0x3F,0xFF,0xFF ; COM A1F0
    db 0xFF,0xFF,0xFF,0xFF,0xFF,0xFF,0xFF,0xFF,0xFF,0xFF,0xFF,0xFF,0x80,0x88,0x00,0x00 ; COM A200
    db 0x80,0x00,0x00,0x00,0x88,0x22,0x22,0x20,0x22,0x08,0x20,0x82,0x22,0x22,0x00,0x82 ; COM A210
    db 0x08,0x22,0x02,0x22,0x22,0x22,0x20,0x20,0x23,0x23,0x23,0x33,0x32,0x32,0x22,0x32 ; COM A220
    db 0xF3,0x36,0x67,0x33,0x3C,0x44,0x00,0x00,0x00,0x00,0x00,0x00,0x00,0x00,0x00,0x00 ; COM A230
    db 0x00,0x00,0x00,0x00,0x00,0x00,0x00,0x00,0x00,0x00,0x00,0x00,0x27,0x03,0xFF,0xFF ; COM A240
    db 0xCF,0xF3,0xF3,0x30,0xCF,0x3F,0x33,0x33,0x3F,0xEF,0xFF,0xFF,0xF0,0x00,0x00,0x00 ; COM A250
    db 0x00,0x00,0x00,0x00,0x20,0x82,0x22,0x08,0x08,0x82,0x20,0x08,0x00,0x20,0x80,0x20 ; COM A260
    db 0x82,0x08,0x88,0x88,0x88,0x88,0x22,0x22,0x08,0x88,0x88,0x88,0x88,0x88,0xC8,0x23 ; COM A270
    db 0xCF,0x33,0x63,0x33,0x30,0xD1,0x33,0x0C,0x00,0x00,0x00,0x00,0x00,0x03,0x33,0x22 ; COM A280
    db 0x08,0x00,0x00,0x00,0x00,0x00,0x00,0x00,0x00,0x00,0x20,0x03,0xFF,0x00,0x00,0x03 ; COM A290
    db 0x0C,0x03,0x0C,0x33,0x33,0x33,0x33,0x33,0x3F,0xFF,0xFF,0xFF,0xFF,0xC0,0x00,0x00 ; COM A2A0
    db 0x00,0x00,0x00,0x00,0x00,0x00,0x00,0x00,0x00,0x00,0x00,0x00,0x00,0x00,0x00,0x00 ; COM A2B0
    db 0x00,0x00,0x00,0x00,0x00,0x00,0x00,0x00,0x23,0x33,0x20,0x88,0x8C,0x8C,0x88,0x88 ; COM A2C0
    db 0xCC,0xCF,0x3C,0xCC,0xCC,0x8C,0x08,0x00,0x00,0x00,0x00,0x10,0x00,0x00,0x10,0x00 ; COM A2D0
    db 0x80,0x00,0x00,0x00,0x00,0x00,0x00,0x00,0x00,0x00,0x00,0x2F,0xC0,0x08,0xC0,0x02 ; COM A2E0
    db 0x00,0x00,0x83,0x30,0xCC,0x33,0x33,0xCF,0xFF,0xFF,0xFF,0xFF,0xFF,0xFC,0x00,0x00 ; COM A2F0
    db 0x00,0x00,0x00,0x00,0x08,0x22,0x22,0x08,0x22,0x20,0x82,0x08,0x20,0x22,0x20,0x30 ; COM A300
    db 0x08,0x00,0x20,0x00,0x00,0x00,0x00,0x00,0x22,0x22,0x33,0x08,0x02,0x20,0x8C,0x23 ; COM A310
    db 0xCC,0xCC,0xCC,0xCC,0xCC,0xC0,0x33,0x30,0x00,0x00,0x00,0x00,0x00,0x00,0xC3,0x02 ; COM A320
    db 0x00,0x00,0x00,0x00,0x00,0x00,0x00,0x00,0x00,0x00,0x02,0xFE,0xF3,0x02,0x33,0x20 ; COM A330
    db 0x33,0x23,0x33,0x32,0xCE,0x32,0xCF,0xCB,0x3F,0xFF,0xFF,0xFF,0xFF,0xFF,0xF0,0x08 ; COM A340
    db 0x80,0x00,0x02,0x08,0xA2,0x08,0x22,0x08,0x82,0x22,0x20,0x08,0x88,0x88,0x00,0x00 ; COM A350
    db 0x00,0x00,0x00,0x00,0x00,0x00,0x00,0x00,0x22,0x08,0x22,0x30,0x32,0x00,0x20,0x23 ; COM A360
    db 0xCC,0xF3,0x31,0x8C,0xCC,0xC4,0x00,0x00,0x00,0x00,0x00,0x00,0x00,0x00,0x00,0x00 ; COM A370
    db 0x00,0x00,0x00,0x00,0x00,0x00,0x00,0x00,0x00,0x00,0x3F,0xFF,0xC0,0xC0,0x30,0x03 ; COM A380
    db 0x00,0xC3,0x33,0xCC,0x33,0x30,0xCC,0x33,0x3F,0xFF,0xFF,0xFF,0xFF,0xFF,0xFE,0x00 ; COM A390
    db 0x00,0x00,0x00,0x00,0x00,0x00,0x80,0x08,0x00,0x00,0x00,0x00,0x00,0x00,0x28,0xA2 ; COM A3A0
    db 0x22,0x8A,0x28,0xA2,0xA2,0x8A,0x22,0x88,0x80,0x0C,0x08,0x88,0x80,0x03,0x23,0x0C ; COM A3B0
    db 0xCC,0xCC,0xCC,0xCF,0x33,0x31,0x00,0x00,0x00,0x00,0x00,0x00,0x00,0x00,0x00,0x00 ; COM A3C0
    db 0x2A,0xBA,0xEB,0xAE,0xEB,0xAE,0xBA,0xEB,0x9A,0x6C,0x00,0x0C,0x00,0x00,0x00,0x02 ; COM A3D0
    db 0x03,0x00,0x33,0x33,0x00,0xCC,0x30,0x0C,0xFF,0xFF,0xFF,0xFF,0xFF,0xFF,0xFF,0xC0 ; COM A3E0
    db 0x00,0x00,0x00,0x00,0x20,0x0C,0x08,0x00,0x0C,0x00,0x0C,0x00,0x30,0x08,0x00,0x00 ; COM A3F0
    db 0x00,0x00,0x00,0x00,0x00,0x00,0x00,0x00,0x20,0xC8,0x80,0x0C,0xC3,0x32,0x08,0x88 ; COM A400
    db 0xCC,0xD9,0x8C,0xCF,0x30,0xC0,0xC8,0x20,0x00,0x00,0x00,0x00,0x00,0x00,0x20,0x00 ; COM A410
    db 0x00,0x00,0x00,0x00,0x00,0x00,0x00,0x00,0x00,0x0F,0xFF,0xBF,0xCC,0x03,0x00,0x00 ; COM A420
    db 0x0C,0x30,0x30,0x8C,0xC0,0xCC,0xCC,0x0C,0xC0,0x00,0x00,0x00,0x00,0x00,0x00,0x0E ; COM A430
    db 0x6A,0xA6,0x9A,0xAA,0x40,0x00,0x00,0x00,0x00,0x00,0x00,0x00,0x00,0x00,0x22,0x22 ; COM A440
    db 0x22,0x22,0x22,0x08,0x22,0x08,0x88,0x88,0x23,0x23,0x20,0xC8,0x88,0x88,0x8C,0x23 ; COM A450
    db 0x4F,0x33,0x33,0x3C,0xCC,0x40,0x00,0x00,0x00,0x00,0x00,0x00,0x00,0x00,0x00,0x00 ; COM A460
    db 0x00,0x00,0x00,0x00,0x00,0x00,0x00,0x00,0x00,0xFF,0xFF,0xFF,0x83,0x20,0xCC,0x33 ; COM A470
    db 0x0C,0xCC,0xCC,0xCC,0xF3,0x2C,0xC8,0xC8,0xFF,0xFF,0xFF,0xFF,0xFF,0xFF,0xFF,0xFF ; COM A480
    db 0x02,0x00,0x00,0x20,0xA2,0x8A,0xCA,0xEA,0x8B,0x2A,0xCA,0x28,0x88,0xA2,0x22,0x22 ; COM A490
    db 0x00,0x88,0x88,0x80,0x20,0x08,0x82,0x08,0x02,0x08,0x20,0x20,0x80,0x80,0x80,0x08 ; COM A4A0
    db 0x73,0x78,0xCF,0x33,0x30,0xC0,0x00,0x00,0x00,0x00,0x00,0x00,0x00,0x00,0x00,0x00 ; COM A4B0
    db 0x00,0x00,0x00,0x00,0x00,0x00,0x00,0x00,0x07,0xFF,0xFF,0xFF,0xCC,0x03,0x00,0x00 ; COM A4C0
    db 0x33,0x33,0x33,0x33,0x33,0x03,0x33,0x0C,0x3F,0xFF,0xFF,0xFF,0xFF,0xFF,0xFF,0xFF ; COM A4D0
    db 0xC0,0x00,0x00,0x00,0x20,0x80,0x00,0x00,0x02,0x00,0x20,0x82,0x20,0x80,0x80,0x82 ; COM A4E0
    db 0x20,0x80,0x82,0x20,0x22,0x22,0x22,0x20,0x00,0x00,0x00,0x00,0x00,0x00,0x00,0x00 ; COM A4F0
    db 0xDC,0xF3,0x33,0x6C,0xD8,0xC0,0xCC,0xCC,0x00,0x00,0x00,0x00,0x00,0x0C,0xCC,0xC0 ; COM A500
    db 0x00,0x00,0x00,0x00,0x00,0x00,0x00,0x00,0x2F,0xFF,0xEF,0xFF,0xF3,0xCC,0xC3,0x0C ; COM A510
    db 0xCF,0xF3,0xFF,0xFC,0xCF,0xFC,0xF3,0x33,0x3F,0x3C,0xCC,0x00,0x00,0x00,0x00,0xC0 ; COM A520
    db 0x36,0x6A,0xEA,0xEB,0x88,0x22,0x22,0x20,0x82,0x22,0x08,0x82,0x08,0x20,0x80,0x00 ; COM A530
    db 0x00,0x00,0x00,0x00,0x00,0x00,0x00,0x00,0x20,0x00,0x00,0x00,0x00,0x00,0x00,0x00 ; COM A540
    db 0xCC,0xCC,0xF6,0x3C,0xF6,0x33,0x00,0x00,0x00,0x00,0x00,0x00,0x00,0x00,0x00,0x00 ; COM A550
    db 0x00,0x00,0x00,0x00,0x00,0x00,0x00,0x00,0xFF,0xFF,0xFF,0xFF,0xF3,0x23,0x33,0x33 ; COM A560
    db 0x33,0x23,0x32,0x30,0xCC,0xCC,0xCC,0xF3,0x3F,0xFF,0xFF,0xFF,0xFF,0xFF,0xFF,0xFF ; COM A570
    db 0xFC,0x00,0x00,0x00,0x00,0x00,0x00,0x00,0x00,0x00,0x00,0x00,0x00,0x00,0x00,0x00 ; COM A580
    db 0x00,0x00,0x00,0x00,0x00,0x00,0x00,0x00,0x08,0x83,0x0C,0x30,0xC8,0x08,0xC0,0x80 ; COM A590
    db 0x33,0xCC,0xF7,0xCC,0xCC,0x30,0xC2,0x00,0x00,0x00,0x00,0x00,0x00,0x00,0x08,0x00 ; COM A5A0
    db 0x2A,0xAA,0xAA,0xAA,0xAA,0xAA,0xAA,0x6C,0x00,0x00,0x00,0x03,0x03,0x30,0x00,0x33 ; COM A5B0
    db 0x03,0x3C,0x03,0x30,0xC3,0x33,0x33,0x33,0x3F,0xFF,0xFF,0xFF,0xFF,0xFF,0xFF,0xFF ; COM A5C0
    db 0xFF,0x00,0x00,0x00,0x28,0xA2,0x88,0x88,0x8A,0x22,0x88,0x88,0x88,0x88,0x80,0x00 ; COM A5D0
    db 0x00,0x00,0x00,0x00,0x00,0x00,0x00,0x00,0x08,0xC8,0x88,0x88,0x88,0x88,0x8C,0x33 ; COM A5E0
    db 0xCC,0xCC,0xCC,0xF3,0x6C,0xC4,0x00,0x00,0x00,0x00,0x00,0x00,0x00,0x00,0x00,0x00 ; COM A5F0
    db 0x00,0x00,0x00,0x00,0x00,0x00,0x00,0x0F,0xFF,0xFF,0xFF,0xFF,0xCC,0xCC,0xCC,0xC3 ; COM A600
    db 0x33,0x03,0x0C,0xCC,0xCC,0xCC,0xCC,0xCC,0xFF,0xFF,0xFF,0xFF,0xFF,0xFF,0xFF,0xFF ; COM A610
    db 0xFF,0xE0,0x00,0x00,0x00,0x00,0x00,0x00,0x00,0x00,0x00,0x00,0x00,0x00,0x08,0x80 ; COM A620
    db 0x20,0x80,0x88,0x08,0x80,0x88,0x08,0x80,0x08,0x08,0x00,0x02,0x02,0x08,0x08,0x08 ; COM A630
    db 0xD8,0xCC,0xCC,0xCC,0xCC,0x84,0x48,0x20,0x20,0x00,0x00,0x80,0x00,0x08,0x02,0x00 ; COM A640
    db 0x00,0x00,0x00,0x00,0x00,0x00,0x80,0x0F,0xFF,0xFF,0xFF,0xFF,0xCF,0x30,0xCC,0x00 ; COM A650
    db 0x00,0xC0,0xC0,0x0C,0xCC,0xCC,0xCC,0xC0,0x3F,0xFF,0xFF,0xFF,0xFF,0xFF,0xFF,0xFF ; COM A660
    db 0xFF,0xF8,0x00,0x00,0x22,0x22,0x28,0xA2,0x22,0x22,0x88,0x88,0x88,0x88,0x80,0x00 ; COM A670
    db 0x20,0x00,0x00,0x00,0x00,0x00,0x00,0x80,0x00,0x00,0x00,0x00,0x00,0x00,0x00,0x00 ; COM A680
    db 0x33,0x33,0x6C,0xCF,0x0C,0x40,0x00,0x00,0x00,0x00,0x00,0x00,0x00,0x00,0x00,0x00 ; COM A690
    db 0x00,0x00,0x00,0x00,0x00,0x00,0x00,0x3F,0xFF,0xFF,0xFF,0xFF,0xC3,0x33,0x0C,0x00 ; COM A6A0
    db 0x0C,0x30,0x33,0x33,0x30,0x00,0x0C,0x30,0x0C,0xFC,0xF3,0x00,0x00,0x00,0x00,0x00 ; COM A6B0
    db 0x00,0x03,0x6B,0xAE,0x88,0x88,0x82,0x08,0x88,0x88,0x88,0x88,0x88,0x20,0x00,0x00 ; COM A6C0
    db 0x00,0x00,0x00,0x00,0x00,0x00,0x00,0x00,0x00,0x00,0x00,0x00,0x00,0x00,0x00,0x00 ; COM A6D0
    db 0xCC,0xCC,0xCC,0xCD,0x8C,0x33,0x00,0x00,0x00,0x00,0x00,0x00,0x00,0x00,0x00,0x00 ; COM A6E0
    db 0x00,0x00,0x00,0x00,0x00,0x00,0x00,0xFF,0xFF,0xFF,0xFF,0xFF,0xCC,0x0C,0x30,0xC0 ; COM A6F0
    db 0x0C,0xCC,0xCC,0xC3,0x0C,0xCC,0x0C,0x33,0x3B,0xBB,0xBA,0xEE,0xEE,0xFF,0xFF,0xFE ; COM A700
    db 0xFE,0xFC,0x00,0x00,0x00,0x00,0x00,0x00,0x00,0x00,0x00,0x00,0x00,0x00,0x22,0x22 ; COM A710
    db 0x28,0x88,0x88,0x88,0x88,0x88,0x88,0x88,0x80,0x00,0x00,0x02,0x00,0x00,0x00,0x00 ; COM A720
    db 0xCC,0xCC,0xCC,0xCD,0x8C,0x63,0x33,0x30,0x00,0x00,0x00,0x00,0x00,0x03,0x30,0xC8 ; COM A730
    db 0x00,0x00,0x00,0x00,0x00,0x00,0x02,0xFF,0xFF,0xFF,0xFF,0xFF,0xCC,0xC0,0x33,0x0C ; COM A740
    db 0x00,0x0C,0x00,0xC0,0x30,0xCC,0xC0,0x00,0x3F,0xBF,0xFF,0xFF,0xFF,0xFF,0xFF,0xFF ; COM A750
    db 0xFF,0xBF,0x40,0x00,0x00,0x00,0x20,0x20,0x20,0x00,0x00,0x00,0x00,0x00,0x00,0x00 ; COM A760
    db 0x00,0x00,0x00,0x00,0x00,0x00,0x00,0x00,0x00,0x00,0x20,0x80,0x00,0x80,0x00,0x00 ; COM A770
    db 0xCD,0x33,0x30,0xCC,0xCC,0xC4,0x00,0x00,0x00,0x00,0x00,0x00,0x00,0x00,0x00,0x00 ; COM A780
    db 0x00,0x00,0x00,0x00,0x00,0x00,0x03,0xFF,0xFF,0xFF,0xFF,0xFF,0xC0,0xCC,0x00,0x00 ; COM A790
    db 0x00,0x00,0xCC,0x33,0x00,0x00,0x0C,0xC3,0x3F,0xFF,0xFF,0xFF,0xFF,0xFF,0xFF,0xFF ; COM A7A0
    db 0xFF,0xFF,0xC0,0x00,0x00,0x00,0x00,0x00,0x00,0x00,0x00,0x00,0x00,0x00,0x08,0x88 ; COM A7B0
    db 0x88,0x88,0x88,0x88,0x82,0x08,0x20,0x82,0x20,0x00,0x20,0x00,0x00,0x80,0x02,0x00 ; COM A7C0
    db 0xCC,0xCC,0xDD,0xB3,0xCC,0xC8,0x00,0x00,0x00,0x00,0x00,0x00,0x00,0x00,0x00,0x00 ; COM A7D0
    db 0x2A,0xAA,0xAA,0xAA,0xAA,0xA9,0x90,0x00,0x00,0x0C,0xCC,0xFF,0x20,0x02,0x32,0x03 ; COM A7E0
    db 0x20,0x00,0x0C,0x30,0x00,0x00,0xC0,0x00,0x3F,0xFF,0xFF,0xFF,0xFF,0xFF,0xFF,0xFF ; COM A7F0
    db 0xFF,0xFF,0xF0,0x00,0x02,0x00,0xC2,0x0C,0x82,0x00,0x03,0x00,0x08,0x20,0x23,0x22 ; COM A800
    db 0x20,0x88,0x88,0x22,0x22,0x22,0x22,0x22,0x08,0x00,0x30,0xC8,0x20,0x03,0x00,0x80 ; COM A810
    db 0x33,0x33,0x37,0x33,0x33,0x21,0x22,0x08,0x00,0x00,0x00,0x00,0x00,0x00,0x02,0x00 ; COM A820
    db 0x00,0x00,0x00,0x00,0x00,0x00,0x0F,0xFF,0xFF,0xFF,0xFF,0xFF,0xCC,0xC0,0x00,0x00 ; COM A830
    db 0x00,0x00,0x0C,0x30,0x30,0xC0,0x00,0x00,0x3F,0xFF,0xFF,0xFF,0xFF,0xFF,0xFF,0xFF ; COM A840
    db 0xFF,0xFF,0xFC,0x00,0x20,0x00,0x20,0x88,0x08,0x20,0x82,0x20,0x20,0x80,0x00,0x00 ; COM A850
    db 0x00,0x00,0x00,0x00,0x00,0x00,0x00,0x00,0x08,0xE2,0x22,0x22,0x32,0x32,0x23,0x23 ; COM A860
    db 0xCC,0xCC,0xCC,0xCC,0xCC,0x84,0xC0,0x00,0x00,0x00,0x00,0x00,0x00,0x00,0x00,0x00 ; COM A870
    db 0x00,0x00,0x00,0x00,0x00,0x00,0x3F,0xFF,0xFF,0xFF,0xFF,0xFF,0xF0,0x08,0x00,0x20 ; COM A880
    db 0x08,0x83,0x08,0x00,0x20,0x08,0x82,0xC0,0x3F,0xFF,0xFF,0xFF,0xFF,0xFF,0xFF,0xFF ; COM A890
    db 0xFF,0xFF,0xFF,0x00,0x00,0x00,0x00,0x80,0x00,0x00,0x00,0x00,0x00,0x00,0x22,0x22 ; COM A8A0
    db 0x22,0x22,0x22,0x08,0x20,0x82,0x00,0x20,0x80,0x82,0x02,0x00,0x02,0x00,0x08,0x00 ; COM A8B0
    db 0xCD,0x8C,0xCC,0xC3,0x34,0xC4,0x00,0x00,0x00,0x00,0x00,0x00,0x00,0x00,0x00,0x00 ; COM A8C0
    db 0x00,0x00,0x00,0x00,0x00,0x00,0x3F,0xFF,0xFF,0xFF,0xFF,0xFF,0xF3,0x08,0x8C,0x80 ; COM A8D0
    db 0x88,0x80,0x22,0x00,0x03,0x00,0x00,0xCC,0xBB,0xBB,0xEF,0x23,0x33,0x33,0x30,0x0C ; COM A8E0
    db 0x00,0x0C,0x00,0x99,0x80,0x00,0x00,0x00,0x80,0x00,0x00,0x00,0x00,0x00,0x0C,0x22 ; COM A8F0
    db 0x08,0x20,0x88,0x88,0x88,0x88,0x8A,0x22,0x00,0x00,0x00,0x00,0x00,0x00,0x00,0x00 ; COM A900
    db 0xCC,0xDB,0x33,0x3C,0xD8,0xC4,0x33,0x30,0x00,0x00,0x00,0x00,0x00,0x03,0x33,0x32 ; COM A910
    db 0x00,0x00,0x00,0x00,0x00,0x00,0x3F,0xFF,0xFF,0xFF,0xFF,0xFF,0xF8,0x20,0x23,0x02 ; COM A920
    db 0x20,0x88,0x0C,0xCC,0x30,0x00,0x30,0x30,0x3F,0xFF,0xFF,0xFF,0xFF,0xFF,0xFF,0xFF ; COM A930
    db 0xFF,0xFF,0xFF,0xC0,0x00,0x00,0x00,0x00,0x00,0x00,0x00,0x00,0x00,0x00,0x22,0x08 ; COM A940
    db 0x88,0x82,0x08,0x22,0x08,0x22,0x20,0x80,0x00,0x00,0x00,0x00,0x00,0x00,0x00,0x00 ; COM A950
    db 0xC3,0x33,0x63,0x33,0x33,0x0C,0x00,0x00,0x00,0x00,0x00,0x00,0x00,0x00,0x00,0x00 ; COM A960
    db 0x2B,0xBA,0xEB,0xAE,0xEE,0xE6,0x00,0x00,0x00,0x03,0xCF,0x33,0x30,0x08,0x80,0xC2 ; COM A970
    db 0x20,0x88,0xC3,0x0C,0xC0,0x0C,0x00,0x00,0xFF,0xFF,0xFF,0xFF,0xFF,0xFF,0xFF,0xFF ; COM A980
    db 0xFF,0xFF,0xFF,0xC0,0x00,0x00,0x00,0x00,0x00,0x00,0x00,0x00,0x00,0x00,0x20,0x20 ; COM A990
    db 0x00,0x20,0x00,0x00,0x00,0x00,0x00,0x02,0x22,0x30,0x88,0x83,0x08,0x83,0x08,0x80 ; COM A9A0
    db 0xCD,0x2C,0xF3,0x33,0x33,0x33,0x00,0x00,0x00,0x00,0x00,0x00,0x00,0x00,0x00,0x00 ; COM A9B0
    db 0x00,0x00,0x00,0x00,0x00,0x00,0xFF,0xFF,0xFF,0xF3,0xF3,0xFC,0xEE,0xCE,0xEE,0xEE ; COM A9C0
    db 0xEE,0xFB,0x8C,0x30,0x33,0x03,0x0C,0x32,0x3F,0xFF,0xFF,0xFF,0xFF,0xFF,0xFF,0xFF ; COM A9D0
    db 0xFF,0xFF,0xFF,0xF0,0x00,0x00,0x00,0x00,0x00,0x00,0x00,0x00,0x00,0x00,0x00,0x00 ; COM A9E0
    db 0x00,0x02,0x00,0x00,0x00,0x00,0x00,0x00,0x23,0x20,0x8C,0x88,0x20,0x82,0x20,0x8C ; COM A9F0
    db 0xCD,0x8C,0xCC,0xFC,0xDC,0x30,0xC0,0x80,0x00,0x00,0x00,0x00,0x00,0x00,0x08,0x00 ; COM AA00
    db 0x00,0x00,0x00,0x00,0x00,0x02,0xFF,0xFF,0xFF,0xBF,0xEE,0xFB,0xB8,0x38,0xC3,0x8E ; COM AA10
    db 0x33,0x82,0x0C,0x38,0xC0,0x00,0x30,0x00,0x0F,0xFF,0xFF,0xFF,0xFF,0xFF,0xFF,0xF3 ; COM AA20
    db 0x00,0x33,0xC0,0xF9,0x80,0x00,0x00,0x00,0x00,0x00,0x00,0x00,0x00,0x00,0x00,0x20 ; COM AA30
    db 0x00,0x00,0x00,0x00,0x00,0x00,0x00,0x00,0x08,0x20,0x08,0x00,0x20,0x00,0x20,0x02 ; COM AA40
    db 0xCC,0xCC,0xC3,0x33,0x33,0x31,0x00,0x00,0x00,0x00,0x00,0x00,0x00,0x00,0x00,0x00 ; COM AA50
    db 0x00,0x00,0x00,0x00,0x00,0x03,0xFF,0xFF,0xFF,0xFF,0xFF,0xFF,0xF8,0xCB,0xBB,0xBB ; COM AA60
    db 0xBB,0xB3,0x03,0x03,0x0C,0xC3,0x0C,0xEC,0xFF,0xFF,0xFF,0xFF,0xFF,0xFF,0xFF,0xFF ; COM AA70
    db 0xFF,0xFF,0xFF,0xF0,0x00,0x00,0x00,0x00,0x00,0x00,0x00,0x00,0x00,0x00,0x00,0x00 ; COM AA80
    db 0x20,0x00,0x00,0x00,0x00,0x00,0x00,0x00,0x00,0x00,0x00,0x00,0x00,0x00,0x00,0x00 ; COM AA90
    db 0x3C,0xCC,0xF3,0x63,0x3C,0xCC,0x00,0x00,0x00,0x00,0x00,0x00,0x00,0x00,0x00,0x00 ; COM AAA0
    db 0x00,0x00,0x00,0x00,0x00,0x03,0xFF,0xFF,0xFF,0xEE,0x9B,0xBB,0x88,0x2E,0x2E,0xEC ; COM AAB0
    db 0x32,0xC3,0x0C,0x30,0x30,0x00,0xC3,0x03,0xBF,0xFF,0xFF,0xFF,0xFF,0xFF,0xFF,0xFF ; COM AAC0
    db 0xFF,0xFF,0xFF,0xC0,0x38,0xA3,0x8E,0x28,0x8A,0x22,0x22,0x22,0x22,0x22,0x00,0x00 ; COM AAD0
    db 0x02,0x00,0x02,0x00,0x02,0x00,0x00,0x00,0x00,0x00,0x00,0x00,0x00,0x00,0x00,0x00 ; COM AAE0
    db 0xFF,0xFF,0x7F,0xF6,0x0C,0xC3,0x21,0x20,0x00,0x00,0x00,0x00,0x00,0x00,0x00,0x00 ; COM AAF0
    db 0x2E,0xBA,0x6B,0xAE,0x66,0x64,0x00,0x00,0x03,0x33,0xFF,0xFF,0xF3,0x0E,0xEA,0xE3 ; COM AB00
    db 0x0C,0x33,0xB0,0x33,0xB0,0xE3,0x00,0xCE,0x3F,0xFF,0xFF,0xFF,0xFF,0xFF,0xFF,0xFF ; COM AB10
    db 0xFF,0xFF,0xFF,0xC0,0x00,0x00,0x00,0x00,0x00,0x00,0x00,0x00,0x00,0x00,0x00,0x20 ; COM AB20
    db 0x00,0x20,0x00,0x80,0x80,0x00,0x00,0x00,0x00,0x00,0x00,0x00,0x00,0x00,0x00,0x00 ; COM AB30
    db 0xD9,0xEF,0x66,0xFD,0xEC,0xC8,0x00,0x00,0x00,0x00,0x00,0x00,0x00,0x00,0x00,0x00 ; COM AB40
    db 0x00,0x00,0x00,0x00,0x00,0x00,0xFF,0xFF,0xFF,0xF0,0xC0,0x3F,0xEC,0x02,0x3F,0x30 ; COM AB50
    db 0xCC,0x38,0x33,0x03,0x2E,0xCE,0xCC,0x33,0x3F,0xFF,0xFF,0xFF,0xFF,0xFF,0xFF,0xFF ; COM AB60
    db 0xFF,0xFF,0xFF,0xC0,0x22,0x22,0x22,0x08,0x88,0x22,0x08,0x82,0x22,0x08,0x80,0x20 ; COM AB70
    db 0x00,0x00,0x00,0x00,0x00,0x00,0x02,0x00,0x00,0x20,0x00,0x00,0x80,0x00,0x20,0x02 ; COM AB80
    db 0xCF,0x3B,0x3C,0xFD,0xFF,0xF8,0xF0,0x00,0x0C,0x30,0xC3,0x00,0x03,0x0C,0x00,0x00 ; COM AB90
    db 0x00,0x00,0x08,0x03,0xBF,0x00,0xFF,0xFF,0xFF,0xFF,0xFF,0xFF,0xE0,0xC3,0x0B,0x8B ; COM ABA0
    db 0x22,0x2C,0x8C,0x83,0x33,0x0E,0xC3,0x30,0x3F,0xFF,0xFF,0xFF,0xFF,0xFF,0xFF,0xFF ; COM ABB0
    db 0xFF,0xFF,0xFF,0x00,0x32,0x08,0x82,0x08,0x22,0x22,0x20,0x88,0x22,0x20,0x00,0x00 ; COM ABC0
    db 0x08,0x02,0x00,0x00,0x00,0x00,0x00,0x00,0x20,0x8C,0x80,0x03,0x00,0x30,0xC8,0x88 ; COM ABD0
    db 0xCF,0x33,0xFE,0x7F,0xFF,0xFF,0xFC,0x00,0x00,0x00,0x00,0x00,0x00,0x00,0x00,0x00 ; COM ABE0
    db 0x00,0x00,0x00,0x0F,0xFF,0xF0,0xFF,0xFF,0xFF,0xFF,0xFF,0xFF,0xFF,0xFF,0xCC,0x33 ; COM ABF0
    db 0x33,0x0C,0xFC,0xFF,0xFF,0xFF,0xFF,0xFF,0xFF,0xFF,0xFF,0xFF,0xFF,0xFF,0xFF,0xFF ; COM AC00
    db 0xFF,0xFF,0xFF,0x00,0x20,0x02,0x08,0x82,0x00,0x00,0x08,0x00,0x00,0x02,0x00,0x00 ; COM AC10
    db 0x00,0x00,0x00,0x00,0x00,0x00,0x00,0x00,0x08,0x20,0x8C,0xA2,0x28,0x88,0x20,0xCC ; COM AC20
    db 0xFF,0xFF,0xFF,0xFF,0xFF,0xFF,0xFD,0x00,0x00,0x00,0x00,0x00,0x00,0x00,0x00,0x00 ; COM AC30
    db 0x00,0x00,0x00,0x2F,0xAF,0xFE,0xFF,0xEE,0xBF,0xEA,0xAE,0xFB,0xBF,0xFC,0x0F,0xC0 ; COM AC40
    db 0x00,0x00,0x33,0xFC,0xFF,0xFF,0xFF,0xFF,0xFF,0xFF,0xFF,0xFF,0xFF,0xFF,0xFF,0xFF ; COM AC50
    db 0xFF,0xFF,0xFC,0x00,0x00,0x03,0x02,0x03,0x20,0x02,0x08,0x00,0x00,0x08,0x88,0x88 ; COM AC60
    db 0x88,0x88,0x88,0x88,0x88,0x88,0x82,0x22,0x00,0x00,0x20,0x08,0x00,0x02,0x00,0x08 ; COM AC70
    db 0xFF,0xFF,0xFF,0xFF,0xFF,0x77,0x6D,0xFD,0x00,0x00,0x00,0x00,0x00,0x00,0x00,0x00 ; COM AC80
    db 0x2B,0xA6,0x99,0x0A,0x9B,0x00,0x00,0x00,0x00,0x00,0x30,0x00,0x3F,0xF3,0x33,0x00 ; COM AC90
    db 0x00,0x00,0x03,0x33,0xCF,0xFF,0xFF,0xFF,0xFF,0xFF,0xFC,0xCC,0xCC,0x00,0x00,0x00 ; COM ACA0
    db 0x00,0x00,0x0D,0x9A,0x80,0x00,0x00,0x00,0x00,0x00,0x00,0x00,0x00,0x00,0x02,0x02 ; COM ACB0
    db 0x08,0x08,0x00,0x80,0x08,0x00,0x00,0x00,0x00,0x00,0x00,0x00,0x00,0x00,0x00,0x00 ; COM ACC0
    db 0xFF,0xFF,0xFD,0xD9,0x8C,0x93,0x3D,0x9B,0xE0,0x00,0x00,0x00,0x00,0x00,0x00,0x00 ; COM ACD0
    db 0x26,0x69,0x99,0xBE,0xAA,0xFF,0x0F,0xFC,0x00,0x00,0x03,0x00,0x3F,0xC0,0x00,0x00 ; COM ACE0
    db 0x00,0x00,0x00,0x00,0x00,0xCF,0xFF,0xFF,0x3B,0xFE,0xAE,0xEE,0xEE,0xEB,0xBB,0xBB ; COM ACF0
    db 0xBB,0xBF,0xE8,0x00,0x32,0x8A,0x38,0x8A,0x28,0x88,0x88,0x88,0x88,0x88,0x00,0x00 ; COM AD00
    db 0x00,0x00,0x00,0x00,0x00,0x00,0x00,0x00,0x00,0x00,0x00,0x00,0x00,0x00,0x00,0x00 ; COM AD10
    db 0xFF,0xDD,0x98,0x8C,0xC9,0xB3,0x00,0x00,0x3C,0x00,0x00,0x00,0x00,0x00,0x00,0x00 ; COM AD20
    db 0x00,0x00,0x00,0x32,0x08,0x00,0x3F,0x03,0xFF,0xFF,0xFF,0xFF,0xC0,0xFF,0xFF,0xBB ; COM AD30
    db 0xAA,0xAA,0xB9,0xBE,0x6F,0xF7,0x33,0x0C,0xEB,0xBB,0xAE,0xBB,0xBB,0xEE,0xEE,0x9A ; COM AD40
    db 0xEF,0xBB,0xFB,0xE0,0x00,0x82,0x08,0x20,0x08,0x20,0x00,0x82,0x08,0x22,0x00,0x00 ; COM AD50
    db 0x00,0x00,0x00,0x00,0x00,0x00,0x00,0x00,0x00,0x82,0x02,0x02,0x22,0x32,0x02,0x0C ; COM AD60
    db 0xDF,0x3D,0xF7,0xCF,0x7D,0xF7,0xD8,0xCC,0xCD,0xE0,0x00,0x00,0x00,0x00,0x30,0x00 ; COM AD70
    db 0x00,0x00,0x00,0xFA,0x2F,0x8E,0xFB,0xEE,0xFF,0xFF,0xBF,0xFF,0xFF,0xFB,0x20,0x8F ; COM AD80
    db 0xFF,0x30,0x00,0x00,0x02,0xFF,0xFF,0xFF,0xF0,0x0C,0xF3,0xCC,0xCC,0xBF,0xCF,0xFF ; COM AD90
    db 0x23,0x00,0x00,0x00,0x80,0x00,0x00,0x80,0x00,0x00,0x00,0x00,0x00,0x00,0x22,0x22 ; COM ADA0
    db 0x22,0x22,0x22,0x22,0x22,0x22,0x22,0x20,0x08,0xC8,0xC8,0x88,0x8C,0x88,0x8C,0x88 ; COM ADB0
    db 0x66,0x66,0x63,0x31,0x39,0x2C,0xCE,0x32,0x33,0xFC,0x00,0x00,0x00,0x00,0x00,0x00 ; COM ADC0
    db 0x00,0x00,0x00,0xAA,0xAA,0xA2,0xAA,0x9A,0xFE,0xFB,0xEE,0xFE,0xBF,0xEE,0xAB,0xC0 ; COM ADD0
    db 0x00,0x00,0x00,0xFA,0x99,0xBF,0xF3,0x0F,0xFF,0xFF,0xBF,0xF3,0x32,0x20,0x00,0x00 ; COM ADE0
    db 0x02,0xFF,0xFF,0xF8,0x00,0x00,0x00,0x00,0x00,0x00,0x00,0x00,0x00,0x00,0x02,0x02 ; COM ADF0
    db 0x00,0x00,0x00,0x20,0x08,0x00,0x00,0x00,0x22,0x0C,0x23,0x20,0xC2,0x02,0x20,0x0C ; COM AE00
    db 0x76,0x66,0x67,0x66,0x6D,0x99,0x8C,0xCC,0xCF,0x33,0xC0,0x00,0x00,0x00,0x00,0x00 ; COM AE10
    db 0x26,0x66,0x5B,0xFA,0xCF,0xFC,0xFF,0xFC,0x00,0x00,0x00,0x03,0xFC,0x88,0xFF,0xFF ; COM AE20
    db 0xFF,0xFF,0xFF,0xFF,0xF0,0x02,0xFF,0xFF,0xEB,0xB0,0x20,0x80,0x00,0x00,0x00,0x00 ; COM AE30
    db 0x00,0x02,0xFE,0x80,0x00,0x00,0x00,0x00,0x00,0x00,0x00,0x00,0x00,0x00,0x00,0x00 ; COM AE40
    db 0x00,0x00,0x00,0x00,0x00,0x00,0x00,0x00,0x20,0x88,0x82,0x08,0x00,0x03,0x08,0x82 ; COM AE50
    db 0x84,0xCD,0xC8,0xDE,0x32,0x0C,0xC0,0x00,0x00,0x00,0x00,0x00,0x00,0x00,0x00,0x00 ; COM AE60
    db 0x26,0x66,0x66,0xFF,0x0F,0xCF,0xFB,0xC0,0x00,0x00,0x00,0x03,0xFF,0xFF,0xFF,0x80 ; COM AE70
    db 0x00,0x00,0x02,0x2F,0xFF,0xC0,0xAE,0xFF,0xCC,0x33,0xF9,0xBF,0xFC,0xC0,0x0C,0xC3 ; COM AE80
    db 0xCF,0xFC,0x00,0x66,0x40,0x00,0x00,0x00,0x00,0x00,0x00,0x00,0x00,0x00,0x00,0x00 ; COM AE90
    db 0x00,0x00,0x00,0x00,0x00,0x00,0x00,0x00,0x08,0xC2,0x22,0x22,0x22,0x22,0x22,0x20 ; COM AEA0
    db 0x99,0x99,0x99,0xE6,0x69,0x99,0x80,0x00,0x00,0x00,0x00,0x00,0x00,0x00,0x00,0x00 ; COM AEB0
    db 0x00,0x00,0x00,0x3F,0xF0,0x00,0x02,0xFF,0xFF,0xFF,0xFF,0xEF,0x3F,0xFF,0xC0,0xFC ; COM AEC0
    db 0x00,0x0F,0xFD,0x08,0xFF,0xF3,0x3B,0xFF,0xEB,0xBA,0x00,0x00,0x02,0x20,0xAE,0xF9 ; COM AED0
    db 0x98,0x00,0xFC,0x00,0x00,0x00,0x00,0x00,0x00,0x00,0x00,0x00,0x00,0x00,0x08,0x88 ; COM AEE0
    db 0x88,0x88,0x88,0x88,0x82,0x22,0x22,0x22,0x20,0x88,0x30,0x82,0x32,0x02,0x0C,0x0C ; COM AEF0
    db 0xF6,0x7F,0x36,0x33,0xFC,0xDD,0x24,0x00,0x0C,0x06,0x24,0x30,0x00,0x00,0x00,0x00 ; COM AF00
    db 0x26,0x69,0x9B,0x30,0xFE,0xEA,0xA0,0x00,0x00,0x00,0x00,0x2D,0xFF,0xFF,0xEE,0xCC ; COM AF10
    db 0x3E,0x60,0x03,0xA6,0xAA,0x9A,0x9A,0xCC,0xFF,0xFC,0xC0,0x4C,0x00,0x1B,0x40,0x3B ; COM AF20
    db 0xFF,0xFB,0xFF,0x00,0x08,0x80,0x02,0x02,0x08,0x08,0x88,0x88,0x88,0x80,0x08,0x02 ; COM AF30
    db 0x00,0x08,0x08,0x00,0x20,0x00,0x00,0x08,0x22,0x00,0x00,0x02,0x00,0x0C,0x02,0x20 ; COM AF40
    db 0x20,0xC6,0x20,0x08,0xC8,0xC0,0x00,0x00,0x00,0x00,0x00,0x00,0x00,0x00,0x00,0x00 ; COM AF50
    db 0x26,0x66,0x66,0x3F,0xFE,0xEE,0x00,0x00,0x00,0x00,0x00,0x3C,0x2A,0xAA,0xEE,0xEA ; COM AF60
    db 0xBB,0xBA,0xAA,0x88,0x00,0x00,0x22,0xAF,0xFF,0xFC,0x08,0x80,0x00,0x0F,0xFC,0x00 ; COM AF70
    db 0x3B,0xFF,0xFE,0x00,0x20,0x82,0x00,0x00,0x20,0x82,0x08,0x20,0x80,0x88,0x00,0x00 ; COM AF80
    db 0x00,0x00,0x00,0x00,0x00,0x00,0x00,0x00,0x23,0x03,0x23,0x23,0x02,0x20,0x82,0x00 ; COM AF90
    db 0x99,0x99,0x8E,0x69,0x99,0x99,0x80,0x98,0x00,0x00,0x09,0x99,0x00,0x00,0x00,0x00 ; COM AFA0
    db 0x00,0x00,0x00,0x3F,0x00,0x82,0xFF,0xF3,0xFF,0xFF,0xFF,0xFF,0xCC,0xFF,0xF3,0x3F ; COM AFB0
    db 0xFF,0xFF,0x3F,0x3B,0x00,0x00,0x00,0x0F,0xFF,0xFF,0x2F,0x00,0x00,0x2F,0xFF,0xE4 ; COM AFC0
    db 0x00,0xFF,0xFE,0x00,0x00,0x00,0x00,0x00,0x00,0x00,0x00,0x00,0x00,0x00,0x00,0x00 ; COM AFD0
    db 0x00,0x00,0x00,0x00,0x00,0x00,0x00,0x00,0x00,0x08,0x88,0x82,0x22,0x08,0x82,0x0C ; COM AFE0
    db 0xC3,0x4F,0xCC,0xF7,0x77,0x18,0xD2,0x02,0x22,0x08,0x84,0x98,0x88,0x00,0x00,0x00 ; COM AFF0
    db 0x26,0x69,0x99,0x8C,0xFA,0xA8,0x03,0x3C,0x00,0x00,0x00,0x33,0x3F,0xC3,0xCC,0x03 ; COM B000
    db 0x00,0x03,0x33,0xF3,0x0C,0xC0,0x80,0xBF,0xC0,0x00,0xFF,0xEE,0xCC,0x33,0x00,0x03 ; COM B010
    db 0x3F,0xF0,0x03,0x56,0x40,0x00,0x00,0x00,0x00,0x00,0x00,0x00,0x00,0x00,0x00,0x00 ; COM B020
    db 0x00,0x00,0x00,0x00,0x00,0x00,0x00,0x00,0x22,0x22,0x00,0x02,0x30,0xC0,0x00,0x88 ; COM B030
    db 0x8C,0xCC,0x33,0x02,0x10,0x0C,0x00,0x00,0x00,0x00,0x00,0x00,0x00,0x00,0x00,0x00 ; COM B040
    db 0x26,0x66,0x66,0xF0,0x0F,0xB3,0xFF,0xFF,0xC0,0x00,0x00,0xC0,0x3F,0xFF,0xFC,0xC0 ; COM B050
    db 0x02,0x03,0x0C,0xCC,0x0C,0x03,0x08,0xFF,0xFB,0xBF,0xAA,0xAA,0xAA,0xBA,0xEE,0xEB ; COM B060
    db 0xFA,0xAA,0xF8,0x00,0x00,0x00,0x00,0x00,0x00,0x00,0x00,0x00,0x00,0x00,0x22,0x88 ; COM B070
    db 0x22,0x8A,0x22,0x22,0x22,0x88,0x8A,0x8A,0x23,0x20,0xC2,0x32,0x08,0x20,0x32,0x0C ; COM B080
    db 0x30,0x88,0xC8,0x32,0x00,0xC0,0x80,0x00,0x66,0x40,0x20,0x48,0x64,0x00,0x00,0x00 ; COM B090
    db 0x00,0x00,0x00,0x2A,0xFE,0xAA,0xAA,0xA8,0x9A,0x66,0x79,0xBB,0x8F,0xCF,0xFF,0xFF ; COM B0A0
    db 0xCC,0xC3,0x00,0x02,0x33,0x30,0x23,0x3F,0xFE,0xEF,0xB9,0xAA,0x8A,0xBB,0xBB,0xFE ; COM B0B0
    db 0xFF,0xBE,0xF8,0x00,0x00,0x00,0x00,0x00,0x00,0x00,0x00,0x00,0x00,0x00,0x00,0x00 ; COM B0C0
    db 0x00,0x00,0x00,0x00,0x00,0x00,0x00,0x00,0x00,0x20,0x08,0x00,0x02,0x02,0x02,0x02 ; COM B0D0
    db 0x64,0xC9,0x99,0x99,0x99,0x91,0x00,0x00,0x00,0x00,0x00,0x00,0x00,0x00,0x00,0x00 ; COM B0E0
    db 0x00,0x00,0x00,0x2A,0xAB,0xFA,0xAA,0x22,0x8A,0xAA,0xAA,0xAA,0xB3,0xFF,0xFF,0xFF ; COM B0F0
    db 0xFC,0xF3,0x00,0x0C,0xCC,0xF3,0x33,0x3F,0xFB,0xEE,0xEE,0xBA,0xAA,0xAA,0xA8,0xAA ; COM B100
    db 0x9B,0xBB,0xE8,0x00,0x00,0x00,0x00,0x00,0x00,0x00,0x00,0x00,0x00,0x00,0x00,0x00 ; COM B110
    db 0x00,0x00,0x00,0x00,0x00,0x00,0x00,0x00,0x20,0x00,0x20,0x00,0x00,0x00,0x00,0x03 ; COM B120
    db 0xF3,0x73,0x77,0x3C,0xC7,0x1C,0x40,0x00,0x00,0x00,0x00,0x00,0x00,0x00,0x00,0x00 ; COM B130
    db 0x00,0x00,0x00,0x03,0x03,0xFF,0xC0,0x00,0x00,0x33,0x02,0x33,0x0C,0x33,0xFF,0xFF ; COM B140
    db 0xFF,0xCF,0xCF,0xCF,0x0C,0x00,0xCC,0x33,0xFB,0xBF,0xBA,0xEE,0xEE,0xBB,0xEE,0xEB ; COM B150
    db 0xA9,0xBB,0xF8,0x00,0x22,0x22,0x22,0x22,0x22,0x22,0x22,0x22,0x22,0x20,0x00,0x00 ; COM B160
    db 0x00,0x00,0x00,0x00,0x00,0x00,0x00,0x00,0x08,0xB2,0x32,0x22,0x03,0x22,0x08,0x88 ; COM B170
    db 0x88,0x48,0x42,0x00,0x08,0x60,0x00,0x08,0x00,0x20,0x00,0x0C,0x0C,0x0C,0xC0,0x00 ; COM B180
    db 0x00,0x00,0x00,0x00,0x00,0x2F,0xFC,0x00,0x00,0x03,0x00,0xC0,0x00,0x03,0x3F,0xFF ; COM B190
    db 0xCF,0x33,0x3C,0xCC,0x20,0x00,0xCC,0xCF,0xFE,0xEE,0xEE,0xBB,0xBB,0xBA,0xA6,0xA6 ; COM B1A0
    db 0xEA,0xEF,0xE8,0x00,0x20,0x80,0x00,0x00,0x08,0x20,0x82,0x08,0x00,0x00,0x00,0x00 ; COM B1B0
    db 0x00,0x00,0x00,0x00,0x00,0x00,0x00,0x00,0x08,0x20,0x82,0x32,0x22,0x20,0x88,0x30 ; COM B1C0
    db 0x98,0xC6,0x61,0x99,0x92,0x66,0x40,0x00,0x00,0x00,0x00,0x00,0x00,0x00,0x00,0x00 ; COM B1D0
    db 0x00,0x00,0x00,0x02,0xFE,0xEF,0xF8,0x23,0xBB,0xBF,0xFF,0xEE,0xEF,0xFF,0x00,0x00 ; COM B1E0
    db 0x0C,0x03,0x33,0xCF,0x3F,0x3C,0xF3,0x00,0x3F,0xFF,0xFF,0xFF,0xFF,0xFF,0xFF,0xFF ; COM B1F0
    db 0xFF,0xFF,0xF8,0x00,0x00,0x00,0x00,0x00,0x00,0x00,0x00,0x00,0x00,0x00,0x00,0x00 ; COM B200
    db 0x00,0x00,0x00,0x00,0x00,0x00,0x00,0x00,0x22,0x08,0x22,0x08,0xC2,0x20,0x8C,0x22 ; COM B210
    db 0xF3,0x73,0xF7,0x1C,0xDB,0x34,0xC0,0x00,0x00,0x00,0x00,0x00,0x00,0x00,0x00,0x00 ; COM B220
    db 0x00,0x00,0x00,0x00,0xFF,0xFF,0x3F,0xF0,0xFD,0xBF,0xFF,0xFF,0xE0,0x00,0xCF,0xFF ; COM B230
    db 0xFF,0xFF,0x33,0x0C,0x33,0x33,0x33,0xFF,0xFF,0xFF,0xFF,0x33,0x3F,0xFF,0xFF,0xFC ; COM B240
    db 0xFF,0xFF,0xF0,0x00,0x20,0x00,0xC0,0x00,0x03,0x00,0x00,0x00,0x00,0x00,0x22,0x22 ; COM B250
    db 0x88,0xA2,0x22,0x22,0x8A,0x22,0x22,0x22,0x08,0x00,0x20,0x80,0x82,0x08,0x08,0x02 ; COM B260
    db 0xC3,0x30,0x08,0x60,0xC8,0xC3,0x08,0x00,0x00,0x80,0x09,0x00,0xD8,0xB8,0x00,0x00 ; COM B270
    db 0x00,0x00,0x00,0x00,0x0B,0xAA,0xAA,0xE8,0xAA,0xAA,0xA2,0x2A,0x9B,0xF3,0x33,0x30 ; COM B280
    db 0x00,0x30,0x33,0xF3,0xFE,0xDB,0xCC,0x00,0x3F,0xFF,0xFF,0xFF,0xFF,0xFF,0xFF,0xFF ; COM B290
    db 0xFF,0xFF,0xF0,0x00,0x00,0x00,0x00,0x00,0x00,0x00,0x00,0x00,0x00,0x00,0x22,0x30 ; COM B2A0
    db 0x88,0x22,0x22,0x22,0x08,0x22,0x22,0x20,0x80,0x00,0x00,0x00,0x00,0x00,0x00,0x00 ; COM B2B0
    db 0xCC,0x03,0x33,0x30,0xC0,0xCC,0xC0,0x00,0x00,0x00,0x00,0x00,0x00,0x00,0x00,0x00 ; COM B2C0
    db 0x00,0x00,0x00,0x00,0x02,0xBB,0xBB,0xA8,0xA6,0x22,0xAA,0xA8,0xB2,0x33,0x30,0xCC ; COM B2D0
    db 0x30,0x00,0x03,0x33,0xEA,0xBC,0xCC,0x00,0x3F,0xEF,0xFF,0xAB,0xEF,0xBF,0xBF,0xFB ; COM B2E0
    db 0xBA,0xAB,0xA0,0x00,0x08,0x88,0x8A,0x28,0x88,0x8A,0x28,0xA2,0x22,0x28,0x80,0x00 ; COM B2F0
    db 0x00,0x00,0x00,0x00,0x00,0x00,0x00,0x00,0x00,0x00,0x00,0x00,0x00,0x00,0x00,0x00 ; COM B300
    db 0xD8,0xCC,0xC0,0xC0,0xC3,0x0C,0x00,0x00,0x00,0x80,0x00,0x00,0x00,0x00,0x00,0x00 ; COM B310
    db 0x00,0x00,0x00,0x00,0x00,0xFF,0xFF,0xFF,0xFF,0xAF,0xFF,0xFF,0xFF,0xC8,0xCC,0xCC ; COM B320
    db 0xCF,0x30,0xCC,0xFA,0xAC,0x0F,0xFC,0x00,0x3F,0xFF,0xFF,0xEE,0xFF,0xFF,0xFF,0xFF ; COM B330
    db 0xFB,0xEF,0xF0,0x00,0x00,0x00,0x00,0x00,0x00,0x00,0x00,0x00,0x00,0x00,0x00,0x00 ; COM B340
    db 0x00,0x00,0x00,0x00,0x00,0x00,0x00,0x00,0x22,0x08,0x20,0x32,0x22,0x22,0x22,0x23 ; COM B350
    db 0xC8,0xD8,0xCC,0x67,0x30,0xCC,0x00,0x00,0x00,0x00,0x00,0x00,0x00,0x00,0x00,0x00 ; COM B360
    db 0x00,0x00,0x00,0x00,0x00,0x2F,0xFF,0xFA,0xFF,0xEB,0xBB,0xBF,0xFC,0xBF,0xCC,0xCC ; COM B370
    db 0xC3,0x0C,0xCE,0xA9,0x80,0x00,0x33,0x30,0x3B,0xBB,0xBF,0xE8,0xBA,0xEE,0xEE,0xEE ; COM B380
    db 0xEE,0xEA,0xE0,0x00,0x00,0x00,0x00,0x00,0x00,0x00,0x00,0x00,0x00,0x00,0x00,0x00 ; COM B390
    db 0x00,0x00,0x00,0x00,0x00,0x00,0x00,0x00,0x08,0x88,0xC8,0x88,0x88,0x88,0x88,0x20 ; COM B3A0
    db 0x8C,0x8C,0xD3,0x33,0x0C,0xCC,0xC0,0x00,0x20,0x00,0x00,0x00,0x0C,0xC0,0x00,0x80 ; COM B3B0
    db 0x22,0x00,0x00,0x00,0x00,0x02,0x32,0x22,0xFF,0xFF,0xBB,0xEF,0xEE,0xFF,0xFF,0x3C ; COM B3C0
    db 0xFC,0xCF,0xEA,0x9A,0xF0,0x00,0x0C,0xC0,0x2E,0xFB,0xBB,0xFA,0xAA,0xEE,0xEE,0xAA ; COM B3D0
    db 0xAA,0xBA,0x80,0x00,0x00,0x00,0x00,0x00,0x00,0x00,0x00,0x00,0x00,0x00,0x00,0x00 ; COM B3E0
    db 0x00,0x00,0x00,0x00,0x00,0x00,0x00,0x00,0x00,0x00,0x00,0x08,0x08,0x00,0x80,0x80 ; COM B3F0
    db 0xCC,0xCC,0x33,0x08,0x33,0x0C,0x00,0x08,0x00,0x80,0x88,0x88,0x08,0x02,0x38,0x00 ; COM B400
    db 0x00,0x00,0x00,0x00,0x00,0x00,0x00,0x02,0xFF,0xF3,0x8F,0xBB,0x88,0x88,0x80,0x0C ; COM B410
    db 0xCC,0xC0,0x00,0x00,0x0F,0xFF,0xF3,0xFF,0xC0,0x00,0x00,0x00,0xEF,0x00,0x00,0xCC ; COM B420
    db 0xF3,0xF3,0xE5,0x66,0x40,0x00,0x00,0x00,0x00,0x00,0x00,0x00,0x00,0x00,0x08,0x00 ; COM B430
    db 0x00,0x00,0x20,0x00,0x00,0x00,0x00,0x00,0x00,0x00,0x00,0x00,0x00,0x00,0x00,0x00 ; COM B440
    db 0xCC,0x8C,0xCC,0xCF,0x0C,0x33,0x00,0x00,0x00,0x00,0x00,0x00,0x00,0x20,0x00,0x00 ; COM B450
    db 0x00,0x80,0x00,0x00,0x00,0x00,0x00,0x88,0xFF,0xBB,0x2E,0xFB,0xC0,0xC0,0x00,0x30 ; COM B460
    db 0xC3,0x00,0x03,0x33,0x00,0x00,0xFF,0xFF,0xFF,0xFF,0xFF,0xFF,0x00,0x3F,0xFF,0xCC ; COM B470
    db 0x30,0x3C,0x00,0x00,0x00,0x00,0x00,0x00,0x00,0x00,0x00,0x00,0x00,0x00,0x00,0x00 ; COM B480
    db 0x00,0x00,0x00,0x00,0x00,0x00,0x00,0x00,0x00,0x00,0x00,0x00,0x00,0x00,0x00,0x00 ; COM B490
    db 0xCC,0x33,0x33,0x00,0xCC,0xCC,0x00,0x00,0x00,0x00,0x00,0x00,0x00,0x80,0x00,0x00 ; COM B4A0
    db 0x00,0x00,0x00,0x00,0x00,0x00,0x00,0x88,0xFF,0xCE,0x23,0xFE,0xC0,0x8C,0xF3,0xFC ; COM B4B0
    db 0xCC,0x00,0x03,0x33,0x00,0x02,0x00,0x00,0x3F,0xFF,0xFF,0xCF,0xC0,0x00,0x0C,0xC3 ; COM B4C0
    db 0x00,0x3C,0x00,0x00,0x00,0x00,0x00,0x00,0x00,0x00,0x00,0x00,0x00,0x00,0x00,0x00 ; COM B4D0
    db 0x00,0x00,0x00,0x00,0x00,0x00,0x00,0x00,0x08,0x0C,0x08,0x08,0x88,0x02,0x22,0x22 ; COM B4E0
    db 0x30,0xC4,0xCC,0xCC,0xCC,0x30,0xC0,0x00,0x00,0x08,0x80,0x08,0x00,0x02,0x00,0x00 ; COM B4F0
    db 0x00,0x88,0x00,0x00,0x00,0x00,0x00,0x8E,0xFF,0xFE,0x32,0x3B,0xC0,0x30,0xC0,0x00 ; COM B500
    db 0x02,0xCC,0x00,0x00,0x02,0x00,0x08,0x80,0x00,0x00,0x00,0x00,0x0F,0xA3,0x33,0xCF ; COM B510
    db 0xCF,0xCC,0x00,0x00,0x08,0x88,0x88,0xA8,0x88,0x88,0x88,0x88,0x88,0x88,0x00,0x00 ; COM B520
    db 0x00,0x00,0x00,0x00,0x00,0x00,0x00,0x00,0x08,0x88,0x82,0x32,0x0C,0x8C,0x20,0x20 ; COM B530
    db 0x30,0x31,0x08,0xCD,0x20,0x30,0x20,0x8E,0x08,0x00,0x00,0x80,0x02,0x20,0x08,0x80 ; COM B540
    db 0x00,0x00,0x00,0x00,0x00,0x00,0x00,0x23,0xFF,0xBB,0xCC,0xB8,0xC8,0x23,0x30,0x33 ; COM B550
    db 0x23,0x00,0x00,0x00,0xCC,0x20,0x00,0x00,0x8E,0xEC,0xFF,0xFF,0xFF,0xFF,0xFF,0xFF ; COM B560
    db 0xFF,0xFF,0x00,0x08,0x20,0x80,0x82,0x02,0x08,0x88,0x88,0x88,0x00,0x82,0x00,0x00 ; COM B570
    db 0x00,0x00,0x00,0x00,0x00,0x02,0x00,0x00,0x02,0x00,0x08,0x02,0x00,0x02,0x02,0x00 ; COM B580
    db 0x34,0xCC,0x6C,0x0D,0x0C,0xCC,0xCC,0x00,0x02,0x23,0x20,0x08,0xC8,0x03,0x30,0x00 ; COM B590
    db 0x00,0x00,0x00,0x00,0x00,0x00,0x00,0x22,0xFF,0xFB,0x22,0xCA,0x00,0x02,0x30,0x88 ; COM B5A0
    db 0x3B,0xFF,0xFF,0xFF,0xFE,0x00,0x00,0x00,0x00,0x2A,0xAA,0xAF,0xBF,0xA2,0xAA,0xAA ; COM B5B0
    db 0xAA,0xA8,0x00,0x00,0x00,0x00,0x00,0x00,0x00,0x00,0x00,0x00,0x00,0x00,0x00,0x00 ; COM B5C0
    db 0x00,0x00,0x00,0x00,0x00,0x00,0x00,0x00,0x00,0x00,0x00,0x00,0x00,0x00,0x00,0x00 ; COM B5D0
    db 0xC3,0x33,0x0C,0x31,0x33,0x30,0x00,0x23,0x30,0x00,0x02,0x00,0x00,0x08,0x00,0x00 ; COM B5E0
    db 0x00,0x00,0x00,0x00,0x00,0x00,0x00,0x0B,0xCF,0xB2,0xE2,0x38,0x80,0x00,0x08,0x00 ; COM B5F0
    db 0x3C,0xCC,0xCF,0xFF,0x33,0x00,0x00,0x00,0x0B,0xFF,0xFF,0xFF,0xFF,0xFE,0xFF,0xFF ; COM B600
    db 0xFF,0xFC,0x00,0x00,0x00,0x00,0x00,0x00,0x00,0x00,0x00,0x00,0x00,0x00,0x00,0x20 ; COM B610
    db 0x00,0x00,0x00,0x00,0x00,0x00,0x00,0x00,0x00,0x00,0x00,0x00,0x00,0x00,0x00,0x00 ; COM B620
    db 0x8C,0xCC,0xC1,0x23,0x4C,0x0C,0xC8,0x84,0x80,0x84,0x80,0x84,0x08,0x80,0x00,0x00 ; COM B630
    db 0x00,0x20,0x08,0x88,0x88,0x88,0x88,0x88,0xC3,0xCE,0x38,0xC8,0xEA,0xEF,0xF3,0xFC ; COM B640
    db 0xCC,0x33,0xCC,0xCC,0x0C,0xCF,0xFF,0xFF,0xB2,0x33,0x30,0x00,0x03,0x3F,0xFF,0xFF ; COM B650
    db 0xFF,0x3D,0x9A,0xA6,0x80,0x00,0x00,0x00,0x00,0x00,0x00,0x00,0x00,0x00,0x00,0x00 ; COM B660
    db 0x00,0x00,0x00,0x00,0x00,0x00,0x00,0x00,0x22,0x20,0x82,0x22,0x22,0x02,0x22,0x23 ; COM B670
    db 0xC3,0x0C,0xCC,0xC3,0x0C,0xCC,0xC0,0x00,0x00,0x00,0x00,0x00,0x00,0x00,0x00,0x00 ; COM B680
    db 0x00,0x30,0xC0,0x00,0x00,0x00,0x00,0x2F,0xCF,0xCF,0x3C,0xCF,0x00,0x08,0xA2,0x08 ; COM B690
    db 0x20,0x80,0x22,0x33,0x32,0x22,0x20,0x80,0x03,0x03,0x2F,0xFF,0xFF,0xFF,0x00,0x00 ; COM B6A0
    db 0x00,0xC0,0x00,0x00,0x08,0x8A,0x8A,0x8A,0x8A,0x22,0x8A,0x28,0x88,0x88,0x80,0x00 ; COM B6B0
    db 0x00,0x00,0x00,0x00,0x00,0x80,0x00,0x00,0x32,0x08,0xC3,0x08,0x20,0xC8,0xC8,0x08 ; COM B6C0
    db 0x8C,0xC0,0xCC,0xF3,0x36,0x0C,0x12,0x02,0x20,0x80,0x08,0x00,0x80,0x00,0x00,0x00 ; COM B6D0
    db 0x00,0x00,0x00,0x00,0x00,0x00,0x00,0x03,0xB3,0x3B,0x3B,0xB3,0x00,0x00,0x8C,0x00 ; COM B6E0
    db 0x00,0x00,0x00,0x0B,0xFF,0xFF,0xCC,0xC0,0x3B,0xBF,0xFF,0xFF,0xFF,0xFF,0xFF,0xFF ; COM B6F0
    db 0xFF,0xC0,0x00,0x00,0x22,0x30,0xC8,0xC2,0x30,0xC8,0x82,0x20,0xC8,0x88,0x00,0x00 ; COM B700
    db 0x00,0x00,0x00,0x00,0x00,0x00,0x00,0x00,0x00,0x80,0x80,0x82,0x00,0x00,0x02,0x00 ; COM B710
    db 0x32,0x18,0x30,0x80,0x84,0xCC,0x20,0x00,0x00,0x00,0x00,0x00,0x00,0x00,0x00,0x00 ; COM B720
    db 0x02,0x00,0x82,0x22,0x22,0x22,0x22,0x00,0x20,0x08,0xC0,0x82,0x00,0x02,0xFF,0xC0 ; COM B730
    db 0x00,0x00,0x00,0x00,0x00,0x88,0xBF,0xFC,0x3B,0xE3,0xBF,0xFF,0xFF,0xFF,0xBB,0xFE ; COM B740
    db 0xEF,0x00,0x00,0x00,0x08,0x00,0x82,0x02,0x00,0x80,0x02,0x08,0x08,0x00,0x00,0x00 ; COM B750
    db 0x00,0x00,0x00,0x00,0x00,0x00,0x00,0x00,0x00,0x00,0x00,0x00,0x00,0x00,0x00,0x00 ; COM B760
    db 0x33,0x13,0x30,0x2C,0x30,0x0C,0x40,0x00,0x00,0x00,0x00,0x00,0x00,0x00,0x00,0x00 ; COM B770
    db 0x00,0x00,0x00,0x00,0x00,0x00,0x00,0x0F,0xF3,0x33,0x3C,0xCF,0x00,0x00,0x8A,0x20 ; COM B780
    db 0x00,0x02,0x22,0x00,0x00,0x00,0x00,0x00,0x20,0x00,0x00,0x00,0x00,0xFF,0x0F,0xF0 ; COM B790
    db 0x3F,0x00,0x00,0x00,0x00,0x00,0x00,0x02,0x00,0x00,0x00,0x00,0x00,0x00,0x00,0x00 ; COM B7A0
    db 0x00,0x00,0x00,0x00,0x00,0x00,0x00,0x00,0x00,0x00,0x00,0x00,0x00,0x00,0x00,0x00 ; COM B7B0
    db 0xCC,0x98,0x33,0x30,0xCC,0xC8,0x00,0x00,0x00,0x00,0x00,0x00,0x00,0x00,0x00,0x00 ; COM B7C0
    db 0x00,0x00,0x00,0x00,0x00,0x00,0x00,0x08,0xFC,0x08,0xA3,0x8B,0x00,0x00,0x03,0x00 ; COM B7D0
    db 0x02,0xC0,0x03,0xFF,0xEF,0xCC,0x00,0x00,0x00,0x00,0x00,0x00,0x00,0x0B,0x3F,0xFF ; COM B7E0
    db 0xF0,0x00,0x00,0x00,0x00,0x00,0x00,0x00,0x00,0x00,0x00,0x00,0x00,0x00,0x00,0x00 ; COM B7F0
    db 0x00,0x00,0x00,0x00,0x00,0x00,0x00,0x00,0x03,0x2C,0x83,0x20,0x20,0x00,0xC2,0x03 ; COM B800
    db 0x33,0x33,0x0C,0x20,0x20,0xC3,0x00,0x88,0x80,0x00,0x00,0x00,0x00,0x00,0x00,0x00 ; COM B810
    db 0x02,0x00,0x8C,0x88,0x82,0x0C,0xFC,0x0F,0x3F,0xCC,0xCF,0x3C,0xC0,0x00,0x00,0x00 ; COM B820
    db 0x20,0x30,0x00,0x00,0xC3,0xFF,0xFF,0xEF,0xFF,0xFF,0xFF,0xFE,0xCE,0xCE,0xFF,0xFB ; COM B830
    db 0xE8,0x00,0x00,0x00,0x22,0x22,0x22,0x22,0x22,0x22,0x22,0x22,0x20,0x88,0x80,0x00 ; COM B840
    db 0x00,0x00,0x00,0x00,0x00,0x00,0x00,0x00,0x22,0x08,0x22,0x23,0x22,0x32,0x08,0x30 ; COM B850
    db 0x00,0x01,0x04,0x10,0x10,0x04,0x13,0x0C,0x40,0x30,0xC0,0xCC,0x03,0x22,0x30,0x88 ; COM B860
    db 0x00,0x00,0x00,0x00,0x03,0xFF,0x20,0x03,0xF8,0xC0,0x08,0x88,0xC0,0x00,0x00,0x00 ; COM B870
    db 0x00,0x00,0x00,0x00,0x00,0x0C,0xF3,0xFF,0xFF,0xFF,0xFF,0xCF,0xFF,0xFF,0xFF,0x3E ; COM B880
    db 0xC0,0x00,0x00,0x00,0x20,0x08,0x20,0x08,0x20,0x88,0x80,0x08,0x22,0x08,0x88,0x88 ; COM B890
    db 0x8A,0x28,0x88,0x88,0x88,0x22,0x22,0x22,0x20,0x88,0x82,0x20,0x88,0x82,0x08,0x20 ; COM B8A0
    db 0x21,0x20,0x22,0x12,0x02,0x10,0x00,0x80,0x00,0xC0,0x02,0x02,0x00,0x00,0x00,0x00 ; COM B8B0
    db 0x20,0x02,0x08,0x83,0xFD,0xC0,0x08,0x8F,0xFC,0xFF,0x3F,0x3C,0xC0,0x00,0x00,0x22 ; COM B8C0
    db 0x20,0x23,0xB2,0x00,0x00,0x00,0x00,0x00,0x2F,0xBB,0xBB,0xBF,0xFB,0x3B,0xEF,0x3F ; COM B8D0
    db 0x00,0x00,0x00,0x00,0x00,0x00,0x00,0x00,0x00,0x00,0x00,0x00,0x00,0x00,0x08,0x23 ; COM B8E0
    db 0x22,0x22,0x22,0x22,0x08,0x82,0x08,0x88,0x80,0x00,0x08,0x08,0x08,0x00,0x80,0x08 ; COM B8F0
    db 0x20,0x84,0x80,0x03,0x10,0x04,0x82,0x00,0x00,0x00,0x00,0x00,0x00,0x00,0x80,0x00 ; COM B900
    db 0x00,0x3F,0xC0,0x23,0xF0,0x00,0x22,0x20,0x8F,0xFF,0x30,0xCC,0xC0,0x08,0x00,0x00 ; COM B910
    db 0x00,0x00,0x20,0x00,0x00,0x88,0x00,0x00,0x08,0xE3,0xCF,0xFF,0xFF,0xFF,0xF7,0xFC ; COM B920
    db 0x00,0x00,0x00,0x00,0x00,0x00,0x00,0x00,0x00,0x00,0x00,0x00,0x00,0x00,0x0C,0x82 ; COM B930
    db 0x0C,0x30,0xC2,0x08,0x8C,0x22,0x20,0x80,0x00,0x00,0x00,0x00,0x00,0x00,0x00,0x00 ; COM B940
    db 0x20,0x88,0x21,0x08,0x22,0x02,0x00,0x20,0x00,0x02,0x00,0x00,0x00,0x00,0x00,0x00 ; COM B950
    db 0x00,0x3F,0xF8,0x00,0x98,0x00,0x00,0x00,0x00,0x22,0x00,0x00,0x80,0x00,0x00,0x08 ; COM B960
    db 0xB2,0x38,0xE2,0x00,0x00,0x00,0x00,0x00,0x3F,0xFF,0xFF,0xFF,0xFF,0xF8,0xF7,0xC0 ; COM B970
    db 0x23,0x08,0x22,0x23,0x00,0x00,0x00,0x00,0x00,0x00,0x00,0x00,0x00,0x00,0x20,0x80 ; COM B980
    db 0x08,0x00,0x88,0xC2,0x08,0x8C,0x22,0x02,0x00,0x80,0x00,0x00,0x00,0x00,0x00,0x00 ; COM B990
    db 0xC4,0xCC,0xCC,0x0C,0xC3,0x08,0x40,0xC3,0x30,0xC0,0x20,0x03,0x33,0x0C,0x33,0x08 ; COM B9A0
    db 0x00,0x3F,0xFC,0x00,0x00,0x00,0x00,0x00,0x00,0x00,0x00,0x00,0x00,0x00,0x00,0x8A ; COM B9B0
    db 0x88,0x82,0x08,0x00,0x00,0x22,0x22,0x20,0xBF,0xFF,0xFF,0xFF,0xFF,0xFF,0xFC,0x00 ; COM B9C0
    db 0x00,0x00,0x00,0x00,0x22,0x22,0x8A,0x28,0xA2,0x88,0xA2,0x22,0x32,0x22,0x00,0xCC ; COM B9D0
    db 0x30,0x32,0x32,0x20,0x0C,0x22,0x0C,0x8C,0x03,0x23,0x0C,0xA2,0x20,0xC0,0x80,0x88 ; COM B9E0
    db 0x20,0x82,0x10,0x80,0x82,0x08,0x00,0x00,0x00,0x00,0x00,0x00,0x00,0x00,0x00,0x80 ; COM B9F0
    db 0x00,0x00,0x00,0x00,0x00,0x00,0x2A,0xAA,0x28,0x82,0x22,0xF8,0x80,0x00,0x00,0x88 ; COM BA00
    db 0xA2,0xA2,0x88,0x80,0x02,0x22,0x2A,0x8A,0x3F,0xFF,0xFF,0xFF,0xFF,0xFF,0xCF,0x3F ; COM BA10
    db 0x33,0x00,0x00,0x20,0x00,0x00,0x00,0x00,0x00,0x00,0x00,0x00,0x00,0x00,0x00,0x20 ; COM BA20
    db 0x80,0x02,0x08,0x20,0x00,0x80,0x08,0x00,0x20,0x82,0x22,0x08,0x22,0x22,0x08,0x8C ; COM BA30
    db 0x33,0x33,0x33,0x33,0x0C,0x30,0xC0,0x00,0x00,0x00,0x00,0x00,0x08,0x00,0x00,0x00 ; COM BA40
    db 0x0F,0xF3,0x00,0xC3,0x33,0x73,0x32,0x20,0x00,0x08,0x00,0x33,0x00,0x00,0x00,0x02 ; COM BA50
    db 0x33,0x2E,0xEF,0xBB,0xFF,0xBB,0xFF,0xFF,0xCC,0xCF,0x3C,0xCF,0x33,0x3C,0x30,0x00 ; COM BA60
    db 0x00,0x00,0x0F,0x9A,0x60,0x80,0x00,0x00,0x00,0x00,0x00,0x00,0x00,0x00,0x20,0x00 ; COM BA70
    db 0x30,0x00,0x80,0x20,0x00,0xC2,0x08,0x00,0x22,0x08,0x30,0x8C,0x8C,0x20,0xC8,0x08 ; COM BA80
    db 0x20,0x80,0x08,0x02,0x00,0x00,0x00,0x00,0x00,0x00,0x00,0x20,0x00,0x00,0x08,0x00 ; COM BA90
    db 0x00,0x88,0x89,0x88,0x00,0x02,0x00,0x00,0x00,0x00,0x00,0x00,0x00,0x00,0x00,0x00 ; COM BAA0
    db 0x08,0x0C,0xC3,0x33,0xCF,0xFF,0x3C,0xCC,0xCF,0xCC,0x33,0xCF,0x00,0x03,0xF0,0x3F ; COM BAB0
    db 0x6F,0x33,0xFF,0xFF,0xFF,0xFE,0x60,0x00,0x00,0x00,0x00,0x00,0x00,0x00,0x0C,0xCC ; COM BAC0
    db 0x80,0xC2,0x32,0x0C,0x80,0x83,0x23,0x20,0x30,0xC2,0x22,0x08,0x22,0x08,0x88,0x83 ; COM BAD0
    db 0x20,0x30,0x80,0x82,0x00,0x00,0x00,0x00,0x00,0x00,0x00,0x00,0x00,0x00,0x00,0x00 ; COM BAE0
    db 0x00,0x20,0x02,0x00,0x00,0x00,0x80,0x02,0x22,0x08,0x80,0x00,0x00,0x00,0x00,0x00 ; COM BAF0
    db 0x00,0x0C,0x00,0x00,0x33,0x3C,0xCF,0xEF,0xFB,0xBB,0xAA,0xAE,0x88,0x0F,0xC0,0x00 ; COM BB00
    db 0x00,0x00,0x00,0x02,0x33,0xBF,0xFF,0x30,0x00,0x00,0x00,0x00,0x00,0x00,0x00,0x08 ; COM BB10
    db 0x20,0x20,0x20,0x08,0x00,0x82,0x02,0x02,0x20,0x80,0x20,0xC0,0x00,0x08,0x20,0x20 ; COM BB20
    db 0x00,0x00,0x00,0x00,0x00,0x00,0x02,0x00,0x00,0x00,0x00,0x00,0x00,0x00,0x00,0x00 ; COM BB30
    db 0x00,0x00,0x00,0x00,0x00,0x00,0x00,0x00,0x00,0x00,0x00,0x00,0x00,0x00,0x00,0x08 ; COM BB40
    db 0x22,0xAA,0xAA,0xAA,0xAB,0xBB,0xAA,0xBB,0xEA,0xAA,0xE2,0x28,0x80,0xAF,0x00,0x00 ; COM BB50
    db 0x00,0x00,0x08,0x00,0xBE,0xF3,0x67,0xFF,0xEF,0x8C,0x00,0x00,0x00,0x00,0x20,0x00 ; COM BB60
    db 0x00,0x00,0x30,0x20,0x00,0x30,0x02,0x00,0x82,0x0C,0x80,0x23,0x30,0xC8,0x00,0xC8 ; COM BB70
    db 0x0C,0xC8,0xCC,0xC8,0x30,0x08,0x20,0x20,0x88,0x20,0x82,0x22,0x30,0x80,0xC8,0x32 ; COM BB80
    db 0x00,0x00,0x00,0x00,0x00,0x00,0x00,0x00,0x00,0x00,0x00,0x00,0x00,0x00,0x00,0x00 ; COM BB90
    db 0x8B,0xBB,0xBF,0xFF,0xFF,0xFF,0xFF,0xFF,0xCF,0xFF,0xFF,0xFF,0xFF,0x00,0x23,0x00 ; COM BBA0
    db 0x00,0x00,0x00,0x00,0x3F,0xFF,0xFB,0xF9,0xBF,0xFF,0xE0,0x00,0x00,0x00,0x23,0x20 ; COM BBB0
    db 0xCC,0x8C,0x88,0x83,0x08,0x88,0xC8,0x88,0x32,0x20,0xC8,0x20,0x82,0x08,0x32,0x08 ; COM BBC0
    db 0x00,0x82,0x00,0x00,0x00,0x80,0x80,0x00,0x00,0x00,0x00,0x00,0x00,0x00,0x00,0x00 ; COM BBD0
    db 0x00,0x00,0x00,0x00,0x00,0x00,0x00,0x00,0x00,0x00,0x00,0x00,0x00,0x00,0x00,0x00 ; COM BBE0
    db 0xCC,0xFF,0xFF,0xF3,0xFF,0xFF,0xFF,0xFF,0xEA,0xAA,0xEA,0x88,0x00,0x00,0x02,0x00 ; COM BBF0
    db 0x00,0x00,0x00,0x00,0x3E,0xFF,0xFD,0xFF,0xD9,0xBF,0xFF,0xF0,0x00,0x00,0x20,0x08 ; COM BC00
    db 0x20,0x20,0x00,0x80,0x82,0x00,0x80,0x08,0x00,0x00,0x20,0x80,0x80,0x20,0x00,0x20 ; COM BC10
    db 0x00,0x00,0x00,0x00,0x20,0x00,0x30,0x08,0x00,0x08,0x02,0x00,0x82,0x02,0x00,0x7F ; COM BC20
    db 0x00,0x00,0x00,0x00,0x00,0x00,0x00,0x00,0x02,0x00,0x00,0x00,0x08,0x88,0x80,0x00 ; COM BC30
    db 0x03,0x37,0xCF,0xFB,0xCF,0xFF,0xFF,0xFF,0xEA,0xBA,0x8A,0xE8,0x00,0x00,0x02,0x00 ; COM BC40
    db 0x00,0x00,0x00,0x00,0x39,0xFF,0xFF,0xFD,0xFF,0xEF,0xBE,0xFF,0xF0,0x00,0x00,0x00 ; COM BC50
    db 0x00,0x00,0x00,0x00,0x00,0x00,0x00,0x00,0x20,0x00,0x00,0x00,0x00,0x30,0x00,0x00 ; COM BC60
    db 0x00,0x00,0x00,0x00,0x00,0x80,0x00,0x00,0x82,0x00,0x30,0x00,0x00,0x00,0x02,0x37 ; COM BC70
    db 0x26,0x40,0x24,0x00,0x00,0x00,0x00,0x00,0x00,0x00,0x00,0x00,0x02,0x00,0x20,0x80 ; COM BC80
    db 0x00,0x0C,0xF7,0x3C,0xFF,0xBF,0xFF,0xFF,0xFF,0xFF,0xFF,0xF0,0x00,0x00,0x00,0x00 ; COM BC90
    db 0x00,0x00,0x00,0x00,0x30,0xC3,0x3C,0xE3,0xF3,0xC0,0x3C,0xF3,0xFF,0x00,0x00,0x00 ; COM BCA0
    db 0x00,0x00,0x00,0x00,0x00,0x00,0x00,0x00,0x32,0x02,0x22,0x20,0x88,0x88,0x20,0x88 ; COM BCB0
    db 0x00,0x00,0x00,0x00,0x00,0x00,0x08,0xC0,0x00,0x00,0x00,0x30,0x80,0x80,0x0F,0x01 ; COM BCC0
    db 0xA4,0x99,0x88,0x89,0x8E,0x20,0x00,0x00,0x00,0x00,0x00,0x00,0x00,0x00,0x00,0x00 ; COM BCD0
    db 0x00,0x00,0x89,0x88,0x98,0xE6,0x6B,0xA6,0x3F,0xB3,0x30,0x00,0x00,0x00,0x20,0x00 ; COM BCE0
    db 0x00,0x00,0x00,0x00,0x33,0x30,0x2C,0xCF,0xC3,0x3B,0x00,0xFD,0xCE,0xFC,0x03,0x0C ; COM BCF0
    db 0xCC,0x30,0x30,0x8C,0x08,0x32,0x30,0x88,0x23,0x23,0x0C,0x30,0x82,0x0C,0x33,0x0C ; COM BD00
    db 0x32,0x08,0x00,0xC0,0x82,0x22,0x00,0x00,0x80,0xC2,0x00,0x00,0x00,0x00,0x06,0x31 ; COM BD10
    db 0x80,0x00,0x00,0xC0,0x00,0x00,0x00,0x00,0x00,0x00,0x00,0x00,0x02,0x00,0x00,0x00 ; COM BD20
    db 0x00,0x00,0x00,0x00,0x00,0xCC,0xCC,0xCC,0xC0,0x20,0x00,0x00,0x00,0x20,0x20,0x00 ; COM BD30
    db 0x00,0x00,0x00,0x00,0x0C,0xCC,0xC0,0xEC,0xC4,0x33,0xB3,0x33,0xE7,0x3B,0xF0,0x00 ; COM BD40
    db 0x00,0x00,0x00,0x00,0x00,0x00,0x00,0x00,0x02,0x00,0x02,0x02,0x08,0x00,0x08,0x08 ; COM BD50
    db 0x20,0x80,0x02,0x00,0x08,0x00,0x00,0x00,0x00,0x00,0x00,0x02,0x00,0x00,0x06,0x32 ; COM BD60
    db 0x30,0x40,0x44,0xD9,0x99,0x00,0x08,0x00,0x00,0x00,0x00,0x00,0x0C,0xC2,0x02,0x08 ; COM BD70
    db 0x82,0x0C,0x00,0x0C,0x30,0x02,0x00,0x00,0x08,0x00,0x00,0x00,0x00,0x80,0x82,0x00 ; COM BD80
    db 0x00,0x00,0x00,0x00,0x03,0x0C,0xC3,0x32,0x6C,0xC3,0x3C,0x93,0x33,0x2F,0xFF,0x00 ; COM BD90
    db 0x00,0x00,0x00,0x00,0x00,0x00,0x00,0x00,0x20,0xC0,0x88,0xC8,0xCC,0x82,0x22,0x23 ; COM BDA0
    db 0x00,0x00,0x00,0x00,0x00,0x00,0x00,0x00,0x00,0x00,0x00,0x00,0x00,0x00,0x66,0x66 ; COM BDB0
    db 0x40,0x02,0x00,0x00,0x00,0x00,0x00,0x00,0x00,0x00,0x00,0x00,0x00,0x02,0x00,0x00 ; COM BDC0
    db 0x00,0x00,0x00,0x80,0x02,0x00,0x00,0x00,0x00,0x00,0x00,0x00,0x00,0x00,0x20,0x33 ; COM BDD0
    db 0x6F,0x73,0x39,0xCC,0xC3,0x00,0xCC,0x08,0x0C,0x98,0xCC,0xCC,0x31,0xF8,0x6F,0x80 ; COM BDE0
    db 0x00,0x00,0x00,0x00,0x00,0x00,0x00,0x00,0x08,0x88,0xC8,0x20,0x82,0x30,0x83,0x03 ; COM BDF0
    db 0x00,0x00,0x00,0x00,0x00,0x00,0x00,0x00,0x00,0x00,0x00,0x00,0x00,0x01,0x99,0x98 ; COM BE00
    db 0xC0,0x30,0x00,0x00,0x00,0x00,0x00,0x00,0x00,0x00,0x00,0x00,0x08,0x41,0x21,0x00 ; COM BE10
    db 0x00,0x08,0x00,0x00,0x00,0x00,0x00,0x00,0x00,0x00,0x00,0x00,0x00,0x00,0x00,0x0B ; COM BE20
    db 0x9B,0xFE,0x7F,0xF9,0x83,0x30,0x32,0x08,0x0C,0x33,0x0C,0x4C,0x93,0x33,0x03,0xF0 ; COM BE30
    db 0x00,0x00,0x00,0x00,0x00,0x00,0x00,0x00,0x00,0x80,0x20,0x00,0x20,0x20,0x20,0x20 ; COM BE40
    db 0x23,0x23,0x02,0x20,0x80,0x00,0x00,0x00,0x00,0x00,0x00,0x00,0x00,0x23,0x99,0x9A ; COM BE50
    db 0x6C,0xFF,0xF0,0xC0,0x33,0x33,0x20,0xC0,0x82,0x00,0x00,0x00,0x00,0x00,0x00,0x00 ; COM BE60
    db 0x00,0x00,0x00,0x00,0x00,0x00,0x00,0x00,0x00,0xC8,0x00,0x00,0x00,0x80,0x22,0x03 ; COM BE70
    db 0x99,0x9F,0x99,0x7D,0xC0,0xD3,0x03,0x0C,0x00,0xCC,0xC0,0xC3,0x30,0x27,0x39,0x9F ; COM BE80
    db 0x00,0x00,0x00,0x00,0x00,0x00,0x00,0x00,0x20,0x30,0x00,0x00,0x00,0x00,0x00,0x00 ; COM BE90
    db 0x00,0x00,0x20,0x00,0x00,0x80,0x00,0x00,0x00,0x00,0x00,0x00,0x00,0x02,0x00,0x00 ; COM BEA0
    db 0x08,0x80,0x00,0x00,0x00,0x00,0x00,0x00,0x00,0x00,0x00,0x00,0x0C,0x30,0x03,0x00 ; COM BEB0
    db 0x00,0x00,0x00,0x03,0x3C,0x00,0x0F,0x30,0x00,0xC2,0x20,0x82,0x08,0x80,0x80,0x00 ; COM BEC0
    db 0x00,0x00,0x00,0x00,0x30,0x93,0x00,0xC0,0x00,0x09,0x82,0x32,0x3C,0xC3,0x36,0x6E ; COM BED0
    db 0xC0,0x00,0x00,0x00,0x00,0x00,0x00,0x00,0x08,0x88,0x8C,0x20,0x88,0xC3,0x23,0x23 ; COM BEE0
    db 0x00,0x00,0x00,0x00,0x00,0x00,0x00,0x00,0x00,0x00,0x00,0x00,0x03,0xCD,0xDF,0xCD ; COM BEF0
    db 0xC0,0x00,0x00,0x20,0x00,0x00,0x00,0x00,0x00,0x00,0x00,0x00,0x03,0x31,0x20,0x21 ; COM BF00
    db 0x01,0x30,0x00,0x03,0x00,0x00,0xCC,0x00,0x00,0x00,0x00,0x00,0x00,0x00,0x88,0x00 ; COM BF10
    db 0x23,0xCD,0x9C,0xCC,0xCC,0x03,0x09,0x00,0x08,0x00,0xC0,0x32,0x33,0x03,0x00,0x00 ; COM BF20
    db 0x00,0x22,0x22,0x28,0x88,0x88,0xA2,0x22,0x02,0x02,0x00,0x00,0x20,0x02,0x08,0x20 ; COM BF30
    db 0x00,0x00,0x00,0x00,0x00,0x00,0x00,0x00,0x00,0x00,0x00,0x00,0x00,0x00,0x00,0x00 ; COM BF40
    db 0x00,0x00,0x00,0x00,0x00,0x00,0x00,0x00,0x00,0x00,0x00,0x00,0x00,0x00,0x00,0x00 ; COM BF50
    db 0x00,0x00,0x00,0x00,0x00,0x00,0x00,0x00,0x00,0x00,0x00,0x00,0x00,0x00,0x00,0x00 ; COM BF60
    db 0x00,0x00,0x00,0x00,0x00,0x00,0x00,0x00,0x00,0x00,0x00,0x00,0x00,0x00,0x00,0x00 ; COM BF70
    db 0x00,0x00,0x00,0x00,0x00,0x00,0x00,0x00,0x00,0x00,0x00,0x00,0x00,0x00,0x00,0x00 ; COM BF80
    db 0x00,0x00,0x00,0x00,0x00,0x00,0x00,0x00,0x00,0x00,0x00,0x00,0x00,0x00,0x00,0x00 ; COM BF90
    db 0x00,0x00,0x00,0x00,0x00,0x00,0x00,0x00,0x00,0x00,0x00,0x00,0x00,0x00,0x00,0x00 ; COM BFA0
    db 0x00,0x00,0x00,0x00,0x00,0x00,0x00,0x00,0x00,0x00,0x00,0x00,0x00,0x00,0x00,0x00 ; COM BFB0
    db 0x00,0x00,0x00,0x00,0x00,0x00,0x00,0x00,0x00,0x00,0x00,0x00,0x00,0x00,0x00,0x00 ; COM BFC0
    db 0x00,0x00,0x00,0x00,0x00,0x00,0x00,0x00,0x00,0x00,0x00,0x00,0x00,0x00,0x00,0x00 ; COM BFD0
    db 0x00,0x00,0x00,0x00,0x00,0x00,0x00,0x00,0x00,0x00,0x00,0x00,0x00,0x00,0x00,0x00 ; COM BFE0
    db 0x00,0x00,0x00,0x00,0x00,0x00,0x00,0x00,0x00,0x00,0x00,0x00,0x00,0x00,0x00,0x00 ; COM BFF0
    db 0x66,0x66,0x66,0x67,0x32,0x42,0x00,0x00,0x00,0x00,0x00,0x00,0x00,0x00,0x00,0x00 ; COM C000
    db 0x22,0x22,0x22,0x22,0x22,0x22,0x22,0x22,0x22,0x22,0x22,0x22,0x0C,0xC0,0xC3,0x0C ; COM C010
    db 0xCC,0x02,0x08,0x00,0xC3,0x0C,0x30,0x00,0x00,0x88,0x88,0x88,0x88,0x88,0x88,0x88 ; COM C020
    db 0x88,0x88,0x22,0x22,0x00,0xC0,0x88,0x80,0xC8,0x0C,0x88,0x88,0x88,0x88,0x08,0x88 ; COM C030
    db 0x88,0x88,0x88,0x88,0x88,0x88,0x88,0x88,0x88,0x88,0x88,0x88,0x88,0x88,0x88,0x88 ; COM C040
    db 0xCC,0xCC,0xCC,0x66,0x71,0x22,0x08,0xC8,0x00,0x00,0x00,0x00,0x00,0x00,0xCC,0xC8 ; COM C050
    db 0x88,0x20,0x88,0x20,0x88,0x88,0x22,0x22,0x22,0x22,0x23,0x22,0x00,0x00,0x00,0x00 ; COM C060
    db 0x00,0x00,0x03,0x32,0xFF,0xFF,0xF3,0x20,0x00,0x23,0x32,0x22,0x22,0x22,0x08,0x20 ; COM C070
    db 0x82,0x00,0x00,0x88,0x80,0x02,0x30,0x82,0x08,0x08,0x20,0x30,0x33,0x00,0x00,0x00 ; COM C080
    db 0x00,0x00,0x00,0x00,0x00,0x00,0x00,0x00,0x20,0x20,0x08,0x20,0x20,0x02,0x00,0x00 ; COM C090
    db 0x99,0x99,0x99,0xCC,0x98,0x48,0x00,0x00,0x00,0x00,0x00,0x00,0x00,0x00,0x00,0x00 ; COM C0A0
    db 0x00,0x02,0x08,0x00,0x20,0x20,0x00,0x00,0x02,0x00,0x08,0x00,0x80,0x00,0x00,0x00 ; COM C0B0
    db 0x00,0x3F,0xFF,0xFF,0xFF,0xFF,0xFF,0xFF,0xF0,0x00,0x00,0x00,0x00,0x00,0x00,0x00 ; COM C0C0
    db 0x00,0x00,0x00,0x00,0x00,0x00,0x00,0x00,0x00,0x00,0x00,0x00,0x00,0x00,0x08,0x88 ; COM C0D0
    db 0x88,0x88,0x88,0x88,0x88,0x88,0x88,0x88,0x80,0x00,0x00,0x00,0x00,0x00,0x00,0x00 ; COM C0E0
    db 0x31,0x8C,0x8C,0x66,0x31,0x22,0x10,0x80,0x00,0x00,0x00,0x00,0x00,0x00,0x22,0x08 ; COM C0F0
    db 0x22,0x22,0x20,0x88,0x88,0x88,0x88,0x8A,0x22,0x28,0xA2,0x22,0x2A,0xAA,0x9A,0x7C ; COM C100
    db 0x00,0x00,0x00,0x00,0x00,0x00,0x00,0x00,0x3F,0xF6,0x00,0x00,0x00,0x00,0x00,0x00 ; COM C110
    db 0x00,0x00,0x00,0x00,0x00,0x08,0x0C,0x20,0x82,0x08,0x08,0x03,0x20,0x00,0x02,0x03 ; COM C120
    db 0x02,0x30,0x0C,0x88,0x88,0x88,0x88,0x88,0x80,0x00,0x00,0x00,0x00,0x00,0x00,0x00 ; COM C130
    db 0x93,0x18,0x99,0x33,0x18,0x48,0x00,0x00,0x00,0x00,0x00,0x00,0x00,0x00,0x00,0x00 ; COM C140
    db 0x08,0x20,0x20,0x08,0x20,0x20,0x08,0x20,0x80,0x20,0x00,0x20,0x80,0x00,0x02,0xFF ; COM C150
    db 0xFF,0xFE,0xEF,0xEF,0xBF,0xFF,0xFF,0xFF,0xFF,0xFF,0xF6,0x00,0x00,0x00,0x00,0x00 ; COM C160
    db 0x00,0x00,0x00,0x00,0x00,0x00,0x00,0x00,0x00,0x00,0x00,0x00,0x00,0x00,0x22,0x00 ; COM C170
    db 0x20,0x82,0x22,0x20,0x88,0x20,0x80,0x20,0x20,0x00,0x02,0x00,0x80,0x00,0x00,0x00 ; COM C180
    db 0x66,0x46,0xC9,0x99,0x99,0x20,0x00,0x00,0x00,0x00,0x00,0x00,0x00,0x00,0x00,0x00 ; COM C190
    db 0x08,0x88,0x88,0x88,0x88,0x88,0x88,0x88,0xC8,0x88,0x88,0x88,0x80,0x00,0xFF,0xFF ; COM C1A0
    db 0xFF,0xCF,0xFF,0x3F,0xFF,0xFF,0xFF,0xFF,0xFF,0xFF,0xFF,0xF0,0x00,0x00,0x00,0x00 ; COM C1B0
    db 0x00,0x00,0x00,0x00,0x00,0x00,0x00,0x00,0x80,0x00,0x00,0x08,0x00,0x00,0x08,0x20 ; COM C1C0
    db 0x82,0x00,0x20,0x00,0x00,0x00,0x02,0x00,0x80,0x00,0x08,0x00,0x00,0x00,0x00,0x00 ; COM C1D0
    db 0xC6,0x61,0x98,0xCC,0xC4,0x88,0x20,0x80,0x00,0x00,0x00,0x00,0x00,0x00,0x00,0x00 ; COM C1E0
    db 0x00,0x00,0x00,0x00,0x00,0x00,0x00,0x00,0x00,0x00,0x00,0x00,0x19,0xB0,0x03,0x33 ; COM C1F0
    db 0xEF,0xCF,0xFF,0xFF,0xFC,0xC0,0x00,0x00,0x3F,0xFF,0xFF,0xFF,0x00,0x00,0x00,0x00 ; COM C200
    db 0x00,0x00,0x00,0x00,0x00,0x00,0x00,0x00,0x00,0x00,0x00,0x00,0x00,0x00,0x08,0x00 ; COM C210
    db 0x00,0x00,0x00,0x00,0x00,0x00,0x00,0x00,0x00,0x00,0x00,0x00,0x00,0x00,0x00,0x00 ; COM C220
    db 0x4C,0x66,0x26,0x66,0x66,0x22,0x00,0x00,0x00,0x00,0x00,0x00,0x00,0x00,0x00,0x00 ; COM C230
    db 0x02,0x08,0x22,0x22,0x22,0x22,0x22,0x22,0x22,0x22,0x22,0x00,0x03,0xF0,0x00,0x00 ; COM C240
    db 0x00,0xC0,0xC0,0xCC,0x33,0x0C,0xCC,0xCF,0x00,0x00,0x00,0x00,0x00,0x26,0xAA,0xAA ; COM C250
    db 0xAA,0xA6,0x9A,0xAA,0x88,0x0C,0x00,0x30,0x80,0x08,0x08,0x80,0x22,0x00,0x00,0x00 ; COM C260
    db 0x00,0x00,0x00,0x00,0x00,0x00,0x00,0x00,0x00,0x00,0x00,0x00,0x00,0x00,0x00,0x00 ; COM C270
    db 0x66,0x31,0x86,0x4C,0xCC,0x42,0x04,0x00,0x80,0x00,0x00,0x20,0x00,0x20,0x20,0x80 ; COM C280
    db 0x00,0x00,0x00,0x00,0x00,0x00,0x00,0x00,0x00,0x00,0x00,0x0F,0xFC,0x80,0x03,0x30 ; COM C290
    db 0x20,0xCC,0x33,0x23,0x23,0x33,0x33,0x33,0x3F,0xFF,0xFF,0xFF,0xFF,0xFC,0x00,0xC0 ; COM C2A0
    db 0x02,0x00,0x00,0x00,0x00,0x00,0x00,0x00,0x00,0x00,0x00,0x00,0x00,0x00,0x08,0x8A ; COM C2B0
    db 0x22,0x28,0x88,0x88,0x88,0x88,0x88,0x88,0x80,0x00,0x00,0x00,0x20,0x00,0x00,0x00 ; COM C2C0
    db 0xC6,0x64,0xCC,0x66,0x66,0x13,0x00,0x00,0x00,0x00,0x00,0x00,0x00,0x00,0x00,0x00 ; COM C2D0
    db 0x19,0xAA,0xAA,0xAA,0xAA,0xAA,0xAA,0xAA,0xAA,0xAA,0xA6,0x00,0x00,0x0C,0x00,0x30 ; COM C2E0
    db 0x30,0xC0,0xCC,0x0C,0xCC,0xCC,0xCC,0x3C,0x3F,0xFF,0xFF,0xFF,0xFF,0xFF,0x80,0x00 ; COM C2F0
    db 0x00,0x00,0x00,0x00,0x00,0x00,0x00,0x00,0x00,0x00,0x00,0x80,0x00,0x00,0x00,0x00 ; COM C300
    db 0x00,0x00,0x00,0x00,0x00,0x00,0x00,0x00,0x00,0x00,0x00,0x00,0x80,0x02,0x02,0x00 ; COM C310
    db 0x33,0x19,0x9B,0x33,0x31,0x22,0x00,0x00,0x00,0x00,0x00,0x00,0x00,0x00,0x00,0x00 ; COM C320
    db 0x00,0x00,0x00,0x00,0x00,0x00,0x00,0x00,0x00,0x00,0x3F,0xFF,0xC0,0x23,0x00,0x00 ; COM C330
    db 0x00,0x0C,0x08,0x0C,0xCC,0xC3,0x30,0xCF,0x00,0x00,0x00,0x00,0x00,0x00,0x09,0x9A ; COM C340
    db 0x6B,0xAA,0xA9,0xA9,0x80,0x00,0x00,0x00,0x00,0x00,0x00,0x00,0x00,0x00,0x00,0x00 ; COM C350
    db 0x00,0x00,0x00,0x00,0x00,0x00,0x00,0x00,0x00,0x80,0x80,0x00,0x00,0x88,0x00,0x00 ; COM C360
    db 0x66,0x4C,0xCC,0x99,0x98,0x48,0x83,0x00,0x00,0x00,0x00,0x00,0x00,0x00,0x30,0x00 ; COM C370
    db 0x80,0x00,0x00,0x00,0x00,0x00,0x00,0x00,0x20,0x03,0xFF,0xFF,0xCC,0x83,0x22,0x30 ; COM C380
    db 0xC2,0x0C,0xC2,0x33,0x33,0x23,0x23,0xF3,0x3F,0xFF,0xFF,0xFF,0xFF,0xFF,0xFF,0x00 ; COM C390
    db 0x00,0x00,0x00,0x00,0x0C,0xA3,0x23,0x8C,0xA2,0xE8,0xA2,0x8A,0x22,0x22,0xC0,0x00 ; COM C3A0
    db 0x00,0x00,0x00,0x00,0x00,0x00,0x00,0x00,0x02,0x00,0x00,0x80,0x08,0x00,0x00,0x00 ; COM C3B0
    db 0x33,0x26,0x66,0x64,0xC6,0x12,0x00,0x00,0x00,0x00,0x00,0x00,0x00,0x00,0x00,0x00 ; COM C3C0
    db 0x00,0x00,0x00,0x00,0x00,0x00,0x00,0x00,0x00,0x2F,0xFF,0xFF,0xEE,0x32,0x33,0x23 ; COM C3D0
    db 0xCB,0x20,0x20,0xC2,0x00,0x8C,0x8C,0x08,0xFF,0xFF,0xFF,0xFF,0xFF,0xFF,0xFF,0xC0 ; COM C3E0
    db 0x00,0x00,0x00,0x00,0x00,0x00,0x00,0x00,0x00,0x00,0x00,0x00,0x00,0x00,0x00,0x00 ; COM C3F0
    db 0x00,0x00,0x00,0x00,0x00,0x00,0x00,0x00,0x00,0x00,0x02,0x00,0x00,0x00,0x00,0x00 ; COM C400
    db 0xB1,0x98,0xCC,0xC4,0xCC,0x8C,0x04,0x00,0x00,0x00,0x00,0x00,0x00,0x00,0x00,0x00 ; COM C410
    db 0x80,0x00,0x00,0x00,0x00,0x00,0x00,0x00,0x00,0x3F,0xFF,0xFF,0xC0,0xC0,0x00,0x00 ; COM C420
    db 0x00,0xC0,0xCC,0xC3,0x03,0x30,0x30,0xCC,0x3F,0xFF,0xFF,0xFF,0xFF,0xFF,0xFF,0xF4 ; COM C430
    db 0x00,0x00,0x00,0x00,0x00,0x00,0x00,0x00,0x00,0x00,0x00,0x00,0x00,0x00,0x00,0x00 ; COM C440
    db 0x08,0x00,0x00,0x02,0x00,0x80,0x00,0x00,0x80,0x00,0x00,0x00,0x00,0x00,0x02,0x00 ; COM C450
    db 0xA4,0x87,0x31,0x99,0x93,0x23,0x22,0x00,0x00,0x00,0x00,0x00,0x00,0x00,0x00,0x08 ; COM C460
    db 0x2E,0xAE,0xBA,0xEB,0xAE,0xBA,0xEB,0xAE,0x6C,0x00,0x00,0x33,0x08,0x30,0x80,0x00 ; COM C470
    db 0x80,0x0C,0x00,0xC8,0x00,0xCC,0x0C,0xCC,0x3F,0xFF,0xFF,0xFF,0xFF,0xFF,0xFF,0xFE ; COM C480
    db 0x00,0x00,0x00,0x00,0x00,0x00,0x00,0x00,0x20,0x00,0x00,0x00,0x00,0x00,0x00,0x00 ; COM C490
    db 0x08,0x00,0x00,0x02,0x00,0x00,0x00,0x00,0x20,0x80,0xC3,0x08,0x32,0x0C,0x20,0x80 ; COM C4A0
    db 0x89,0x86,0x64,0x93,0x26,0x13,0x00,0x00,0x00,0x00,0x00,0x00,0x00,0x00,0x00,0x00 ; COM C4B0
    db 0x00,0x00,0x00,0x00,0x00,0x00,0x00,0x00,0x0F,0xFF,0xFF,0xFF,0xF3,0x30,0xC3,0x0C ; COM C4C0
    db 0xCC,0x30,0x03,0x0C,0x30,0x03,0x0C,0x33,0xFF,0xFF,0xFF,0xFF,0xFF,0xFF,0xFF,0xFF ; COM C4D0
    db 0xE0,0x00,0x00,0x00,0x00,0x00,0x00,0x00,0x00,0x00,0x00,0x00,0x00,0x00,0x00,0x00 ; COM C4E0
    db 0x00,0x00,0x00,0x00,0x00,0x00,0x00,0x00,0x03,0x22,0x22,0x22,0x23,0x22,0x32,0x32 ; COM C4F0
    db 0x32,0x4C,0x49,0x86,0x48,0x48,0x4C,0x03,0x0C,0x00,0x00,0xC0,0xC0,0x00,0x0C,0x0C ; COM C500
    db 0x80,0x00,0x00,0x00,0x00,0x00,0x00,0x00,0x1F,0xFE,0xFB,0xBB,0x80,0x00,0x00,0x00 ; COM C510
    db 0x00,0x0C,0x00,0x03,0x00,0x03,0x00,0x00,0xFF,0xFF,0xFF,0xFF,0xFF,0xFF,0xFF,0xFF ; COM C520
    db 0xFC,0x00,0x00,0x00,0x00,0x00,0x00,0x08,0x00,0x00,0x00,0x00,0x00,0x00,0x08,0x88 ; COM C530
    db 0x88,0x88,0x88,0x88,0x88,0x88,0x88,0x88,0x80,0x20,0x82,0x08,0x00,0x80,0x08,0x08 ; COM C540
    db 0xCC,0x66,0x48,0x64,0x61,0x84,0x00,0x00,0x00,0x00,0x00,0x00,0x00,0x00,0x00,0x00 ; COM C550
    db 0x00,0x00,0x00,0x00,0x00,0x00,0x00,0x00,0xFF,0xFF,0xFF,0xFF,0xFF,0xFF,0xFF,0xFF ; COM C560
    db 0xFF,0xFF,0xFF,0xFF,0xFF,0xFF,0xFF,0xFF,0xFF,0xFF,0xFF,0xFF,0xFF,0xFF,0xFF,0xFF ; COM C570
    db 0xFF,0x00,0x00,0x00,0x00,0x00,0x00,0x00,0x00,0x00,0x00,0x00,0x00,0x00,0x08,0x88 ; COM C580
    db 0x20,0x88,0x88,0x20,0x82,0x08,0x08,0x22,0x00,0x00,0x00,0x00,0x00,0x00,0x00,0x00 ; COM C590
    db 0x64,0xCC,0x62,0x4C,0x92,0x48,0x00,0x00,0x00,0x00,0x00,0x00,0x00,0x00,0x00,0x00 ; COM C5A0
    db 0x00,0x00,0x00,0x00,0x00,0x00,0x00,0x03,0xFF,0xFF,0xFF,0xBF,0xF3,0x0C,0xC0,0xCC ; COM C5B0
    db 0x00,0x03,0x33,0x03,0x0C,0xC0,0x00,0x30,0xCC,0xCF,0x33,0x33,0x00,0x00,0x00,0x00 ; COM C5C0
    db 0x00,0x06,0x6A,0xBA,0xC0,0x00,0x00,0x00,0x00,0x00,0x00,0x00,0x00,0x00,0x00,0x02 ; COM C5D0
    db 0x08,0x08,0x00,0x80,0x08,0x00,0x80,0x00,0x80,0x00,0x00,0x00,0x00,0x00,0x00,0x00 ; COM C5E0
    db 0x26,0x66,0x67,0x1B,0x24,0x48,0x8C,0xC3,0x00,0x00,0x00,0x00,0x00,0x00,0x30,0xC8 ; COM C5F0
    db 0x80,0x00,0x00,0x00,0x00,0x00,0x00,0x0F,0xFF,0xFF,0xFB,0xFF,0xC0,0x00,0x03,0x00 ; COM C600
    db 0x33,0x33,0x00,0x30,0x00,0x0C,0xCC,0x0C,0x3B,0xBE,0xFB,0xEF,0xBF,0xFF,0xFF,0xEE ; COM C610
    db 0xBB,0xD0,0x00,0x00,0x00,0x00,0x00,0x00,0x00,0x00,0x00,0x00,0x00,0x00,0x00,0x22 ; COM C620
    db 0x00,0x08,0x00,0x80,0x08,0x00,0x80,0x08,0x82,0x30,0x8E,0x30,0x8C,0x30,0x82,0x20 ; COM C630
    db 0xCC,0xCC,0x92,0x64,0x73,0x22,0x00,0x10,0x00,0x02,0x00,0x00,0x00,0x00,0x01,0x00 ; COM C640
    db 0x80,0x00,0x00,0x00,0x00,0x00,0x00,0x0F,0xFF,0xFF,0xCC,0xCC,0xCC,0xC3,0x30,0x33 ; COM C650
    db 0x30,0x03,0x0C,0xC3,0x0C,0xC0,0x00,0x00,0xFF,0xFF,0xFF,0xFF,0xFF,0xFF,0xFF,0xFF ; COM C660
    db 0xFF,0xFC,0x00,0x00,0x00,0x00,0x00,0x00,0x00,0x00,0x00,0x00,0x00,0x00,0x08,0x82 ; COM C670
    db 0x02,0x20,0x88,0x88,0x82,0x22,0x08,0x00,0x20,0x88,0x82,0x22,0x22,0x22,0x32,0x0C ; COM C680
    db 0x33,0x1C,0x93,0x18,0xC9,0x8C,0x30,0x20,0x00,0x00,0x00,0x00,0x00,0x00,0x02,0x00 ; COM C690
    db 0x2A,0xAA,0xAA,0xAA,0xAA,0xAA,0xA7,0xC0,0x00,0x00,0x0C,0x30,0x30,0x00,0x00,0x0C ; COM C6A0
    db 0x0C,0x30,0x30,0x00,0x30,0x03,0x33,0x33,0xBF,0xFF,0xFF,0xFF,0xFF,0xFF,0xFF,0xFF ; COM C6B0
    db 0xFB,0xFF,0x00,0x00,0x00,0x00,0x00,0x00,0x00,0x00,0x00,0x00,0x00,0x00,0x00,0x00 ; COM C6C0
    db 0x00,0x00,0x00,0x00,0x00,0x00,0x00,0x00,0x08,0x83,0x22,0x20,0xC8,0xC2,0x08,0x88 ; COM C6D0
    db 0x66,0x63,0x1B,0x32,0x64,0x84,0x00,0x00,0x00,0x00,0x00,0x00,0x00,0x00,0x00,0x00 ; COM C6E0
    db 0x00,0x00,0x00,0x00,0x00,0x00,0x00,0xFF,0xFF,0xFF,0xFF,0xFF,0xC0,0x00,0x33,0x33 ; COM C6F0
    db 0x30,0x03,0x00,0x33,0x0C,0x30,0x00,0x00,0x3F,0xFF,0xFF,0xFF,0xFF,0xFF,0xFF,0xFF ; COM C700
    db 0xFF,0xFF,0x80,0x00,0x22,0x22,0xCB,0x8E,0x8A,0x28,0x8A,0x22,0x22,0x22,0x80,0x00 ; COM C710
    db 0x00,0x00,0x00,0x00,0x00,0x00,0x00,0x00,0x03,0x22,0x0C,0x20,0x08,0x23,0x22,0x08 ; COM C720
    db 0x32,0x66,0x66,0x66,0x31,0x88,0x00,0x00,0x00,0x00,0x00,0x00,0x00,0x00,0x00,0x00 ; COM C730
    db 0x00,0x00,0x00,0x00,0x00,0x00,0x01,0xFF,0xFF,0xFF,0xFF,0xFB,0xCC,0x30,0xC0,0x00 ; COM C740
    db 0x03,0x30,0xCC,0xC0,0x00,0x00,0xCC,0xCC,0xF3,0x33,0xFF,0xCC,0xC0,0x00,0x00,0x00 ; COM C750
    db 0x00,0x00,0x39,0xBB,0xA0,0x02,0x00,0x00,0x00,0x00,0x08,0x08,0x82,0x20,0x80,0x00 ; COM C760
    db 0x00,0x00,0x00,0x00,0x00,0x00,0x00,0x00,0x02,0x22,0x00,0x0C,0x8C,0x08,0x20,0x8C ; COM C770
    db 0x66,0x33,0x32,0x4C,0x66,0x12,0x70,0xC2,0x00,0x00,0x00,0x00,0x00,0x00,0x30,0x00 ; COM C780
    db 0x80,0x00,0x00,0x00,0x00,0x00,0x03,0xFF,0xFF,0xFF,0xBF,0xFF,0xCC,0x03,0x2C,0xEC ; COM C790
    db 0xCE,0xC3,0x00,0x0C,0xCC,0xCC,0x03,0x0C,0xEE,0xEE,0xEF,0xBB,0xAE,0xEE,0xFB,0xBB ; COM C7A0
    db 0xBE,0xEF,0xF0,0x00,0x30,0x88,0x20,0x80,0x20,0x88,0x88,0x20,0x82,0x00,0x80,0x00 ; COM C7B0
    db 0x00,0x00,0x00,0x00,0x00,0x00,0x00,0x00,0x00,0x82,0x02,0x02,0x08,0x08,0x20,0x08 ; COM C7C0
    db 0xCC,0x66,0x62,0x19,0x31,0x12,0x00,0x00,0x00,0x00,0x00,0x00,0x00,0x00,0x00,0x00 ; COM C7D0
    db 0x00,0x00,0x00,0x00,0x00,0x00,0x0B,0xFF,0xBE,0xFF,0xFF,0xFF,0xF0,0x0C,0x00,0x32 ; COM C7E0
    db 0x0C,0x03,0x00,0x00,0x30,0x30,0x00,0xC0,0xBF,0x33,0xCF,0x3C,0xFF,0xFF,0xFF,0xFF ; COM C7F0
    db 0xFF,0xFF,0xF0,0x00,0x00,0x08,0x00,0x00,0x00,0x08,0x20,0x02,0x00,0x02,0x00,0x00 ; COM C800
    db 0x00,0x00,0x00,0x00,0x00,0x00,0x00,0x00,0x00,0x00,0x00,0x00,0x00,0x00,0x00,0x00 ; COM C810
    db 0x99,0x33,0x18,0xC6,0x66,0x48,0x04,0x04,0x00,0x00,0x00,0x00,0x00,0x00,0x00,0x00 ; COM C820
    db 0x80,0x00,0x00,0x00,0x00,0x00,0x0F,0xFF,0xFF,0xFF,0xFF,0xEF,0x80,0xC2,0xEE,0xCC ; COM C830
    db 0xC3,0x38,0xEC,0xEC,0xCC,0xB3,0x33,0x0C,0xFB,0xFE,0xFE,0xFF,0xFB,0xB3,0x00,0x30 ; COM C840
    db 0xC0,0xCC,0x09,0x96,0x80,0x00,0x00,0x00,0x00,0x00,0x00,0x00,0x00,0x00,0x00,0x00 ; COM C850
    db 0x00,0x00,0x00,0x00,0x00,0x00,0x00,0x00,0x00,0x00,0x00,0x00,0x00,0x00,0x00,0x00 ; COM C860
    db 0x32,0x66,0x66,0x6C,0xC8,0x62,0x02,0x08,0x00,0x00,0x00,0x00,0x00,0x00,0x08,0x00 ; COM C870
    db 0x2E,0xBA,0xEE,0xBA,0xBA,0xE9,0xB0,0x00,0x00,0x00,0x0C,0xCF,0x00,0x80,0xCB,0x0B ; COM C880
    db 0xB3,0x38,0xB3,0x3B,0x32,0xE3,0x0C,0x88,0xFF,0xFF,0xFF,0xFF,0xFF,0xFF,0xFF,0xFF ; COM C890
    db 0xFF,0xFF,0xFF,0x00,0x08,0xE2,0xCA,0x22,0x2E,0x22,0x2C,0x88,0x88,0x88,0x80,0x00 ; COM C8A0
    db 0x00,0x00,0x00,0x00,0x00,0x00,0x00,0x00,0x02,0x00,0xC8,0x0C,0x88,0x22,0x30,0x88 ; COM C8B0
    db 0x33,0x24,0xCC,0xC6,0x63,0x08,0xC0,0x00,0x00,0x00,0x00,0x00,0x00,0x00,0x00,0x00 ; COM C8C0
    db 0x00,0x00,0x00,0x00,0x00,0x00,0x3F,0xFF,0xFF,0xFE,0xFF,0xFF,0xC0,0x8C,0xC8,0x0C ; COM C8D0
    db 0xCC,0xCC,0xC0,0x00,0x00,0x0C,0x0B,0x08,0x3F,0xFF,0xFF,0xFF,0xFF,0xFF,0xFF,0xFF ; COM C8E0
    db 0xFF,0xFF,0xFF,0x00,0x00,0x00,0x00,0x00,0x00,0x00,0x00,0x00,0x00,0x00,0x00,0x00 ; COM C8F0
    db 0x00,0x00,0x00,0x00,0x00,0x00,0x00,0x00,0x23,0x22,0x32,0x22,0x23,0x22,0x20,0x8C ; COM C900
    db 0x67,0x24,0x99,0x31,0x8C,0x62,0x00,0x00,0x00,0x00,0x00,0x00,0x00,0x00,0x00,0x00 ; COM C910
    db 0x00,0x00,0x00,0x00,0x00,0x00,0xFF,0xFF,0xFF,0xFB,0xFE,0xEE,0xC2,0x30,0xCC,0x2C ; COM C920
    db 0xCE,0x33,0x82,0x20,0x00,0xC0,0x0C,0x00,0x3B,0xBB,0xBB,0xBB,0xB8,0x8E,0x2E,0xEC ; COM C930
    db 0xC0,0x0C,0xC0,0x99,0x88,0x88,0x88,0x88,0x82,0x22,0x22,0x22,0x22,0x22,0x00,0x00 ; COM C940
    db 0x00,0x00,0x00,0x00,0x00,0x00,0x00,0x00,0x00,0x02,0x00,0x08,0x20,0x20,0x80,0x08 ; COM C950
    db 0x32,0x71,0x86,0x66,0x64,0xC1,0x21,0x20,0x80,0x00,0x00,0x00,0x00,0x00,0x00,0x00 ; COM C960
    db 0x00,0x00,0x00,0x00,0x00,0x00,0xFF,0xFF,0xFF,0xFF,0xFF,0xFF,0xC0,0x00,0x00,0x00 ; COM C970
    db 0x00,0x00,0x00,0x00,0x00,0x30,0xC0,0x0C,0xEE,0xFB,0xFF,0xFB,0xEE,0xEE,0xEF,0xBF ; COM C980
    db 0xBF,0xFB,0xBF,0x60,0x00,0x00,0x00,0x00,0x00,0x00,0x00,0x00,0x00,0x00,0x02,0x02 ; COM C990
    db 0x22,0x00,0x22,0x22,0x22,0x22,0x22,0x20,0x00,0x00,0x00,0x00,0x00,0x00,0x00,0x00 ; COM C9A0
    db 0x98,0x93,0x33,0x13,0x21,0x84,0x00,0x00,0x00,0x00,0x00,0x00,0x00,0x00,0x00,0x00 ; COM C9B0
    db 0x00,0x00,0x00,0x00,0x00,0x00,0xFF,0xFF,0xFF,0xFF,0xFF,0xFF,0xC0,0x00,0x08,0x20 ; COM C9C0
    db 0xC8,0x20,0xC8,0x80,0x00,0x30,0x00,0x00,0xFF,0xFF,0xFF,0xFF,0xFF,0xFF,0xFF,0xFF ; COM C9D0
    db 0xFF,0xFF,0xFF,0xF0,0x08,0x88,0x8A,0x22,0x22,0x22,0x22,0x22,0x08,0x88,0x8C,0x8C ; COM C9E0
    db 0x8C,0x8C,0x22,0x22,0x08,0x20,0x82,0x08,0x80,0x00,0x00,0x00,0x00,0x00,0x00,0x00 ; COM C9F0
    db 0x66,0x19,0x99,0x93,0x26,0x12,0x00,0x00,0x00,0x00,0x00,0x00,0x00,0x00,0x00,0x00 ; COM CA00
    db 0x2B,0xAE,0xBA,0xE9,0xBA,0x67,0x00,0x00,0x00,0x3F,0x3C,0xFF,0xC0,0x00,0x00,0x00 ; COM CA10
    db 0x00,0x00,0x00,0x0C,0x00,0x00,0x00,0x30,0xEF,0xFF,0xBE,0xFB,0xFF,0xFF,0xBF,0xEE ; COM CA20
    db 0xFB,0xBB,0xEE,0x60,0x20,0x82,0x20,0x88,0x88,0x88,0x88,0x88,0x88,0x88,0x22,0x02 ; COM CA30
    db 0x08,0xC8,0x8C,0x30,0x88,0xC8,0x88,0x88,0xC0,0x08,0x82,0x38,0xC8,0xCA,0x0C,0x8C ; COM CA40
    db 0xC3,0x18,0x4C,0x24,0xC6,0x12,0x33,0x33,0x30,0x00,0x00,0x00,0x00,0x00,0x33,0x22 ; COM CA50
    db 0x00,0x00,0x00,0x00,0x00,0x03,0xFF,0xFF,0xFF,0xFF,0xFF,0xFF,0xFF,0xFF,0xFF,0xFF ; COM CA60
    db 0xFF,0xFF,0xFF,0xFF,0xFF,0xFF,0xFF,0xFF,0xFF,0xFF,0xFF,0xFF,0xFF,0xFF,0xFF,0xFF ; COM CA70
    db 0xFF,0xFF,0xFF,0xF0,0x00,0x00,0x00,0x00,0x00,0x00,0x00,0x00,0x00,0x00,0x08,0xC8 ; COM CA80
    db 0xC0,0x20,0xC8,0x88,0xC8,0x20,0xC2,0x0C,0x22,0x8C,0x8C,0x82,0x08,0x8C,0x22,0x08 ; COM CA90
    db 0xD9,0xCD,0x99,0x99,0x98,0x48,0x40,0x00,0x00,0x00,0x00,0x00,0x00,0x00,0x00,0x00 ; COM CAA0
    db 0x00,0x00,0x00,0x00,0x20,0x0B,0xFF,0xFF,0xFF,0xFF,0xFF,0xFF,0xC0,0x00,0x00,0x00 ; COM CAB0
    db 0x00,0x00,0x00,0x00,0x03,0x33,0x30,0x00,0x3E,0xEE,0xEE,0xFF,0xEF,0xBE,0xFF,0xFF ; COM CAC0
    db 0xFF,0xFF,0xBF,0xA0,0x20,0x00,0x00,0x80,0x00,0x00,0x80,0x00,0x00,0x00,0x23,0x20 ; COM CAD0
    db 0x8C,0x02,0x20,0x08,0x20,0x20,0x8C,0x88,0x8C,0x82,0x08,0x22,0x23,0x22,0x20,0x88 ; COM CAE0
    db 0xFF,0x77,0xBD,0xDB,0x31,0x84,0x00,0x00,0x00,0x00,0x00,0x00,0x00,0x00,0x00,0x00 ; COM CAF0
    db 0x00,0x00,0x00,0x00,0x00,0x03,0xFF,0xFF,0xEF,0xFF,0xFF,0xFF,0xFF,0xFF,0x0F,0xFF ; COM CB00
    db 0xFF,0xFF,0xFF,0xFF,0xFF,0xFF,0xFF,0xFF,0xFF,0xFF,0xFF,0xFF,0xFF,0xFF,0xFF,0xFF ; COM CB10
    db 0xFF,0xFF,0xFF,0x00,0x00,0x00,0x00,0x00,0x00,0x00,0x00,0x00,0x00,0x00,0x02,0x00 ; COM CB20
    db 0x88,0xC0,0x8C,0x30,0x0C,0x8C,0x88,0x20,0x83,0x08,0x88,0xC8,0x20,0x82,0x02,0x0C ; COM CB30
    db 0xB3,0xB6,0xCF,0xCE,0xFF,0x33,0x00,0xCC,0xC0,0x00,0x00,0x00,0x00,0x00,0xC8,0xC8 ; COM CB40
    db 0x80,0x00,0x00,0x00,0x00,0x03,0xFF,0xFF,0xFF,0xFF,0xFF,0xEF,0xC8,0x08,0xC0,0x22 ; COM CB50
    db 0x23,0x82,0xC8,0x30,0x00,0x20,0x00,0x08,0xEF,0xBF,0xFF,0xFF,0xFF,0xFF,0xFF,0xEE ; COM CB60
    db 0xEF,0xFE,0xFE,0x80,0x00,0x00,0x00,0x00,0x00,0x00,0x00,0x00,0x00,0x00,0x03,0x03 ; COM CB70
    db 0x30,0x88,0xC8,0x22,0x20,0x82,0x20,0x23,0x08,0x00,0x08,0x20,0x02,0x08,0x00,0x00 ; COM CB80
    db 0xF9,0xFF,0xFF,0xF3,0xCF,0xFF,0xC0,0x00,0x00,0x00,0x00,0x00,0x00,0x00,0x00,0x00 ; COM CB90
    db 0x2B,0xAE,0xA6,0x7C,0x00,0x38,0x00,0x00,0x00,0x33,0x33,0xFF,0x0C,0x00,0x88,0x88 ; COM CBA0
    db 0x8A,0x22,0x30,0x38,0x08,0x80,0x00,0x03,0xBF,0xFF,0xFF,0xFF,0xFF,0xFF,0xFF,0xFF ; COM CBB0
    db 0xFF,0xFF,0xFF,0x00,0x00,0x00,0x00,0x00,0x00,0x00,0x00,0x00,0x00,0x00,0x08,0x88 ; COM CBC0
    db 0x00,0x00,0x08,0x20,0x82,0x08,0x02,0x02,0x00,0x00,0x00,0x00,0x00,0x00,0x00,0x00 ; COM CBD0
    db 0xF3,0xFF,0xFF,0xFF,0xFF,0xFF,0xDF,0xE0,0x00,0x00,0x00,0x00,0x00,0x00,0x08,0x20 ; COM CBE0
    db 0x00,0x00,0x00,0x3F,0xFF,0xFC,0xFF,0xFF,0xFF,0xFF,0xF3,0xFF,0xF8,0x02,0xEB,0xB9 ; COM CBF0
    db 0x99,0x99,0xAA,0xEB,0xBE,0xEE,0xEE,0xEE,0xEE,0xEE,0xEE,0xEE,0xEE,0xEE,0xFB,0xFF ; COM CC00
    db 0xFF,0xEF,0xFE,0x00,0x02,0x30,0x20,0x20,0x08,0x8C,0x80,0x22,0x22,0x20,0x00,0x00 ; COM CC10
    db 0x00,0x00,0x00,0x00,0x00,0x00,0x00,0x00,0x00,0x08,0x00,0x00,0x00,0x00,0x00,0x00 ; COM CC20
    db 0xFF,0xFF,0xFF,0xFF,0xFF,0xFF,0xDF,0xFE,0x00,0x00,0x00,0x00,0x00,0x00,0x00,0x00 ; COM CC30
    db 0x00,0x00,0x00,0xFE,0x2B,0xFF,0xFB,0xFF,0xFF,0xFF,0xFF,0xFF,0xFF,0xF8,0xAC,0x00 ; COM CC40
    db 0x00,0x00,0x02,0x0E,0x2A,0xAE,0xEB,0xBB,0xBF,0xFF,0xFF,0xFF,0xFF,0xFF,0xFF,0xFF ; COM CC50
    db 0xFF,0xFF,0xFE,0x00,0x08,0x00,0x00,0x00,0x00,0x20,0x02,0x08,0x20,0x80,0x00,0x00 ; COM CC60
    db 0x00,0x00,0x00,0x00,0x00,0x00,0x00,0x00,0x23,0x23,0x02,0x20,0x8C,0x88,0x32,0x20 ; COM CC70
    db 0xFF,0xFF,0xFF,0xFF,0xDD,0xF9,0xB6,0xCF,0xC0,0x00,0x00,0x00,0x00,0x00,0x00,0x00 ; COM CC80
    db 0x00,0x00,0x00,0xB8,0x02,0xEF,0xFE,0xEF,0xFF,0xFF,0xFF,0xFF,0xEF,0xAA,0xAA,0x20 ; COM CC90
    db 0x00,0x00,0x08,0x8A,0xBA,0xAB,0xAE,0xEE,0xBF,0xFF,0xFF,0xFF,0xFF,0xFF,0xFF,0xFF ; COM CCA0
    db 0xFF,0xFF,0xF0,0x00,0x00,0x00,0x00,0x00,0x00,0x00,0x00,0x00,0x00,0x00,0x20,0x8C ; COM CCB0
    db 0x30,0xC2,0x23,0x08,0x82,0x28,0xA2,0x88,0x88,0x82,0x23,0x23,0x22,0x22,0x22,0x08 ; COM CCC0
    db 0xFF,0xFF,0x77,0x33,0x1C,0xCC,0xCC,0xD9,0xDF,0x00,0x00,0x00,0x00,0x00,0x02,0x02 ; COM CCD0
    db 0x00,0x00,0x00,0xA8,0x80,0x2A,0xAE,0x9A,0xFF,0xFF,0xFB,0xEE,0xFE,0x6B,0x20,0x00 ; COM CCE0
    db 0x80,0x00,0x00,0x00,0x9A,0x6A,0xAA,0xEA,0xBF,0xFF,0x33,0xFF,0xFF,0xFC,0xFF,0xFF ; COM CCF0
    db 0xFF,0xFF,0xF0,0x00,0x00,0x00,0x00,0x00,0x00,0x00,0x00,0x00,0x00,0x00,0x08,0x88 ; COM CD00
    db 0x88,0x88,0x82,0x22,0x22,0x08,0x20,0x82,0x08,0x08,0x20,0x08,0x00,0x00,0x20,0x20 ; COM CD10
    db 0xFD,0xF2,0xCC,0xDC,0xCC,0xC9,0xB3,0x33,0xEE,0xC0,0x00,0x00,0x00,0x00,0x00,0x00 ; COM CD20
    db 0x19,0x99,0x96,0xFE,0xAF,0xAF,0xFC,0xFF,0x00,0x00,0x00,0xC0,0x3E,0x00,0x00,0x00 ; COM CD30
    db 0x00,0x00,0x00,0x00,0x00,0x03,0x0C,0xF3,0x3F,0xFF,0xC3,0xFF,0xFF,0xFF,0xCC,0x0C ; COM CD40
    db 0x33,0xFF,0xFF,0xFC,0x00,0x00,0x00,0x00,0x00,0x00,0x00,0x00,0x00,0x00,0x00,0x00 ; COM CD50
    db 0x00,0x00,0x00,0x00,0x00,0x00,0x00,0x00,0x80,0x00,0x00,0x00,0x00,0x00,0x00,0x00 ; COM CD60
    db 0x99,0x99,0x99,0x99,0xA4,0x99,0x80,0x00,0x00,0x00,0x00,0x00,0x00,0x00,0x00,0x00 ; COM CD70
    db 0x1A,0x66,0x66,0x0E,0xFF,0xFB,0xFF,0xFC,0x00,0x00,0x00,0x00,0x2E,0x00,0x00,0x33 ; COM CD80
    db 0xFF,0xF3,0x00,0x00,0x00,0x08,0xFF,0xFF,0xEE,0xEE,0xEE,0xEA,0x88,0x00,0x00,0x00 ; COM CD90
    db 0x00,0x2E,0xEF,0xFC,0x03,0x28,0x8A,0x08,0xA2,0x22,0x28,0x88,0x88,0x88,0x80,0x00 ; COM CDA0
    db 0x00,0x00,0x00,0x00,0x00,0x00,0x00,0x00,0x80,0x00,0x00,0x00,0x00,0x00,0x00,0x00 ; COM CDB0
    db 0xFF,0xDF,0xDC,0xCF,0x93,0xF7,0xC0,0x00,0x00,0x00,0x00,0x00,0x00,0x00,0x20,0x88 ; COM CDC0
    db 0x80,0x00,0x00,0xF0,0x3F,0x0C,0x00,0x0F,0xFF,0xFF,0xFF,0xFF,0xC0,0x00,0x00,0x3F ; COM CDD0
    db 0xFF,0xFF,0xFF,0xFC,0x00,0x00,0x80,0xF3,0x3F,0xFF,0xFF,0xFF,0xEE,0x66,0x9B,0x9A ; COM CDE0
    db 0x6D,0xBF,0x00,0x09,0x80,0x00,0x00,0x00,0x00,0x00,0x00,0x00,0x00,0x00,0x20,0x30 ; COM CDF0
    db 0xC8,0xE2,0xC8,0x82,0x20,0x88,0x88,0x8E,0x00,0x00,0x00,0x00,0x20,0x20,0x00,0x00 ; COM CE00
    db 0x6C,0x88,0x8E,0x20,0xC9,0xB2,0x19,0x99,0x99,0xD9,0x9C,0x00,0x00,0x00,0x00,0x00 ; COM CE10
    db 0x00,0x00,0x02,0xFA,0xFF,0xFF,0xFE,0xFF,0xFF,0xFF,0xFF,0xFB,0xE0,0x0C,0xFF,0xC0 ; COM CE20
    db 0x00,0x00,0x00,0xFF,0xFC,0x00,0x00,0xCB,0x3F,0xFE,0xCE,0xC8,0x80,0x00,0x00,0x00 ; COM CE30
    db 0x88,0x23,0xFF,0x80,0x02,0x22,0x22,0x22,0x22,0x22,0x22,0x22,0x08,0x22,0x08,0x88 ; COM CE40
    db 0x88,0x20,0x82,0x08,0x20,0x82,0x22,0x20,0x00,0x00,0x00,0x00,0x00,0x00,0x00,0x00 ; COM CE50
    db 0x7F,0xDF,0x37,0x3D,0xC7,0x73,0xCC,0x8C,0x82,0x22,0xE6,0x00,0x00,0x00,0x00,0x00 ; COM CE60
    db 0x00,0x00,0x00,0xAA,0xBA,0xAA,0xA1,0xAF,0xFE,0xFB,0xBB,0xFE,0xAE,0xEF,0xBA,0x00 ; COM CE70
    db 0x00,0x0F,0xF0,0x00,0xBF,0xB8,0x03,0x3B,0xB3,0xFC,0x00,0x00,0x0C,0xCF,0xFF,0xFF ; COM CE80
    db 0xCC,0x03,0xFC,0x00,0x08,0x20,0x88,0x88,0x88,0x20,0x88,0x82,0x22,0x20,0x80,0x00 ; COM CE90
    db 0x00,0x00,0x00,0x00,0x00,0x00,0x00,0x00,0x00,0x00,0x00,0x00,0x00,0x00,0x00,0x00 ; COM CEA0
    db 0x63,0x20,0xCB,0x30,0x03,0x20,0x9F,0xCC,0xCC,0xCD,0xDC,0xC0,0x00,0x00,0x00,0x00 ; COM CEB0
    db 0x00,0x00,0x00,0xAA,0xAA,0xA0,0x0B,0xFF,0xFB,0xFB,0xFE,0x9A,0xFF,0xF8,0x00,0x0F ; COM CEC0
    db 0x00,0x0F,0xFC,0x00,0x03,0x00,0x00,0xFF,0xCC,0xCF,0xEA,0xAB,0xA6,0xFF,0xDC,0x00 ; COM CED0
    db 0x30,0xFF,0x03,0x95,0x80,0x08,0x20,0x20,0x80,0x80,0x00,0x00,0x00,0x00,0x80,0x00 ; COM CEE0
    db 0x00,0x00,0x00,0x00,0x00,0x00,0x00,0x00,0x00,0x02,0x08,0x20,0x00,0x80,0x80,0x00 ; COM CEF0
    db 0x66,0x66,0xD9,0x99,0x96,0x66,0x92,0x18,0x64,0x89,0x92,0x98,0x00,0x00,0x00,0x00 ; COM CF00
    db 0x00,0x00,0x00,0xBF,0xEC,0xE0,0x3F,0xFF,0xFF,0xFF,0xFF,0xFC,0xBC,0xC0,0xFF,0xEF ; COM CF10
    db 0xFC,0x8F,0xFF,0x00,0x00,0x00,0x00,0x3F,0xFF,0xFA,0x00,0x00,0x00,0x07,0x80,0x00 ; COM CF20
    db 0xAE,0xE2,0xF8,0x00,0x00,0x00,0x20,0x08,0x00,0x00,0x00,0x00,0x00,0x00,0x30,0x88 ; COM CF30
    db 0x32,0x30,0x83,0x22,0x08,0xC8,0x88,0x83,0x00,0x08,0x00,0x00,0x08,0x00,0x00,0x08 ; COM CF40
    db 0xDD,0xF3,0x13,0xDD,0xCD,0x9F,0xCC,0x33,0x20,0xC0,0x27,0xCF,0xC0,0x00,0x00,0x00 ; COM CF50
    db 0x00,0x00,0x00,0xAE,0xAA,0x20,0xFF,0xEA,0xFF,0xFF,0xEE,0xBB,0xC0,0x30,0x00,0x33 ; COM CF60
    db 0x00,0x0C,0xCC,0x0F,0xBB,0xEF,0xEE,0xF0,0x00,0x03,0xFF,0xE6,0x66,0x40,0x00,0xFA ; COM CF70
    db 0x6F,0xFF,0x03,0x66,0x80,0x00,0x00,0x00,0x00,0x00,0x00,0x00,0x00,0x00,0x00,0x00 ; COM CF80
    db 0x00,0x00,0x00,0x00,0x00,0x00,0x00,0x00,0x00,0x80,0x00,0x00,0x00,0x00,0x00,0x00 ; COM CF90
    db 0x6C,0x8C,0x24,0x92,0x08,0x21,0x00,0x00,0x00,0x00,0x00,0x00,0x00,0x00,0x00,0x00 ; COM CFA0
    db 0x00,0x00,0x00,0xAA,0xAA,0x8A,0xFE,0xA6,0xBB,0xAA,0xBB,0xAE,0xAB,0xB8,0x08,0x80 ; COM CFB0
    db 0x8E,0xBA,0xE2,0xAA,0x22,0x22,0x20,0x2F,0xEF,0xFF,0xA0,0x80,0x02,0x32,0x22,0xB2 ; COM CFC0
    db 0x00,0x0B,0xFC,0x00,0x08,0x8A,0x22,0x22,0x28,0x88,0x88,0x88,0x88,0x88,0x88,0x20 ; COM CFD0
    db 0x88,0x88,0x82,0x08,0x20,0x82,0x08,0x20,0x80,0x00,0x00,0x20,0x00,0x00,0x20,0x00 ; COM CFE0
    db 0x64,0x99,0x99,0x99,0x89,0x99,0x80,0x00,0x00,0x00,0x00,0x00,0x00,0x00,0x00,0x00 ; COM CFF0
    db 0x00,0x00,0x00,0xBF,0xFE,0x22,0xEE,0xEC,0xBF,0xFF,0xFF,0xBF,0xFB,0x2C,0xA2,0x20 ; COM D000
    db 0x20,0x20,0x88,0x22,0x22,0x88,0x80,0x3B,0xFF,0xFF,0xF0,0x00,0xEC,0xE3,0xFF,0xFF ; COM D010
    db 0xFF,0x0F,0xFC,0x00,0x00,0x00,0x00,0x00,0x00,0x00,0x00,0x00,0x00,0x00,0x00,0x00 ; COM D020
    db 0x80,0x00,0x00,0x80,0x80,0x00,0x00,0x00,0x00,0x00,0x08,0x00,0x00,0x02,0x00,0x00 ; COM D030
    db 0x26,0x67,0x31,0x8C,0x6E,0x66,0x70,0x00,0xCC,0xC0,0x0C,0xB0,0xCC,0xC0,0x00,0x00 ; COM D040
    db 0x00,0x00,0x00,0x33,0xFE,0x03,0xF0,0x00,0x0F,0xFF,0xFF,0xFF,0xC8,0xBB,0xB8,0xAA ; COM D050
    db 0xA2,0x28,0x22,0x80,0x0A,0x28,0x80,0xAE,0xFF,0xFF,0xFC,0x00,0x00,0xCF,0xFF,0xFF ; COM D060
    db 0xFF,0xC3,0xFC,0x00,0x08,0x20,0x88,0x88,0x88,0x88,0x88,0x82,0x08,0x88,0x80,0x00 ; COM D070
    db 0x00,0x00,0x00,0x00,0x00,0x00,0x00,0x00,0x00,0x00,0x00,0x00,0x80,0x00,0x00,0x00 ; COM D080
    db 0x33,0x37,0x37,0x33,0x7C,0xCF,0x00,0x00,0x00,0x00,0x00,0x00,0x00,0x00,0x00,0x00 ; COM D090
    db 0x00,0x00,0x00,0x00,0x3F,0x00,0x00,0x00,0x00,0xFF,0xFF,0x30,0x0E,0xAA,0xEF,0xB3 ; COM D0A0
    db 0xB3,0x88,0x22,0x20,0xA6,0x88,0x8A,0xAB,0xBF,0xFF,0xF0,0xC0,0x30,0x00,0x3F,0xFF ; COM D0B0
    db 0xEF,0xFF,0xFC,0x00,0x20,0x88,0x20,0x88,0x82,0x08,0x82,0x08,0x88,0x08,0x80,0x00 ; COM D0C0
    db 0x00,0x00,0x00,0x00,0x00,0x00,0x00,0x00,0x02,0x08,0x82,0x22,0x20,0x8C,0x20,0x20 ; COM D0D0
    db 0x0C,0x86,0x22,0x01,0x20,0x22,0x20,0x08,0x22,0x02,0x02,0x22,0x26,0x22,0x00,0x00 ; COM D0E0
    db 0x26,0x66,0x66,0x63,0xAC,0x00,0xFF,0xFF,0xF3,0xC0,0x0D,0xCF,0xEA,0xAE,0xBB,0xBA ; COM D0F0
    db 0xAA,0xAA,0xAA,0xAA,0xAA,0xAA,0xAA,0xAB,0x3F,0xFF,0xF3,0x30,0x03,0x0C,0x33,0x00 ; COM D100
    db 0x0F,0xFF,0xF0,0x00,0x00,0x00,0x00,0x00,0x00,0x00,0x00,0x00,0x00,0x00,0x22,0x28 ; COM D110
    db 0xA2,0x88,0x88,0x88,0x88,0x88,0x88,0x88,0x80,0x00,0x00,0x00,0x08,0x00,0x80,0x00 ; COM D120
    db 0x46,0x24,0x99,0x99,0x99,0x89,0x80,0x00,0x00,0x00,0x00,0x00,0x00,0x00,0x00,0x00 ; COM D130
    db 0x00,0x00,0x00,0x0A,0xA2,0xBF,0xBA,0x82,0x22,0xAE,0xAA,0xAA,0x9A,0x22,0xE2,0xCE ; COM D140
    db 0xFB,0x33,0x0C,0x98,0x98,0x20,0xB8,0xE3,0x3F,0xFF,0xFC,0xCF,0xC0,0x03,0x3F,0x3C ; COM D150
    db 0xFF,0xFF,0xF0,0x00,0x00,0x00,0xC0,0xC0,0xC0,0x00,0x00,0x00,0x00,0x02,0x22,0x20 ; COM D160
    db 0x8C,0x22,0x22,0x22,0x08,0x22,0x22,0x08,0x80,0x00,0x00,0x00,0x00,0x00,0x00,0x00 ; COM D170
    db 0x37,0x33,0x3C,0x73,0x9C,0x9C,0xC0,0x80,0x00,0x00,0x80,0x24,0x03,0x00,0x30,0x00 ; COM D180
    db 0x00,0x00,0x00,0x03,0xFE,0xBF,0xFE,0x2B,0xFF,0xFF,0xFF,0xFF,0xE2,0x22,0x2B,0xBB ; COM D190
    db 0x8C,0xE3,0x32,0x22,0x22,0x02,0x22,0x2E,0x3F,0xFF,0xFF,0x0F,0xFF,0xCC,0x00,0x3F ; COM D1A0
    db 0xFF,0xFF,0xF0,0x00,0x00,0x00,0x00,0x00,0x00,0x00,0x00,0x00,0x00,0x00,0x00,0x00 ; COM D1B0
    db 0x00,0x00,0x00,0x00,0x00,0x00,0x00,0x00,0x00,0x00,0x00,0x00,0x00,0x00,0x00,0x00 ; COM D1C0
    db 0x04,0x88,0x02,0x20,0x21,0x02,0x00,0x00,0x00,0x00,0x00,0x00,0x00,0x00,0x00,0x00 ; COM D1D0
    db 0x29,0xA9,0xAE,0xA7,0x03,0xFA,0xAB,0xFF,0xFF,0xFE,0xFB,0xFF,0x98,0x08,0xAA,0xAA ; COM D1E0
    db 0xE3,0xAE,0x28,0x88,0x82,0x22,0x23,0xBB,0x2E,0xEF,0xEE,0xAA,0xEE,0xEE,0xBA,0xEB ; COM D1F0
    db 0xAB,0xAE,0xF8,0x00,0x08,0x88,0x88,0x88,0x88,0x88,0x88,0x88,0x88,0x88,0x80,0x00 ; COM D200
    db 0x00,0x00,0x00,0x00,0x00,0x00,0x00,0x00,0x00,0x02,0x00,0x00,0x00,0x00,0x00,0x00 ; COM D210
    db 0x26,0x26,0x66,0x26,0x64,0x99,0x80,0x00,0x08,0x08,0x02,0x00,0x20,0x00,0x0C,0x80 ; COM D220
    db 0x00,0x00,0x00,0x00,0x0F,0xC0,0x00,0x20,0x00,0x00,0x08,0x80,0x22,0x02,0x26,0xBB ; COM D230
    db 0xBB,0x8A,0xE2,0x08,0x89,0xA2,0x6C,0xB0,0x2F,0xBE,0xFE,0xEE,0xEE,0xEE,0xEE,0xEE ; COM D240
    db 0xEE,0xEA,0xE8,0x00,0x00,0x00,0x00,0x00,0x00,0x00,0x00,0x00,0x00,0x00,0x00,0x00 ; COM D250
    db 0x00,0x00,0x00,0x00,0x00,0x00,0x00,0x00,0x03,0x23,0x00,0x0C,0x00,0x03,0x20,0x30 ; COM D260
    db 0x19,0x9B,0x24,0x9B,0x26,0x49,0x80,0x00,0x00,0x00,0x00,0x00,0x00,0x00,0x00,0x00 ; COM D270
    db 0x00,0x00,0x00,0x00,0x0F,0xFC,0xFF,0xC0,0x00,0x00,0x00,0x00,0x20,0x22,0x28,0xBA ; COM D280
    db 0xAA,0xAE,0x2E,0xC8,0x00,0x00,0x8B,0xBB,0xC0,0x00,0x00,0x3F,0xCC,0xCC,0x33,0x30 ; COM D290
    db 0x33,0x3F,0x0E,0x6A,0x80,0x00,0x00,0x00,0x00,0x00,0x00,0x00,0x00,0x00,0x00,0x00 ; COM D2A0
    db 0x00,0x00,0x00,0x00,0x00,0x00,0x00,0x00,0x08,0x20,0x8C,0x88,0x8B,0x22,0x08,0x88 ; COM D2B0
    db 0x8C,0x98,0x66,0x66,0x6C,0x61,0x90,0x00,0x80,0x00,0x20,0x00,0x08,0x82,0x28,0x00 ; COM D2C0
    db 0x00,0x00,0x00,0x00,0x00,0xFF,0xFF,0xC0,0x00,0x00,0x00,0x00,0x22,0x22,0x8A,0x8A ; COM D2D0
    db 0x6E,0x6A,0xA8,0xA0,0x00,0x88,0x22,0xAB,0xBF,0xFF,0xFF,0x03,0xFF,0xFF,0xFF,0xFF ; COM D2E0
    db 0xCF,0x33,0xF0,0x00,0x00,0x00,0x00,0x00,0x00,0x00,0x00,0x00,0x00,0x00,0x00,0x00 ; COM D2F0
    db 0x00,0x00,0x00,0x00,0x00,0x00,0x00,0x00,0x00,0x20,0x82,0x00,0x00,0x00,0x00,0x00 ; COM D300
    db 0x27,0x26,0x66,0x32,0x4C,0x99,0x80,0x00,0x00,0x00,0x00,0x00,0x00,0x00,0x00,0x00 ; COM D310
    db 0x00,0x00,0x00,0x00,0x00,0x2F,0xFF,0xE0,0xB8,0x00,0x00,0x00,0x82,0x22,0x28,0x88 ; COM D320
    db 0xA2,0xAB,0x22,0x00,0x03,0xBE,0x22,0x3A,0x80,0x00,0x00,0xFF,0x30,0x00,0x03,0x33 ; COM D330
    db 0xFF,0xFF,0x26,0x66,0x88,0xA2,0x22,0x88,0x88,0x88,0x88,0x88,0x88,0x88,0x88,0x88 ; COM D340
    db 0xA2,0x88,0x88,0x88,0x88,0x88,0x88,0x88,0x80,0x00,0x00,0x00,0x00,0x00,0x00,0x00 ; COM D350
    db 0x66,0x61,0x8C,0x99,0x99,0x31,0x88,0x00,0x00,0x02,0x00,0x20,0x00,0x08,0x00,0x00 ; COM D360
    db 0x00,0x00,0x00,0x00,0x00,0x00,0xAA,0x00,0x28,0x00,0x00,0x08,0x80,0x82,0x22,0x28 ; COM D370
    db 0x89,0x88,0xA0,0x00,0x2E,0xEE,0xE2,0x3A,0xFF,0xFF,0xFF,0xFC,0x2F,0xFF,0xFF,0xFF ; COM D380
    db 0xFF,0x03,0xC0,0x00,0x00,0x00,0x00,0x00,0x00,0x00,0x00,0x00,0x00,0x00,0x22,0x22 ; COM D390
    db 0x08,0x22,0x22,0x22,0x22,0x22,0x22,0x08,0x80,0x00,0x00,0x00,0x00,0x00,0x00,0x00 ; COM D3A0
    db 0x33,0x26,0x69,0x92,0xC9,0x92,0x00,0x00,0x00,0x00,0x00,0x00,0x00,0x00,0x00,0x00 ; COM D3B0
    db 0x00,0x00,0x00,0x00,0x00,0x00,0x00,0x00,0x3E,0x20,0x00,0x00,0x00,0x08,0x22,0x22 ; COM D3C0
    db 0x8A,0xA8,0x00,0x00,0x0A,0xAE,0xEA,0xAA,0xFF,0xFF,0xFF,0xFC,0x03,0xFF,0xFF,0xFF ; COM D3D0
    db 0x30,0x0C,0x00,0x00,0x20,0x88,0x88,0x88,0x88,0x88,0x88,0x88,0x20,0x20,0x82,0x0C ; COM D3E0
    db 0x8C,0x83,0x08,0x20,0x82,0x08,0x20,0x88,0x88,0xC8,0x88,0x80,0xC0,0x8C,0x08,0x08 ; COM D3F0
    db 0x66,0x4C,0x86,0x24,0x66,0x49,0x80,0x00,0x00,0x00,0x00,0x00,0x00,0x00,0x00,0x00 ; COM D400
    db 0x00,0x00,0x00,0x00,0x00,0x00,0x00,0x00,0x0C,0x00,0x00,0x00,0x3C,0xCF,0x33,0x33 ; COM D410
    db 0x33,0x3A,0x6A,0xCE,0xCC,0xF0,0x00,0x00,0x3B,0xBB,0xFB,0xBE,0x8A,0xAA,0xEA,0xBA ; COM D420
    db 0xEB,0xBB,0x00,0x00,0x03,0x22,0x22,0x32,0x22,0x20,0x88,0x82,0x22,0x22,0x00,0x00 ; COM D430
    db 0x00,0x00,0x00,0x00,0x00,0x00,0x00,0x00,0x08,0x88,0x8C,0x88,0x88,0x82,0x30,0x8C ; COM D440
    db 0x26,0x66,0x48,0x66,0x61,0x86,0x62,0x20,0x02,0x00,0x00,0x80,0x02,0x12,0x08,0x22 ; COM D450
    db 0x00,0x00,0x00,0x00,0x00,0x00,0x00,0x00,0x3E,0x00,0x00,0x20,0x33,0xFC,0xCC,0x33 ; COM D460
    db 0x32,0xA6,0xF3,0x00,0xEA,0xAB,0xFF,0xFC,0x2A,0xEE,0xEE,0xA9,0xA0,0x2A,0xA9,0xAA ; COM D470
    db 0xAA,0xAA,0x00,0x00,0x22,0x02,0x08,0x00,0x08,0x20,0x80,0x08,0x00,0x20,0x80,0x82 ; COM D480
    db 0x08,0x00,0x00,0x08,0x08,0x20,0x20,0x00,0x80,0x80,0x80,0x80,0x00,0x20,0x00,0x00 ; COM D490
    db 0x98,0xC8,0x8C,0x61,0x8C,0x93,0x00,0x00,0x00,0x00,0x00,0x00,0x00,0x00,0x00,0x00 ; COM D4A0
    db 0x00,0x00,0x00,0x00,0x00,0x00,0x00,0x00,0x2C,0x20,0x00,0x00,0x28,0x8A,0x28,0xAA ; COM D4B0
    db 0xA8,0x02,0xAE,0xEE,0xA0,0x00,0x00,0x22,0xAA,0xAA,0xAA,0x2A,0xE8,0x8A,0xAA,0xA9 ; COM D4C0
    db 0xBA,0x6E,0x00,0x00,0x00,0x00,0x00,0x00,0x00,0x00,0x00,0x00,0x00,0x00,0x22,0x22 ; COM D4D0
    db 0x20,0xA2,0xA2,0x22,0x22,0x22,0x22,0x28,0x80,0x00,0x00,0x00,0x00,0x00,0x00,0x00 ; COM D4E0
    db 0xC6,0x62,0x64,0x92,0x19,0x86,0x00,0x00,0x00,0x00,0x00,0x00,0x00,0x00,0x00,0x00 ; COM D4F0
    db 0x00,0x00,0x00,0x00,0x00,0x00,0x00,0x00,0x0C,0x00,0x20,0x00,0x02,0x20,0x8A,0x88 ; COM D500
    db 0x80,0xAA,0xAB,0xAA,0x88,0x00,0x00,0x00,0x00,0x02,0x38,0xFF,0xFF,0x03,0xFF,0xFF ; COM D510
    db 0xFF,0xFF,0x00,0x00,0x00,0x00,0x00,0x00,0x00,0x00,0x00,0x00,0x00,0x00,0x0C,0x88 ; COM D520
    db 0x32,0x32,0x02,0x22,0x20,0x20,0x22,0x20,0x80,0x00,0x00,0x00,0x00,0x00,0x00,0x00 ; COM D530
    db 0x88,0x92,0x86,0x62,0x92,0x12,0x40,0x00,0x00,0x00,0x00,0x00,0x00,0x00,0x00,0x00 ; COM D540
    db 0x00,0x00,0x00,0x00,0x00,0x00,0x00,0x00,0x22,0x00,0x00,0x00,0x33,0xCF,0xFF,0xFF ; COM D550
    db 0xFF,0xFF,0xFF,0xFF,0xFF,0x30,0x00,0x00,0x00,0x00,0x0F,0xFF,0xFF,0x80,0x3F,0xFF ; COM D560
    db 0x33,0xFC,0x00,0x00,0x00,0x00,0x00,0x00,0x00,0x00,0x00,0x00,0x00,0x00,0x00,0x00 ; COM D570
    db 0x00,0x00,0x00,0x00,0x00,0x00,0x00,0x00,0x30,0x22,0x30,0x20,0x22,0x20,0x8C,0x0C ; COM D580
    db 0x18,0x84,0x98,0xC8,0x89,0x99,0x80,0x00,0x00,0x00,0x00,0x00,0x00,0x00,0x00,0x00 ; COM D590
    db 0x00,0x00,0x00,0x00,0x00,0x00,0x00,0x00,0x00,0x00,0x00,0x00,0x3B,0xBF,0xEF,0xFC ; COM D5A0
    db 0xCC,0xCB,0xC0,0x00,0x0F,0x3E,0xEA,0xAE,0x80,0x00,0x03,0x3F,0xFF,0xC0,0x00,0x03 ; COM D5B0
    db 0x0C,0xC0,0x00,0x00,0x22,0x22,0x22,0x22,0x22,0x22,0x20,0x82,0x22,0x22,0x20,0x00 ; COM D5C0
    db 0x20,0x02,0x08,0x08,0x02,0x00,0x00,0x00,0x82,0x30,0x82,0x32,0x32,0x08,0x20,0x88 ; COM D5D0
    db 0x49,0x12,0x32,0xC6,0x99,0x8C,0x80,0x00,0x00,0x02,0x00,0x02,0x00,0x00,0x00,0x00 ; COM D5E0
    db 0x02,0x00,0x00,0x00,0x00,0x00,0x00,0x01,0x2E,0x69,0x8C,0x8E,0x00,0x08,0x88,0x88 ; COM D5F0
    db 0x8E,0x28,0xA2,0x09,0x88,0x8A,0x20,0x00,0x03,0xBF,0xFF,0xFF,0xFF,0xFF,0xBF,0xFF ; COM D600
    db 0xFF,0xFC,0x00,0x00,0x00,0x00,0x00,0x00,0x00,0x00,0x00,0x00,0x00,0x00,0x08,0x82 ; COM D610
    db 0x22,0x22,0x22,0x22,0x22,0x22,0x8A,0x28,0x80,0x08,0x08,0x00,0x00,0x20,0x00,0x00 ; COM D620
    db 0x18,0x48,0x66,0x26,0x21,0x21,0x00,0x00,0x00,0x00,0x00,0x00,0x00,0x00,0x00,0x20 ; COM D630
    db 0x80,0x00,0x00,0x00,0x00,0x00,0x00,0x03,0x33,0x33,0xCC,0xCC,0x00,0x00,0x00,0x00 ; COM D640
    db 0x8A,0x62,0x09,0x88,0xA2,0x20,0x02,0x00,0x08,0x98,0x9A,0xAE,0xAA,0xA6,0x2A,0xAA ; COM D650
    db 0x9A,0xE0,0x00,0x00,0x00,0x00,0x00,0x00,0x00,0x00,0x00,0x00,0x00,0x00,0x20,0xC8 ; COM D660
    db 0x88,0xC2,0x0C,0x22,0x08,0x08,0x20,0x82,0x00,0x00,0x00,0x00,0x00,0x00,0x00,0x00 ; COM D670
    db 0x49,0x26,0x12,0x18,0x48,0x61,0x80,0x00,0x00,0x00,0x00,0x00,0x00,0x00,0x00,0x00 ; COM D680
    db 0x02,0x00,0x00,0x88,0x88,0x88,0x88,0x00,0x00,0x00,0x00,0x00,0x82,0x8B,0xCF,0x88 ; COM D690
    db 0xC3,0x0C,0xCC,0xCC,0xCC,0xC3,0x0C,0x00,0x2F,0xFF,0xFF,0xFF,0xFF,0xFF,0xFF,0xFF ; COM D6A0
    db 0xFF,0xF0,0x00,0x00,0x00,0x00,0x00,0x00,0x00,0x00,0x00,0x00,0x00,0x00,0x00,0x00 ; COM D6B0
    db 0x00,0x00,0x00,0x00,0x00,0x00,0x00,0x00,0x00,0x00,0x00,0x00,0x00,0x00,0x00,0x00 ; COM D6C0
    db 0x61,0x21,0x86,0x58,0x48,0xC6,0x00,0x00,0x00,0x00,0x00,0x00,0x00,0x00,0x00,0x00 ; COM D6D0
    db 0x00,0x00,0x00,0x00,0x00,0x00,0x00,0x08,0x98,0xA4,0x98,0xCB,0x20,0xEF,0xFF,0xEA ; COM D6E0
    db 0x00,0x00,0x00,0x23,0xBB,0xFF,0xFF,0xFF,0xFF,0xCC,0xCC,0x00,0x00,0x00,0xFF,0xFF ; COM D6F0
    db 0xFF,0x39,0x9A,0x6A,0x80,0x08,0x00,0x20,0x02,0x00,0x0C,0x00,0x00,0x00,0x82,0x02 ; COM D700
    db 0x08,0x20,0x20,0x80,0x00,0x00,0x20,0x20,0x88,0x22,0x08,0x00,0x32,0x22,0x20,0x0C ; COM D710
    db 0x84,0x88,0x66,0x12,0x48,0x92,0x00,0x00,0x00,0x00,0x00,0x00,0x00,0x00,0x00,0x00 ; COM D720
    db 0x00,0x00,0x00,0x00,0x00,0x00,0x00,0x00,0xCC,0x33,0x23,0x3C,0xC8,0xAF,0xFF,0xFF ; COM D730
    db 0xEE,0x88,0xB2,0x20,0x02,0x2C,0xEB,0xBB,0xFC,0xFF,0xFF,0xFB,0xBF,0xFF,0xFF,0xFF ; COM D740
    db 0xFF,0xE0,0x00,0x00,0xC0,0x88,0x30,0x30,0x08,0x32,0x20,0xC0,0xC3,0x33,0x22,0x22 ; COM D750
    db 0x22,0x22,0x22,0x22,0x28,0x88,0x88,0x88,0x82,0x08,0x22,0x22,0x20,0xC2,0x08,0x88 ; COM D760
    db 0x21,0x22,0x60,0x93,0x21,0x84,0xB3,0x33,0x33,0x0C,0x83,0x22,0x00,0x00,0x00,0x00 ; COM D770
    db 0x00,0x00,0x82,0x22,0x22,0x22,0x08,0x80,0x00,0x00,0x00,0x00,0x3A,0x9A,0xC4,0xCC ; COM D780
    db 0xFF,0xCE,0x4C,0x00,0x3B,0xAA,0xAA,0xAA,0x88,0x88,0x8A,0x22,0x02,0xBF,0xFF,0xFF ; COM D790
    db 0xFF,0x00,0x00,0x00,0x02,0x00,0x08,0x80,0x00,0x80,0x08,0x08,0x88,0x80,0x02,0x32 ; COM D7A0
    db 0x20,0x82,0x08,0x88,0x82,0x22,0x08,0x20,0x88,0x00,0x20,0x02,0x02,0x08,0x20,0x20 ; COM D7B0
    db 0x86,0x24,0x86,0x12,0x46,0x18,0x48,0x00,0x00,0x00,0x00,0x00,0x00,0x00,0x00,0x00 ; COM D7C0
    db 0x00,0x00,0x00,0x00,0x00,0x00,0x22,0x02,0xEE,0x20,0x32,0x32,0x69,0x99,0xAF,0xCC ; COM D7D0
    db 0xFF,0xCE,0xAF,0xF3,0x00,0x00,0x0C,0xCC,0xAB,0xEF,0xBF,0xFF,0xE8,0xBF,0xFF,0xFB ; COM D7E0
    db 0xFC,0x00,0x00,0x00,0x00,0x00,0x00,0x00,0x00,0x00,0x00,0x00,0x00,0x00,0x00,0x00 ; COM D7F0
    db 0x00,0x00,0x00,0x00,0x00,0x00,0x00,0x00,0x00,0x00,0x00,0x00,0x00,0x00,0x00,0x00 ; COM D800
    db 0x62,0x48,0x20,0x8C,0x89,0x20,0x88,0x10,0x02,0x08,0x20,0x00,0x20,0x00,0x00,0x00 ; COM D810
    db 0x00,0x00,0x00,0x00,0x00,0x00,0x00,0x00,0xC0,0x00,0x00,0x00,0x26,0x66,0x6B,0xFC ; COM D820
    db 0xFF,0x30,0x3A,0xAE,0xFC,0xC0,0x00,0x00,0x2A,0xAA,0xAA,0xA8,0x88,0x08,0xAA,0xA0 ; COM D830
    db 0x80,0x00,0x00,0x00,0x00,0x00,0x00,0x00,0x00,0x00,0x00,0x00,0x00,0x00,0x00,0x00 ; COM D840
    db 0x00,0x00,0x00,0x00,0x00,0x00,0x00,0x00,0x00,0x00,0x00,0x00,0x00,0x00,0x00,0x00 ; COM D850
    db 0x33,0x38,0xCC,0xE3,0x23,0xC8,0xC8,0x00,0x88,0x00,0x00,0x00,0x00,0x00,0x00,0x00 ; COM D860
    db 0x00,0x00,0x00,0x00,0x26,0x66,0x42,0x02,0xEE,0x32,0x00,0x32,0x22,0x00,0x03,0xBF ; COM D870
    db 0xFE,0xBF,0xFF,0x20,0x8A,0xBF,0xFF,0xFF,0xFF,0xFF,0xFF,0xFF,0xFF,0xFF,0xFF,0xFF ; COM D880
    db 0xF0,0x00,0x02,0x22,0x00,0x00,0x00,0x00,0x00,0x00,0x00,0x00,0x00,0x00,0x00,0x00 ; COM D890
    db 0x00,0x00,0x00,0x00,0x00,0x00,0x00,0x00,0x00,0x00,0x00,0x00,0x00,0x00,0x00,0x00 ; COM D8A0
    db 0x12,0x0C,0x90,0x20,0x30,0x23,0x31,0x33,0x00,0x0C,0x30,0x30,0x03,0x0C,0x08,0x33 ; COM D8B0
    db 0x00,0x0D,0x80,0x00,0x76,0x40,0x00,0x08,0xEC,0xE0,0x80,0x0C,0x8F,0xA2,0xA8,0xFF ; COM D8C0
    db 0xFF,0xFE,0xFF,0xFE,0xA2,0x02,0x22,0x22,0x22,0x02,0x0C,0xFF,0xFF,0xFF,0xFF,0xF2 ; COM D8D0
    db 0x02,0x22,0x20,0x82,0x08,0x88,0x88,0x88,0x88,0x88,0x88,0x88,0x88,0x88,0x80,0x00 ; COM D8E0
    db 0x00,0x00,0x00,0x00,0x00,0x00,0x00,0x00,0x22,0x32,0x30,0x30,0x30,0x23,0x02,0x20 ; COM D8F0
    db 0xCC,0x43,0x03,0x30,0x03,0x20,0x00,0x00,0x20,0x80,0x00,0x00,0x80,0x20,0x00,0x20 ; COM D900
    db 0x00,0x0F,0x40,0x00,0x40,0x00,0x00,0x00,0x00,0x00,0x00,0x00,0x33,0xB0,0x8C,0xBB ; COM D910
    db 0xEE,0xEE,0xFF,0xFF,0xBB,0xCC,0x20,0x88,0xE3,0x2C,0xFB,0xFF,0xFF,0xFF,0x6B,0xF0 ; COM D920
    db 0x00,0x00,0x00,0x00,0x00,0x00,0x00,0x00,0x00,0x00,0x00,0x00,0x00,0x00,0x00,0x00 ; COM D930
    db 0x80,0x08,0x00,0x00,0x00,0x00,0x00,0x08,0x0C,0x22,0x08,0x88,0x88,0x88,0x32,0x0C ; COM D940
    db 0x08,0x00,0x00,0x80,0x00,0x10,0x08,0x00,0x00,0x00,0x00,0x20,0x00,0x00,0x00,0x00 ; COM D950
    db 0x00,0xFF,0xFD,0x82,0x0C,0x00,0x00,0x00,0x00,0x08,0xCE,0x00,0x08,0x88,0x8A,0x33 ; COM D960
    db 0x3F,0xFF,0x33,0x22,0x22,0xC8,0xC8,0xF3,0xC0,0x0E,0xCF,0xBE,0xEF,0xC0,0x0E,0x00 ; COM D970
    db 0x00,0x00,0x00,0x00,0x00,0x00,0x00,0x00,0x00,0x00,0x00,0x00,0x00,0x00,0x08,0x02 ; COM D980
    db 0x00,0x80,0x00,0x00,0x80,0x00,0x00,0x00,0x20,0x00,0x20,0x00,0x08,0x02,0x08,0x00 ; COM D990
    db 0x00,0x00,0x00,0x00,0x30,0x00,0x80,0x00,0x00,0x00,0x00,0x00,0x00,0x00,0x00,0x00 ; COM D9A0
    db 0x00,0x8F,0xFF,0x00,0x02,0x00,0x00,0x00,0x00,0x00,0x08,0x80,0x02,0x22,0x2A,0x30 ; COM D9B0
    db 0x0C,0xCC,0xF3,0xEE,0xAB,0x8C,0xCC,0xCF,0x3B,0xBB,0xBB,0xBB,0xFF,0x9B,0x98,0x00 ; COM D9C0
    db 0x00,0x00,0x00,0x00,0x00,0x00,0x00,0x00,0x00,0x00,0x00,0x00,0x00,0x00,0x08,0x00 ; COM D9D0
    db 0x02,0x00,0x00,0x00,0x82,0x00,0x80,0x00,0x80,0x00,0x00,0x00,0x00,0x00,0x00,0x00 ; COM D9E0
    db 0x00,0x00,0x00,0x00,0x00,0x00,0x00,0x82,0x00,0x08,0x02,0x02,0x00,0x00,0x80,0x00 ; COM D9F0
    db 0x00,0x07,0xFF,0x00,0x00,0x20,0x00,0x00,0x00,0x00,0x00,0x00,0x00,0x08,0x23,0xBF ; COM DA00
    db 0xFF,0xFF,0xFF,0xFF,0xFF,0xFF,0xFF,0xFF,0xCF,0x00,0x30,0x0F,0xFB,0xB0,0x33,0xF7 ; COM DA10
    db 0xFF,0x33,0x00,0x00,0x00,0x00,0x00,0x00,0x00,0x00,0x00,0x00,0x00,0x00,0x08,0x82 ; COM DA20
    db 0x00,0x8C,0x03,0x03,0x08,0x00,0x80,0x22,0x00,0x00,0x00,0x00,0x00,0x00,0x00,0x00 ; COM DA30
    db 0x00,0x08,0x00,0x00,0x00,0x00,0x20,0x80,0x08,0x00,0x00,0x00,0x00,0x00,0x00,0x00 ; COM DA40
    db 0x00,0x00,0x00,0x00,0x00,0x00,0x00,0x08,0x88,0x80,0x20,0x00,0x26,0x6A,0x9A,0xAF ; COM DA50
    db 0xEC,0xFC,0xF3,0xCC,0x00,0xC3,0x0C,0x00,0x00,0xCC,0x0C,0x03,0x0C,0xCC,0xFA,0xFF ; COM DA60
    db 0xFF,0xFF,0xFF,0xFF,0xC0,0x49,0x99,0x9A,0xAA,0xAA,0xAA,0xAA,0xAA,0xAA,0xC0,0x00 ; COM DA70
    db 0x08,0x20,0x00,0x00,0x08,0x00,0x00,0x02,0x00,0x00,0x00,0x00,0x00,0x00,0x00,0x00 ; COM DA80
    db 0x00,0x00,0x00,0x00,0x00,0x20,0x33,0x33,0x30,0xC8,0xCC,0xC0,0xC2,0x08,0x80,0x20 ; COM DA90
    db 0x08,0x11,0x33,0x3C,0x81,0x20,0x4B,0x20,0x00,0x00,0x00,0x00,0x00,0x00,0x00,0x02 ; COM DAA0
    db 0x22,0xA2,0xAA,0xAA,0xAA,0x9A,0xEA,0x9A,0xB3,0x33,0x30,0x30,0x30,0x0F,0xF0,0xE6 ; COM DAB0
    db 0xF9,0xEF,0xBE,0xFD,0xFF,0xFF,0xFF,0xE0,0x00,0x00,0x00,0x00,0x00,0x00,0x00,0x80 ; COM DAC0
    db 0x00,0x00,0x00,0x80,0x00,0x00,0x00,0x00,0x00,0x08,0x00,0x02,0x00,0x80,0x00,0x00 ; COM DAD0
    db 0x0C,0x83,0x08,0x30,0xC3,0x0C,0x80,0x00,0x00,0x00,0x00,0x00,0x00,0x00,0x00,0x00 ; COM DAE0
    db 0x00,0x00,0xCC,0x09,0xC0,0x00,0x00,0x00,0x00,0x00,0x00,0x00,0x00,0x00,0x00,0x22 ; COM DAF0
    db 0xBF,0xFF,0xFF,0xFF,0xFF,0xFF,0xFF,0xFF,0xFF,0xFC,0xFF,0xF3,0x00,0x3F,0x80,0x3F ; COM DB00
    db 0x3F,0xFF,0xF7,0xFF,0x6F,0x66,0xFB,0xFF,0xF0,0x00,0x00,0x00,0x00,0x00,0x08,0x83 ; COM DB10
    db 0x08,0xC2,0x03,0x03,0x23,0x00,0x20,0x0C,0x00,0x00,0x02,0x00,0x08,0x00,0x08,0x00 ; COM DB20
    db 0x20,0x00,0x00,0x00,0x02,0x00,0x00,0x00,0x00,0x00,0x00,0x00,0x00,0x08,0x00,0x00 ; COM DB30
    db 0x00,0x88,0x88,0xC8,0xB2,0x00,0x00,0x00,0x00,0x00,0x00,0x00,0x00,0x00,0x00,0x00 ; COM DB40
    db 0x00,0x00,0x00,0x00,0xC0,0xEF,0xF0,0x2F,0xFC,0xCC,0xCC,0xCF,0x00,0x30,0x00,0x80 ; COM DB50
    db 0x33,0x33,0xFF,0xFF,0xF7,0x0C,0xCC,0x33,0xFF,0xF3,0x00,0x00,0x00,0x00,0x00,0x02 ; COM DB60
    db 0x00,0x00,0x00,0x00,0x20,0x00,0x00,0x00,0x00,0x00,0x00,0x00,0x00,0x00,0x80,0x00 ; COM DB70
    db 0x00,0x00,0x00,0x02,0x00,0x00,0x00,0x00,0x00,0x00,0x00,0x00,0x00,0x00,0x00,0x00 ; COM DB80
    db 0x0C,0xC4,0xCC,0xCC,0xCC,0xF3,0x33,0x20,0x80,0x00,0x00,0x00,0x00,0x00,0x00,0x00 ; COM DB90
    db 0x08,0xCB,0x32,0x2E,0xFB,0xBB,0xEE,0xEE,0xFF,0xFF,0xFF,0xFF,0xF8,0x00,0x2B,0xEE ; COM DBA0
    db 0x6E,0xFB,0xBF,0xFF,0xE3,0x00,0x03,0x33,0x33,0xFF,0xFF,0x00,0x00,0x00,0x02,0x00 ; COM DBB0
    db 0x00,0x00,0x00,0x00,0x00,0x00,0x00,0x00,0x00,0x02,0x00,0x00,0x00,0x00,0x00,0x00 ; COM DBC0
    db 0xCC,0x00,0x02,0x08,0x00,0x00,0x02,0x00,0x00,0x00,0x00,0x00,0x00,0x00,0x00,0x80 ; COM DBD0
    db 0x08,0xC8,0x92,0x66,0x66,0x6E,0x62,0x08,0x00,0x00,0x00,0x00,0x00,0x00,0x00,0x00 ; COM DBE0
    db 0x00,0x88,0xAC,0x8C,0xBB,0xBB,0xBF,0xFF,0xCC,0x00,0x00,0x00,0x00,0x00,0x00,0xFC ; COM DBF0
    db 0x00,0x0F,0xD9,0xEF,0x30,0x08,0x00,0x83,0x80,0x33,0xCF,0xFF,0x00,0x00,0x00,0x00 ; COM DC00
    db 0x00,0x00,0x00,0x00,0x00,0x00,0x00,0x00,0x02,0x32,0x0C,0x0C,0x32,0x02,0x22,0x0C ; COM DC10
    db 0x20,0x20,0x20,0x80,0x00,0x08,0x00,0x00,0x00,0x00,0x00,0x00,0x00,0x00,0x00,0x66 ; COM DC20
    db 0x73,0x33,0x33,0xCC,0xC8,0xC0,0x30,0x00,0x00,0x00,0x00,0x00,0x00,0x00,0x00,0x00 ; COM DC30
    db 0x00,0x08,0xC8,0xC3,0x20,0xCE,0xFE,0xEE,0xF0,0x00,0x00,0x00,0x00,0x00,0x02,0xF3 ; COM DC40
    db 0xFC,0xC0,0xBF,0xB6,0xC0,0x00,0x03,0x00,0x0C,0x00,0xC3,0x0F,0xFF,0x00,0x22,0x22 ; COM DC50
    db 0x22,0x22,0x22,0x22,0x20,0x88,0x82,0x22,0x00,0x20,0x00,0x02,0x00,0x00,0x08,0x00 ; COM DC60
    db 0xC2,0x33,0x0C,0x03,0x23,0x00,0xC0,0x00,0x00,0x00,0x00,0x00,0x00,0x00,0x00,0x4A ; COM DC70
    db 0x40,0x08,0x00,0x00,0x00,0x00,0x00,0x00,0x00,0x00,0x00,0x00,0x00,0x02,0x00,0x00 ; COM DC80
    db 0x00,0x00,0x0C,0x8C,0xC3,0x3F,0xFF,0xFF,0xBB,0xFB,0xFF,0x80,0x00,0x00,0x02,0xFD ; COM DC90
    db 0xBF,0x99,0x9B,0x6E,0xC0,0xC8,0xC3,0x36,0x0C,0x37,0x03,0xCE,0x2F,0xC0,0x00,0x20 ; COM DCA0
    db 0x02,0x02,0x08,0x00,0x80,0x80,0x08,0x02,0x00,0x00,0x00,0x00,0x00,0x00,0x00,0x00 ; COM DCB0
    db 0x00,0x00,0x20,0x08,0x00,0x00,0x00,0x00,0x00,0x00,0x00,0x00,0x00,0x00,0x09,0x9A ; COM DCC0
    db 0x40,0x00,0x00,0x00,0x00,0x00,0x00,0x00,0x00,0x00,0x00,0x00,0x00,0x20,0x82,0x22 ; COM DCD0
    db 0x0C,0x00,0x02,0x33,0x32,0x02,0x33,0x33,0xE3,0x0C,0x80,0x00,0x00,0x00,0x03,0xBF ; COM DCE0
    db 0xE7,0xFE,0x6E,0xFD,0xC2,0x0B,0x03,0x0C,0x38,0xCC,0xD8,0x0B,0x30,0xFF,0x00,0x00 ; COM DCF0
    db 0x00,0x00,0x00,0x00,0x00,0x00,0x00,0x00,0x00,0x00,0x80,0x00,0x00,0x02,0x00,0x00 ; COM DD00
    db 0x00,0x00,0x00,0x00,0x00,0x00,0x00,0x00,0x00,0x00,0x08,0x00,0x00,0x00,0x08,0xCE ; COM DD10
    db 0x73,0xFC,0xFF,0x3F,0xF3,0x32,0x02,0x22,0x22,0x00,0x00,0x00,0x00,0x00,0x00,0x00 ; COM DD20
    db 0x00,0x00,0x00,0x00,0x00,0x01,0x23,0x2C,0xC0,0x00,0x00,0x00,0x00,0x00,0x08,0xDB ; COM DD30
    db 0xFD,0xBF,0xDC,0x9B,0xB0,0x00,0x0C,0x03,0x3C,0xC8,0x33,0x0C,0xCC,0xC3,0xF0,0x00 ; COM DD40
    db 0x00,0x00,0x00,0x00,0x00,0x00,0x00,0x00,0x00,0x08,0x00,0x00,0x00,0x08,0x00,0x00 ; COM DD50
    db 0x00,0x00,0x80,0x08,0x00,0x00,0x02,0x02,0x00,0x00,0x00,0x80,0x00,0x00,0xC9,0xCD ; COM DD60
    db 0xC0,0x80,0x20,0x80,0x00,0x00,0x00,0x00,0x00,0x00,0x00,0x00,0x04,0x84,0x00,0x00 ; COM DD70
    db 0x00,0x00,0x00,0x00,0x00,0x00,0x00,0x80,0x00,0x00,0x00,0x00,0x00,0x00,0x00,0x26 ; COM DD80
    db 0xFF,0xE6,0xFF,0x33,0xFC,0x80,0x02,0x03,0x33,0x0C,0x1B,0x78,0xCE,0xC4,0x80,0x66 ; COM DD90
    db 0x6A,0x9A,0xAA,0xAA,0xAA,0xAA,0x9A,0xAA,0x80,0x00,0x00,0x00,0x00,0x00,0x00,0x00 ; COM DDA0
    db 0x30,0x23,0x0C,0xC2,0x30,0x83,0x00,0x00,0x02,0x08,0x00,0x00,0x00,0x02,0x33,0x33 ; COM DDB0
    db 0x22,0x23,0x6F,0xC8,0x82,0x08,0x62,0x20,0x00,0x00,0x00,0x00,0x03,0x30,0xCC,0xC0 ; COM DDC0
    db 0x02,0x03,0x0C,0x00,0x80,0x08,0x0C,0x32,0x08,0x22,0x22,0x22,0x08,0x88,0xA2,0x00 ; COM DDD0
    db 0x00,0x00,0x03,0x00,0x0C,0xC2,0x00,0xC4,0x00,0xCC,0x03,0xB3,0x0E,0xCF,0x27,0xF0 ; COM DDE0
    db 0x00,0x20,0x00,0x00,0x00,0x00,0x00,0x00,0x00,0x00,0x00,0x08,0x00,0x00,0x00,0x00 ; COM DDF0
    db 0x00,0x00,0x20,0x00,0x00,0x00,0x00,0x30,0x80,0x00,0x00,0x80,0x30,0x0C,0xCC,0xCD ; COM DE00
    db 0xC3,0x00,0x00,0x00,0x00,0x00,0x00,0x00,0x00,0x00,0x00,0x00,0x04,0x02,0x10,0x33 ; COM DE10
    db 0x00,0x00,0xCC,0x02,0x00,0x82,0x20,0x20,0x80,0x00,0x08,0x08,0x00,0x20,0x2E,0x03 ; COM DE20
    db 0x7D,0xFD,0xF3,0xFF,0x00,0xEC,0x24,0xC0,0x00,0x20,0xE0,0x23,0x38,0xCC,0xD9,0xBC ; COM DE30
    db 0x00,0x00,0x00,0x00,0x00,0x00,0x00,0x00,0x03,0x03,0x02,0x30,0xC3,0x08,0xC2,0x0C ; COM DE40
    db 0x00,0x00,0x00,0x00,0x00,0x00,0x08,0x00,0x00,0x00,0x20,0x00,0x00,0x0D,0x33,0x33 ; COM DE50
    db 0x07,0x65,0x90,0x00,0x99,0x98,0x00,0x00,0x00,0x00,0x00,0x00,0x02,0x00,0x00,0x00 ; COM DE60
    db 0x00,0x00,0x00,0x00,0x00,0x00,0x00,0x00,0x02,0x30,0x02,0x08,0x20,0x02,0x08,0x00 ; COM DE70
    db 0xF6,0x79,0xE6,0x9B,0x80,0x0E,0x18,0x03,0x98,0x00,0x30,0x00,0xC2,0x4E,0xC0,0x3F ; COM DE80
    db 0x00,0x00,0x00,0x00,0x00,0x00,0x00,0x00,0x00,0x00,0x02,0x02,0x00,0x20,0x00,0x00 ; COM DE90
    db 0x20,0x08,0x00,0x00,0x00,0x00,0x00,0x00,0x00,0x00,0x00,0x00,0x00,0x33,0x26,0x66 ; COM DEA0
    db 0xC3,0x00,0x00,0x00,0x00,0x00,0x00,0x00,0x00,0x00,0x00,0x00,0x08,0x48,0x92,0x12 ; COM DEB0
    db 0x32,0x00,0x00,0x00,0x00,0x00,0x00,0x80,0x00,0x00,0x00,0x00,0x00,0x00,0x20,0x00 ; COM DEC0
    db 0x3F,0x9B,0xFF,0x99,0xC0,0x21,0xB0,0x0C,0x30,0x00,0x03,0x01,0x03,0x30,0x3B,0x31 ; COM DED0
    db 0xF8,0x00,0x00,0x00,0x00,0x00,0x00,0x00,0x00,0x00,0x00,0x00,0x00,0x00,0x00,0x00 ; COM DEE0
    db 0x00,0x80,0x00,0x20,0x20,0x00,0x00,0x00,0x00,0x00,0x00,0x00,0x01,0x99,0xA6,0x79 ; COM DEF0
    db 0xBB,0x22,0x22,0x23,0x22,0x22,0x22,0x00,0x00,0x00,0x00,0x00,0x00,0x00,0x00,0x00 ; COM DF00
    db 0x00,0x00,0x00,0x00,0x00,0x00,0x00,0x00,0x00,0x22,0x22,0x20,0x02,0x22,0xE2,0x00 ; COM DF10
    db 0x00,0x00,0x00,0x00,0x39,0xC0,0x30,0x09,0x84,0x08,0x03,0x00,0x08,0xF0,0x3F,0xFB ; COM DF20
    db 0xFE,0x00,0x00,0x00,0x00,0x00,0x00,0x00,0x20,0x30,0x08,0xC8,0xC0,0x88,0x30,0x08 ; COM DF30
    db 0x00,0x00,0x00,0x00,0x00,0x00,0x00,0x00,0x00,0x00,0x00,0x00,0x00,0x00,0x00,0x00 ; COM DF40
    db 0x00,0x00,0x00,0x00,0x00,0x00,0x00,0x00,0x00,0x00,0x00,0x00,0x00,0x00,0x00,0x00 ; COM DF50
    db 0x00,0x00,0x00,0x00,0x00,0x00,0x00,0x00,0x00,0x00,0x00,0x00,0x00,0x00,0x00,0x00 ; COM DF60
    db 0x00,0x00,0x00,0x00,0x00,0x00,0x00,0x00,0x00,0x00,0x00,0x00,0x00,0x00,0x00,0x00 ; COM DF70
    db 0x00,0x00,0x00,0x00,0x00,0x00,0x00,0x00,0x00,0x00,0x00,0x00,0x00,0x00,0x00,0x00 ; COM DF80
    db 0x00,0x00,0x00,0x00,0x00,0x00,0x00,0x00,0x00,0x00,0x00,0x00,0x00,0x00,0x00,0x00 ; COM DF90
    db 0x00,0x00,0x00,0x00,0x00,0x00,0x00,0x00,0x00,0x00,0x00,0x00,0x00,0x00,0x00,0x00 ; COM DFA0
    db 0x00,0x00,0x00,0x00,0x00,0x00,0x00,0x00,0x00,0x00,0x00,0x00,0x00,0x00,0x00,0x00 ; COM DFB0
    db 0x00,0x00,0x00,0x00,0x00,0x00,0x00,0x00,0x00,0x00,0x00,0x00,0x00,0x00,0x00,0x00 ; COM DFC0
    db 0x00,0x00,0x00,0x00,0x00,0x00,0x00,0x00,0x00,0x00,0x00,0x00,0x00,0x00,0x00,0x00 ; COM DFD0
    db 0x00,0x00,0x00,0x00,0x00,0x00,0x00,0x00,0x00,0x00,0x00,0x00,0x00,0x00,0x00,0x00 ; COM DFE0
    db 0x00,0x00,0x00,0x00,0x00,0x00,0x00,0x00,0x00,0x00,0x00,0x00,0x00,0x00,0x00,0x00 ; COM DFF0
